id_solicitud,fecha_solicitud,sucursal,tipo_credito,monto_solicitado,plazo_meses,ingresos_mensuales,antiguedad_laboral,nivel_educativo,estado_civil,numero_dependientes,tiene_otros_creditos,resultado
SOL-02907,2025-03-22,Bogota,Vehiculo,45700000,36,3350000,5,BACHILLER,casado,2,si,aprobado
SOL-02220,2024-04-21,Bucaramanga,Educacion,8000000,36,3270000,3,Tecnico,Union libre,2,No,Rechazado
SOL-02125,2024-04-13,barranquilla,Libre inversion,19600000,36,4270000,11,Profesional,Soltero,2,1,Rechazado
SOL-00604,02/07/2024,CARTAGENA,Libre inversion,20400000,36,4560000,6,Bachiller,Union libre,3,Si,rechazado
SOL-00563,2025-05-07,cartagena,Libre inversion,23800000,36,5.820.000,1,Posgrado,Divorciado,N/A,0,Aprobado
SOL-02269,04/12/2024,cali,Educacion,6800000,24,2650000,1,Tecnico,Union libre,N/A,No,Aprobado
SOL-01403,2025-04-29,Bucaramanga,Educacion,12600000,24,2040000,1,tecnico,Soltero,0,No,Aprobado
SOL-02068,2024-12-29,MEDELLIN,Vehiculo,36800000,24,4190000,6,Bachiller,Union libre,0,No,Aprobado
SOL-00733,15/11/2024,Bogotá D.C.,Vivienda,179200000,60,2350000,3,TECNICO,Soltero,2,No,Aprobado
SOL-00728,2025-03-04,medellin,Educacion,17300000,36,6200000,1,posgrado,divorciado,3,Si,aprobado
SOL-00771,2024-08-29,Cali,Educacion,4900000,36,$ 2500000,4,Profesional,SOLTERO,2,Si,En estudio
SOL-02206,2024-07-04,Bogota,Libre inversion,15100000,36,1890000,8,Tecnico,Soltero,0,No,Aprobado
SOL-00562,2025-02-17,Bogota,Vivienda,235400000,240,6350000,3,Tecnico,Soltero,1,No,En estudio
SOL-02166,27/10/2024,Medellin,Vivienda,206400000,120,5430000,1,Profesional,union libre,3,Si,en estudio
SOL-00415,11/08/2024,BOGOTA,Vivienda,139300000,120,13760000,9,Tecnico,Casado,2,Si,Rechazado
SOL-01797,2024-06-21,PEREIRA,Vivienda,164000000,120,10.980.000,15,PROFESIONAL,Soltero,1,Si,Rechazado
SOL-00641,2024-07-19,Medellin,Vehiculo,35700000,60,1970000,1,Tecnico,Union libre,0,Si,En estudio
SOL-02926,2025-02-01,Barranquilla,Educacion,16000000,36,2360000,4,Bachiller,Soltero,0,Si,Aprobado
SOL-01996,2024-05-06,MEDELLIN,Educacion,12500000,12,$4.780.000,3,Profesional,DIVORCIADO,1,no,aprobado
SOL-02697,2024-11-19,BOGOTA,Libre inversion,15900000,36,2900000,2,Posgrado,Casado,2,Si,Aprobado
SOL-02781,2025-05-13,Bogota,Educacion,6900000,36,2440000,1,Tecnico,divorciado,0,1,Aprobado
SOL-00588,2024-08-23,Barranquilla,Libre inversion,19400000,24,4030000,0,Profesional,Union libre,1,No,Rechazado
SOL-02398,2024-02-27,Bogotá D.C.,Educacion,3900000,12,3890000,7,Profesional,Soltero,2,No,APROBADO
SOL-02042,07/08/2024,Pereira,Vehiculo,52000000,24,5270000,3,Profesional,Union libre,1,No,EN ESTUDIO
SOL-00181,14/06/2024,Bucaramanga,Libre inversion,11700000,48,1920000,3,Prof.,Soltero,2,No,rechazado
SOL-02833,2024-01-10,Cartagena,Educacion,9100000,24,2460000,14,Tecnico,union libre,0,Si,Aprobado
SOL-01620,26/06/2025,Bogotá D.C.,Vivienda,127200000,180,$ 4560000,2,Tecnico,Casado,3,Si,Aprobado
SOL-01458,30/11/2024,Bogota,Educacion,16400000,12,8.200.000,4,Tecnico,Casado,0,Sí,Rechazado
SOL-02481,29/09/2024,CALI,Vehiculo,36700000,24,1800000,9,bachiller,Divorciado,2,NO,En estudio
SOL-00960,2025-04-04,Bogota,Educacion,4200000,36,3290000,2,Tecnico,Soltero,2,Si,Aprobado
SOL-00670,24/01/2025,Bogota,Vehiculo,51500000,24,5300000,0,PROFESIONAL,SOLTERO,3,SI,Rechazado
SOL-00225,2024-11-03,Bogotá,Libre inversion,14800000,12,2860000,3,Profesional,Casado,1,No,aprobado
SOL-02808,2024-02-15,Bogotá D.C.,Vivienda,203600000,120,1800000,4,TECNICO,Union libre,2,No,en estudio
SOL-02335,2025-04-27,Barranquilla,Libre inversion,17900000,36,5210000,1,Bachiller,union libre,0,0,Aprobado
SOL-02486,30/04/2025,bogota,Vivienda,134400000,180,6330000,1,Profesional,Soltero,0,No,Rechazado
SOL-01206,2024-10-04,Medellin,Vehiculo,42600000,60,1.800.000,1,Tecnico,Divorciado,1,No,Aprobado
SOL-00569,2024-03-18,Bogota,Vehiculo,24900000,36,3080000,1,Bachiller,Soltero,0,No,En estudio
SOL-00363,2024-04-08,medellin,Vivienda,129200000,60,$2.260.000,1,Bach.,Soltero,1,Si,RECHAZADO
SOL-02295,2024-07-22,Cali,Libre inversion,20800000,36,1800000,22,Bachiller,Soltero,N/A,No,rechazado
SOL-01529,31/10/2024,pereira,Libre inversion,19500000,48,$9.190.000,5,Posgrado,Unión libre,0,No,En estudio
SOL-00378,2024-12-28,cartagena,Vehiculo,38800000,24,11.050.000,5,Tecnico,Soltero,2,no,Aprobado
SOL-01369,2024-10-06,Bogota,Educacion,14400000,24,1800000,1,Bachiller,Soltero,,No,Aprobado
SOL-00848,15/03/2025,Bogota,Vehiculo,42100000,36,6110000,7,Bach.,DIVORCIADO,0,No,En estudio
SOL-01574,2025-03-27,Bogota,Vehiculo,44900000,60,$ 4610000,4,PROFESIONAL,DIVORCIADO,1,No,EN ESTUDIO
SOL-01364,27/09/2024,barranquilla,Vehiculo,29600000,36,2010000,1,Profesional,Union libre,2,No,Rechazado
SOL-01337,18/11/2024,Cali,Libre inversion,11000000,12,9790000,2,Profesional,UNION LIBRE,0,1,Aprobado
SOL-01707,15/04/2025,Bogota,Educacion,17300000,12,$ 3930000,5,Tecnico,Casado,0,No,Aprobado
SOL-01531,2024-11-25,Bucaramanga,Libre inversion,8500000,48,2980000,2,Bachiller,union libre,2,Si,Aprobado
SOL-01476,2025-01-03,Barranquilla,Vivienda,144500000,240,2390000,0,Posgrado,SOLTERO,0,Si,aprobado
SOL-01969,2024-01-07,Bogota,Libre inversion,8400000,24,3860000,1,profesional,union libre,2,0,En estudio
SOL-01203,2024-04-02,BOGOTA,Libre inversion,18500000,12,5820000,5,Profesional,Soltero,0,No,rechazado
SOL-00638,23/02/2024,Bogotá,Libre inversion,21700000,48,5220000,1,Tecnico,Casado,3,no,Aprobado
SOL-00808,2024-01-19,Bogotá D.C.,Libre inversion,17900000,36,3420000,5,Bachiller,Casado,1,Si,Aprobado
SOL-02985,27/09/2024,Medellin,Vehiculo,58300000,60,3810000,2,Técnico,Soltero,1,1,Rechazado
SOL-00837,2025-06-09,Cali,Vehiculo,34500000,48,2510000,1,Tecnico,soltero,2,Si,Aprobado
SOL-01521,09/03/2024,Medellin,Vehiculo,45700000,48,1800000,1,Prof.,Union libre,1,No,Rechazado
SOL-01135,2025-04-20,Bogota,Libre inversion,11200000,12,3200000,7,profesional,Casado,N/A,No,Aprobado
SOL-02732,2025-05-29,Bogota,Educacion,9700000,12,4720000,1,Tecnico,casado,2,SI,APROBADO
SOL-00276,05/04/2025,Bogotá D.C.,Libre inversion,17100000,24,$1.800.000,3,Tecnico,Casado,1,No,Rechazado
SOL-02971,2024-12-16,Bogotá,Vivienda,183700000,60,7480000,3,Profesional,Soltero,1,Si,Rechazado
SOL-00593,03/02/2024,Bucaramanga,Libre inversion,19300000,48,1800000,5,Postgrado,Casado,3,No,en estudio
SOL-00122,11/10/2024,Pereira,Vehiculo,48500000,36,1800000,1,Profesional,Divorciado,4,No,Rechazado
SOL-02490,15/05/2025,Medellin,Educacion,5600000,24,$ 3190000,1,Tecnico,Casado,0,No,Aprobado
SOL-02533,02/06/2025,CALI,Vehiculo,51000000,24,5380000,0,Posgrado,Casado,0,0,Aprobado
SOL-02681,02/08/2024,Bogota,Vivienda,114800000,120,3870000,8,Tecnico,Soltero,1,Si,Aprobado
SOL-00486,27/06/2025,Medellin,Vivienda,152100000,120,2160000,5,Bachiller,Union libre,0,No,Aprobado
SOL-01184,2024-11-20,Cartagena,Vehiculo,56100000,48,6530000,12,Tecnico,Unión libre,1,1,Aprobado
SOL-02855,15/04/2025,Cartagena,Educacion,13300000,36,4960000,7,Tecnico,SOLTERO,1,No,Aprobado
SOL-00770,2024-08-25,Barranquilla,Educacion,10100000,36,$ 13630000,4,Posgrado,Casado,1,0,Aprobado
SOL-01948,2024-01-11,BARRANQUILLA,Libre inversion,22300000,36,1800000,6,Bachiller,Soltero,0,Sí,Aprobado
SOL-01392,2025-04-04,Medellin,Educacion,14200000,12,3270000,5,Técnico,Casado,2,NO,En estudio
SOL-01722,2024-12-13,Medellin,Libre inversion,20100000,12,$4.310.000,22,Bachiller,SOLTERO,,Si,Rechazado
SOL-02218,2024-11-21,Cali,Libre inversion,16400000,48,1800000,1,Posgrado,casado,2,1,aprobado
SOL-00998,28/02/2024,Pereira,Vehiculo,20600000,60,$ 2260000,5,Posgrado,Soltero,1,Si,Aprobado
SOL-01041,2024-08-28,Bucaramanga,Vehiculo,48400000,60,5320000,3,Posgrado,Casado,1,1,Aprobado
SOL-02301,2025-03-07,Bucaramanga,Vehiculo,42200000,24,5460000,14,Tecnico,SOLTERO,0,No,Aprobado
SOL-01388,2024-08-21,PEREIRA,Vivienda,110600000,120,3370000,2,Posgrado,Casado,1,si,Rechazado
SOL-00413,18/10/2024,Barranquilla,Libre inversion,10500000,36,1800000,2,tecnico,soltero,2,1,En estudio
SOL-00524,2024-10-03,Bogota,Libre inversion,11200000,24,5270000,2,BACHILLER,Casado,3,Si,Aprobado
SOL-01194,27/02/2025,cartagena,Educacion,8300000,36,1860000,1,Profesional,Casado,0,No,Aprobado
SOL-02529,2024-11-12,Bogotá D.C.,Educacion,5000000,12,4060000,2,Bachiller,soltero,1,si,Aprobado
SOL-02238,02/10/2024,PEREIRA,Vehiculo,35100000,48,4640000,4,bachiller,Soltero,2,Si,Aprobado
SOL-00663,2025-03-14,Cali,Vivienda,203800000,60,2.040.000,14,Postgrado,Soltero,1,No,En estudio
SOL-00096,2024-04-13,BARRANQUILLA,Libre inversion,15400000,24,2180000,2,,Soltero,1,Si,aprobado
SOL-02475,30/03/2024,Medellin,Libre inversion,9500000,12,2530000,5,Tecnico,Casado,2,No,Aprobado
SOL-01399,21/05/2025,Bogota,Educacion,12900000,12,3480000,3,bachiller,Soltero,1,0,aprobado
SOL-02811,2024-11-21,Medellin,Vehiculo,42300000,24,3170000,10,Profesional,Union libre,2,Si,Rechazado
SOL-00469,19/12/2024,Bogota,Vehiculo,52100000,36,4600000,3,Tec.,Casado,2,Si,aprobado
SOL-02053,2024-06-17,Barranquilla,Vivienda,94500000,120,5140000,1,Posgrado,Soltero,0,Si,en estudio
SOL-00359,2025-05-17,medellin,Vehiculo,23100000,48,3970000,12,Profesional,Union libre,1,Si,aprobado
SOL-02332,28/05/2025,BARRANQUILLA,Libre inversion,10400000,24,7110000,2,Bachiller,Casado,3,No,Rechazado
SOL-01402,2024-07-28,Bogota,Vivienda,229400000,60,4920000,3,Posgrado,Casado,0,No,Rechazado
SOL-02507,2024-09-20,Medellin,Libre inversion,20000000,36,4080000,6,tecnico,CASADO,0,No,Rechazado
SOL-00126,2024-09-30,Cali,Libre inversion,14600000,48,1800000,1,profesional,Union libre,1,No,RECHAZADO
SOL-01912,2024-02-18,Medellin,Vehiculo,45600000,24,4470000,0,Postgrado,Union libre,,Si,Aprobado
SOL-02160,2024-03-21,Cartagena,Educacion,16400000,36,3600000,1,Profesional,Divorciado,1,No,Aprobado
SOL-01410,12/06/2024,Medellin,Vehiculo,51800000,48,3540000,2,Profesional,Union libre,1,NO,Aprobado
SOL-01581,2024-10-10,Bogota,Libre inversion,17900000,36,2080000,0,Profesional,Union libre,3,Si,Aprobado
SOL-02231,29/05/2025,Medellin,Libre inversion,10600000,36,4.220.000,1,Tecnico,SOLTERO,0,No,Rechazado
SOL-01560,2025-06-13,Pereira,Libre inversion,8800000,12,3620000,8,Tecnico,Soltero,0,No,En estudio
SOL-01963,2024-02-19,MEDELLIN,Libre inversion,15900000,48,$3.340.000,4,Profesional,Union libre,1,Si,Aprobado
SOL-00315,25/05/2024,MEDELLIN,Vivienda,209300000,240,$ 6300000,2,Profesional,Soltero,1,No,Aprobado
SOL-02521,26/10/2024,CALI,Libre inversion,12900000,36,1800000,13,Profesional,Soltero,3,No,Rechazado
SOL-01980,15/12/2024,Medellín,Libre inversion,15200000,36,$7.190.000,5,Profesional,Divorciado,1,Si,APROBADO
SOL-00972,2025-06-07,BARRANQUILLA,Libre inversion,24200000,12,3540000,2,Tecnico,Soltero,2,Si,Aprobado
SOL-00070,2024-07-07,Bogota,Libre inversion,14500000,24,6750000,7,Profesional,Soltero,1,no,En estudio
SOL-02800,18/03/2025,Bucaramanga,Libre inversion,14500000,12,7450000,2,Profesional,Soltero,0,Si,Rechazado
SOL-00514,2024-07-13,bogota,Libre inversion,24300000,24,1920000,1,Profesional,UNION LIBRE,2,No,En estudio
SOL-02957,2024-06-23,Barranquilla,Vehiculo,54300000,24,5.260.000,5,Profesional,Soltero,2,NO,En estudio
SOL-02057,2024-12-20,BOGOTA,Libre inversion,21700000,12,$2.710.000,2,Profesional,Casado,2,No,Rechazado
SOL-01446,2025-05-30,MEDELLIN,Vehiculo,25900000,36,1800000,2,Profesional,Union libre,1,Si,APROBADO
SOL-02815,07/01/2024,Cali,Vehiculo,53500000,60,2450000,N/A,POSGRADO,soltero,3,1,Aprobado
SOL-00427,2025-01-17,Cali,Vehiculo,34700000,48,$4.630.000,1,Posgrado,Union libre,0,SI,Rechazado
SOL-01197,2024-05-26,cali,Vehiculo,50200000,60,8.220.000,8,Tecnico,Union libre,3,No,rechazado
SOL-00457,24/03/2024,Medellín,Educacion,10500000,36,2580000,2,Prof.,Divorciado,3,No,APROBADO
SOL-01937,19/01/2025,Bogotá D.C.,Vehiculo,31400000,48,2440000,0,Posgrado,Unión libre,1,0,Rechazado
SOL-00740,26/04/2024,Cartagena,Vivienda,202100000,120,3390000,2,Tecnico,Soltero,0,No,Aprobado
SOL-00207,2024-03-14,CALI,Libre inversion,17800000,12,5430000,6,Posgrado,Soltero,1,1,Rechazado
SOL-02583,2024-10-02,bucaramanga,Libre inversion,16400000,24,3880000,2,Bach.,Soltero,1,Si,En estudio
SOL-01087,22/08/2024,Bogota,Vehiculo,47400000,60,3050000,11,Bachiller,Casado,3,No,Aprobado
SOL-00846,2024-12-01,Medellin,Libre inversion,23400000,24,4360000,2,posgrado,Casado,4,No,rechazado
SOL-00986,2025-02-18,Bogota,Libre inversion,11100000,12,1800000,4,Posgrado,union libre,,0,Aprobado
SOL-02191,08/09/2024,Bucaramanga,Libre inversion,14700000,12,5120000,6,Posgrado,casado,3,1,En estudio
SOL-01771,2025-04-30,Cali,Educacion,15300000,36,4000000,4,Bachiller,Divorciado,0,Si,Aprobado
SOL-02189,2025-02-28,CALI,Educacion,4900000,12,5790000,4,Bachiller,Casado,3,No,Aprobado
SOL-00376,13/02/2024,BOGOTA,Libre inversion,14800000,36,3370000,4,BACHILLER,Union libre,1,No,aprobado
SOL-00841,2024-09-19,BOGOTA,Educacion,11100000,12,4580000,9,profesional,Soltero,2,No,En estudio
SOL-01430,2024-01-18,Bogota,Vivienda,201800000,120,2190000,2,Prof.,Casado,1,No,Aprobado
SOL-00326,11/05/2024,Cali,Libre inversion,14400000,12,3490000,1,Bachiller,casado,1,No,En estudio
SOL-01915,2025-03-02,Pereira,Vehiculo,37500000,60,1800000,18,profesional,CASADO,1,no,En estudio
SOL-00417,2025-04-16,Bogota,Libre inversion,23200000,24,1800000, ,Tecnico,Union libre,0,SI,Aprobado
SOL-02526,29/05/2024,Bogota,Libre inversion,11600000,48,3.560.000,5,Posgrado,Casado,2,No,Rechazado
SOL-02016,26/03/2024,MEDELLIN,Vehiculo,41200000,24,$3.940.000,1,Bachiller,Casado,2,No,aprobado
SOL-01764,2025-01-07,cali,Vehiculo,59500000,48,1800000,1,Bachiller,casado,N/A,No,Aprobado
SOL-00706,2024-02-12,medellin,Libre inversion,11900000,48,4420000,6,Prof.,Union libre,,No,Aprobado
SOL-02919,2024-05-27,Bogota,Libre inversion,12500000,12,4080000,9,Tec.,soltero,3,No,Aprobado
SOL-02445,13/04/2025,BUCARAMANGA,Libre inversion,12000000,24,1800000,0,Tecnico,Union libre,1,No,APROBADO
SOL-02785,2024-01-23,Bogotá,Vehiculo,45100000,36,4030000,7,Tec.,Casado,2,No,Aprobado
SOL-01083,29/06/2024,Cali,Libre inversion,17400000,48,$ 4490000,1,Técnico,Casado,2,No,Aprobado
SOL-01468,01/01/2024,Cartagena,Vehiculo,55400000,36,2520000,0,Profesional,Union libre,2,Si,APROBADO
SOL-02606,2025-05-19,Medellin,Educacion,15100000,24,6560000,2,Profesional,SOLTERO,1,No,APROBADO
SOL-02655,30/06/2024,medellin,Libre inversion,11300000,24,3240000,6,Tecnico,casado,N/A,Si,Aprobado
SOL-00257,2024-05-19,BUCARAMANGA,Libre inversion,24300000,24,1800000,4,Bachiller,Union libre,2,0,APROBADO
SOL-01958,2024-06-13,BOGOTA,Vivienda,235300000,120,2450000,7,Bachiller,Casado,3,Si,Aprobado
SOL-02384,2024-07-26,CARTAGENA,Libre inversion,19700000,48,7480000,2,Profesional,Soltero,0,no,APROBADO
SOL-00420,26/04/2025,MEDELLIN,Vehiculo,48400000,60,2010000,12,tecnico,Soltero,2,Si,En estudio
SOL-01850,2024-11-21,Bogota,Vehiculo,36000000,48,$ 1800000,2,Profesional,soltero,0,No,Rechazado
SOL-02797,17/04/2025,Bucaramanga,Libre inversion,13700000,48,7290000,4,Profesional,CASADO,3,Si,RECHAZADO
SOL-02146,2024-04-13,cartagena,Libre inversion,8000000,24,5850000,3,Técnico,soltero,3,No,Aprobado
SOL-02004,2024-02-22,barranquilla,Libre inversion,10600000,24,9870000,1,Tecnico,SOLTERO,0,No,aprobado
SOL-00362,2025-01-27,CALI,Vivienda,136700000,240,3180000,2,PROFESIONAL,Casado,2,Si,en estudio
SOL-01003,2025-02-10,Bogota,Libre inversion,8200000,24,1800000,1,Bachiller,Union libre,0,1,En estudio
SOL-01904,2024-03-17,Bogotá D.C.,Vehiculo,44800000,36,3150000,2,Posgrado,Divorciado,0,Si,Rechazado
SOL-01959,18/03/2024,CALI,Libre inversion,13800000,36,4.380.000,1,Tec.,Soltero,3,Si,Aprobado
SOL-01721,31/03/2024,cali,Libre inversion,23300000,24,2.780.000,2,Bachiller,Soltero,0,No,Aprobado
SOL-00613,2024-01-23,bucaramanga,Libre inversion,10500000,48,1800000,16,Profesional,Union libre,0,No,Aprobado
SOL-01258,2025-06-11,Bogota,Libre inversion,13100000,48,$ 3240000,14,Posgrado,divorciado,4,Si,Aprobado
SOL-02107,2024-06-06,CALI,Libre inversion,11800000,12,3.230.000,7,Profesional,Unión libre,0,No,Rechazado
SOL-01539,2024-04-23,BUCARAMANGA,Vehiculo,40700000,36,4970000,1,Bachiller,Casado,N/A,Si,Aprobado
SOL-01421,03/01/2025,Medellin,Educacion,4700000,12,3640000,0,posgrado,Union libre,2,Si,Aprobado
SOL-01977,2024-07-24,bucaramanga,Libre inversion,8800000,12,2540000,0,Bachiller,Soltero,1,No,rechazado
SOL-01124,13/07/2024,Medellín,Educacion,12400000,12,5500000,2,profesional,Union libre,,No,Rechazado
SOL-02097,2025-04-06,medellin,Vehiculo,29500000,48,2320000,17,Profesional,Divorciado,0,No,En estudio
SOL-02308,2025-06-20,Medellin,Vehiculo,28500000,36,3.170.000,0,Tecnico,Soltero,2,No,EN ESTUDIO
SOL-00387,2025-02-10,CALI,Libre inversion,24400000,36,2200000,4,tecnico,Soltero,2,Si,Rechazado
SOL-02060,2025-01-18,Bucaramanga,Libre inversion,24700000,24,$3.000.000,4,Profesional,Divorciado,2,No,Aprobado
SOL-02072,2025-03-17,pereira,Vivienda,149200000,120,8080000,6,Profesional,Union libre,4,no,Aprobado
SOL-02056,2024-01-16,Bucaramanga,Libre inversion,16200000,24,4780000,12,Bachiller,Union libre,0,No,rechazado
SOL-00878,13/08/2024,Bucaramanga,Vivienda,168900000,60,2140000,5,Posgrado,Divorciado,3,No,Aprobado
SOL-00708,2024-08-13,Medellin,Libre inversion,16000000,24,2.900.000,7,Tecnico,Union libre,2,No,En estudio
SOL-01052,2025-01-04,Cali,Educacion,10200000,36,6360000,35,Prof.,Union libre,0,No,aprobado
SOL-00667,2024-10-29,Bogota,Vehiculo,24900000,48,2360000,1,PROFESIONAL,Casado,0,No,Aprobado
SOL-01123,22/11/2024,MEDELLIN,Libre inversion,16000000,12,4320000,2,Bachiller,Union libre,4,Si,EN ESTUDIO
SOL-00639,10/03/2024,CALI,Vivienda,135000000,240,5000000,1,Tecnico,Casado,0,No,Aprobado
SOL-00774,2024-05-16,BOGOTA,Libre inversion,24500000,36,3800000,4,Profesional,Casado,4,No,Aprobado
SOL-01767,21/04/2024,pereira,Vehiculo,59600000,48,3920000,9,PROFESIONAL,Casado,1,No,Aprobado
SOL-02952,10/09/2024,Bogotá D.C.,Libre inversion,17600000,48,7220000,1,Tecnico,Casado,2,No,Aprobado
SOL-02748,08/12/2024,Cali,Vivienda,189300000,120,2010000,0,Prof.,UNION LIBRE,4,NO,Aprobado
SOL-02888,2025-05-07,Bogota,Vehiculo,46100000,24,4340000,3,bachiller,Soltero,3,No,Aprobado
SOL-02659,2024-02-16,Medellin,Libre inversion,19800000,48,$ 2640000,19,Tecnico,Divorciado,0,NO,Rechazado
SOL-02514,2024-10-08,Barranquilla,Libre inversion,21200000,48,3700000,7,Profesional,Union libre,3,Si,Aprobado
SOL-01814,2024-02-14,Medellin,Vivienda,222100000,240,$ 1800000,4,bachiller,Soltero,3,0,Aprobado
SOL-00111,19/01/2024,PEREIRA,Vivienda,190100000,60,2450000,1,TECNICO,CASADO,1,Si,Aprobado
SOL-00071,2024-09-10,Bucaramanga,Vehiculo,53300000,36,$2.210.000,0,Prof.,Soltero,2,No,Aprobado
SOL-02744,17/02/2025,Pereira,Vivienda,119100000,180,2350000,1,Tecnico,Casado,1,Sí,RECHAZADO
SOL-01947,2024-10-04,Bogotá,Libre inversion,23900000,48,8880000,3,Profesional,Divorciado,1,NO,En estudio
SOL-00260,2024-11-01,Medellín,Vehiculo,38900000,24,4220000,0,Tecnico,soltero,2,No,En estudio
SOL-01263,2024-03-02,Barranquilla,Libre inversion,24000000,36,$5.350.000,7,tecnico,Casado,2,Si,Aprobado
SOL-02762,2024-08-13,BARRANQUILLA,Vehiculo,32100000,60,$ 3950000,0,Tecnico,Soltero,2,No,Aprobado
SOL-01888,2024-01-09,Medellin,Libre inversion,14900000,12,$1.800.000,3,Bachiller,Soltero,2,No,Aprobado
SOL-01823,02/01/2025,Medellin,Vivienda,135300000,240,3550000,15,bachiller,Soltero,2,No,Aprobado
SOL-00035,2024-09-08,Cali,Libre inversion,9800000,48,2660000,8,Posgrado,Soltero,0,No,Aprobado
SOL-00922,05/04/2025,bogota,Educacion,10000000,12,4670000,0,Bachiller,Divorciado,0,Si,En estudio
SOL-01903,2024-11-03,Cali,Libre inversion,19900000,36,,1,Profesional,Casado,1,No,Rechazado
SOL-02890,26/12/2024,Bogotá D.C.,Libre inversion,10400000,48,2510000,1,bachiller,CASADO,,No,APROBADO
SOL-01354,18/07/2024,Bogota,Libre inversion,21300000,36,10450000,19,posgrado,UNION LIBRE,3,No,Rechazado
SOL-02281,2024-10-25,Pereira,Libre inversion,9000000,24,2140000,0,Posgrado,Soltero,2,Si,Aprobado
SOL-02756,2025-02-02,Bucaramanga,Vehiculo,40100000,36,1800000,12,Tecnico,Union libre,1,0,En estudio
SOL-01865,2024-06-09,Cali,Vivienda,91200000,120,1800000,2,bachiller,Union libre,0,No,RECHAZADO
SOL-00730,30/05/2025,Bogota,Libre inversion,12600000,12,2250000,1,Tecnico,Casado,1,Si,Aprobado
SOL-00031,2024-12-18,MEDELLIN,Vivienda,90100000,60,1800000,0,Profesional,Divorciado,0,Si,Aprobado
SOL-00743,2024-06-23,Medellin,Vivienda,156300000,120,3830000,1,Técnico,Union libre,1,No,Aprobado
SOL-00319,2024-12-30,Medellin,Libre inversion,12100000,24,7900000,2,Posgrado,Soltero,1,No,Aprobado
SOL-01828,2024-07-31,Bogota,Vehiculo,37600000,48,4140000,3,Bachiller,Soltero,2,Sí,rechazado
SOL-00119,22/01/2024,Cartagena,Libre inversion,11600000,24,3560000,4,profesional,Casado,1,Si,Aprobado
SOL-02468,2025-02-27,Bogota,Libre inversion,15300000,24,4110000,2,Bachiller,Casado,1,SI,Aprobado
SOL-00695,07/11/2024,MEDELLIN,Educacion,17200000,24,1800000,6,Tecnico,Divorciado,1,No,Aprobado
SOL-01488,18/02/2024,Bogotá D.C.,Libre inversion,20000000,48,1800000,0,Posgrado,soltero,0,Si,APROBADO
SOL-00803,2024-12-14,Cali,Vehiculo,47400000,60,3540000,12,Postgrado,Union libre,0,SI,Aprobado
SOL-01698,2025-03-31,Bogotá,Libre inversion,10300000,48,2150000,7,Bachiller,Soltero,N/A,no,Aprobado
SOL-01011,2025-02-23,Bogotá,Vehiculo,27900000,60,5270000,4,Bachiller,Divorciado,2,NO,Aprobado
SOL-01268,28/11/2024,Bogota,Educacion,5100000,24,5100000,3,Profesional,Casado,0,No,aprobado
SOL-00297,2024-12-04,cartagena,Vehiculo,21000000,36,2240000,1,Profesional,Divorciado,3,Si,Aprobado
SOL-00281,26/11/2024,bogota,Educacion,4900000,12,$ 5470000,2,Tecnico,Casado,0,NO,en estudio
SOL-02621,12/04/2024,Pereira,Vivienda,227100000,60,1800000,4,Prof.,soltero,2,No,Aprobado
SOL-01544,2025-02-11,cartagena,Vivienda,213100000,180,1800000,0,Tecnico,Soltero,3,Si,EN ESTUDIO
SOL-02305,2024-04-06,BARRANQUILLA,Vivienda,109600000,240,1800000,6,Profesional,UNION LIBRE,0,No,En estudio
SOL-00430,12/01/2024,Medellin,Educacion,9200000,12,2930000,5,Bach.,Soltero,0,Si,Aprobado
SOL-01687,16/02/2025,Cartagena,Vehiculo,20600000,36,4140000,0,Técnico,Casado,1,si,aprobado
SOL-02698,2024-05-09,BUCARAMANGA,Educacion,3600000,36,3640000,3,Posgrado,Union libre,0,no,Aprobado
SOL-02883,08/09/2024,Bogotá D.C.,Vivienda,212100000,240,3390000,3,Tecnico,Casado,1,No,Aprobado
SOL-02373,07/03/2025,Bogota,Libre inversion,22400000,48,1800000,0,Tecnico,Casado,1,Si,En estudio
SOL-02140,2024-11-20,Bucaramanga,Vehiculo,36000000,60,3320000,1,Bach.,Divorciado,0,0,RECHAZADO
SOL-00080,2024-06-23,Bogota,Libre inversion,17500000,24,2670000,4,Prof.,Casado,2,si,Aprobado
SOL-02440,2024-06-17,bogota,Vivienda,110500000,240,1900000,2,Posgrado,casado,1,No,Aprobado
SOL-01538,2024-01-28,Bogota,Educacion,4500000,24,5.630.000,7,Profesional,Union libre,4,No,En estudio
SOL-00677,2025-04-07,Barranquilla,Vivienda,144900000,180,1.800.000,14,Bachiller,CASADO,0,no,EN ESTUDIO
SOL-01105,18/01/2024,Barranquilla,Libre inversion,9800000,24,$4.300.000,2,Bachiller,Union libre,1,Sí,Aprobado
SOL-02874,2024-09-24,cali,Libre inversion,22800000,36,$2.740.000,4,Tecnico,DIVORCIADO,0,No,Rechazado
SOL-01612,25/08/2024,CALI,Libre inversion,19100000,24,5200000, ,Bachiller,Union libre,1,Si,Aprobado
SOL-00890,07/06/2024,Medellin,Libre inversion,19000000,24,$ 1800000,3,POSGRADO,Divorciado,3,SI,En estudio
SOL-02438,29/04/2025,bogota,Vivienda,97700000,240,$4.250.000,0,Tecnico,Soltero,0,NO,Aprobado
SOL-01601,2024-04-23,Cali,Vehiculo,49600000,36,6030000,8,Bachiller,Soltero,0,No,Aprobado
SOL-00671,28/03/2025,Bogotá,Libre inversion,17400000,48,6550000,13,Bachiller,Soltero,0,0,Aprobado
SOL-02602,2025-04-18,CALI,Vehiculo,20000000,24,2240000,2,Posgrado,Divorciado,3,0,Aprobado
SOL-00204,14/03/2024,bogota,Vivienda,109000000,240,3550000,3,Bach.,Soltero,0,No,aprobado
SOL-00548,2025-02-07,Cali,Vehiculo,58400000,24,1.800.000,7,Tecnico,soltero,1,NO,Aprobado
SOL-01603,18/02/2024,Bucaramanga,Vehiculo,49200000,48,3190000,6,,Soltero,0,0,EN ESTUDIO
SOL-00705,2024-03-22,Bucaramanga,Educacion,6900000,12,1800000,1,TECNICO,Casado,2,si,En estudio
SOL-00357,2024-06-13,Cali,Vehiculo,36500000,60,$ 2150000,1,Tecnico,Union libre,1,No,Rechazado
SOL-00187,13/05/2024,Bucaramanga,Libre inversion,18300000,48,6350000,4,Bachiller,soltero,2,Si,RECHAZADO
SOL-01006,2025-05-04,Cali,Vehiculo,46400000,48,$ 1800000,2,Tecnico,Casado,4,1,Aprobado
SOL-00975,2024-05-13,PEREIRA,Vivienda,80900000,60,1800000,3,Prof.,Union libre,2,no,Rechazado
SOL-01069,22/03/2024,Barranquilla,Educacion,6900000,36,4290000,6,PROFESIONAL,Casado,3,Si,APROBADO
SOL-02765,2024-07-23,CALI,Libre inversion,12900000,48,3410000,0,Profesional,Casado,3,No,Rechazado
SOL-01950,2024-10-27,CARTAGENA,Libre inversion,20700000,48,3680000,0,profesional,Soltero,2,Si,EN ESTUDIO
SOL-00421,29/06/2024,BUCARAMANGA,Libre inversion,14100000,48,1800000,2,Posgrado,Union libre,1,1,aprobado
SOL-00451,06/08/2024,Bogota,Educacion,3400000,36,1800000,1,Bachiller,Casado,4,0,Rechazado
SOL-01413,2025-05-04,Barranquilla,Libre inversion,21300000,48,3250000,4,tecnico,Soltero,2,no,Aprobado
SOL-02087,07/02/2025,Bucaramanga,Libre inversion,8800000,12,6400000,0,Profesional,Casado,2,Si,APROBADO
SOL-01682,2024-11-17,Bogota,Libre inversion,23800000,24,1800000,5,Tecnico,Soltero,1,No,Rechazado
SOL-00428,2024-08-15,Bogotá D.C.,Educacion,12400000,24,2630000,2,Profesional,Union libre,0,No,Aprobado
SOL-02610,2025-06-22,Bogota,Vehiculo,37300000,36,2770000,3,Prof.,Soltero,0,Si,Rechazado
SOL-00173,2025-05-25,Cartagena,Libre inversion,13400000,12,3990000,17,Tecnico,Casado,0,Si,En estudio
SOL-02983,31/05/2024,Cali,Libre inversion,23300000,12,2550000,4,PROFESIONAL,Soltero,1,Si,En estudio
SOL-00963,2024-04-23,Cali,Libre inversion,18300000,24,4260000,4,Posgrado,CASADO,3,Si,Aprobado
SOL-02410,2024-05-01,CARTAGENA,Libre inversion,13200000,12,2320000,8,Profesional,Divorciado,0,NO,Aprobado
SOL-01675,2024-03-29,Medellín,Libre inversion,24000000,36,$ 3180000,3,Tecnico,Soltero,1,No,Rechazado
SOL-00796,30/03/2025,MEDELLIN,Libre inversion,16600000,24,6030000,1,Profesional,Divorciado,0,No,Aprobado
SOL-02283,2024-09-19,cali,Vivienda,162100000,240,,1,Bachiller,Casado,1,no,Aprobado
SOL-02884,29/02/2024,Cartagena,Libre inversion,16400000,48,1800000, ,profesional,Soltero,2,No,RECHAZADO
SOL-00445,2024-03-06,Bogota,Educacion,13300000,36,3320000,2,profesional,Union libre,0,no,aprobado
SOL-00965,03/03/2024,Bogotá,Vivienda,126300000,240,3680000,0,Tecnico,Casado,2,Sí,Aprobado
SOL-01510,2024-02-10,Bogota,Vehiculo,27000000,60,5150000,2,Posgrado,Soltero,3,si,Aprobado
SOL-00191,12/02/2024,Medellin,Vehiculo,54200000,60,1800000,1,Profesional,union libre,4,No,Aprobado
SOL-01225,2024-11-29,Medellin,Vehiculo,52900000,48,1800000,1,Posgrado,soltero,0,Si,Aprobado
SOL-00416,2024-04-26,Cartagena,Educacion,5500000,24,5380000,3,Tec.,SOLTERO,1,No,Aprobado
SOL-02718,2025-03-03,bucaramanga,Libre inversion,19800000,12,1860000,1,Bachiller,Casado,N/A,No,Aprobado
SOL-00620,2024-01-28,Pereira,Libre inversion,15400000,48,1800000,3,bachiller,Soltero,2,No,Aprobado
SOL-00855,28/01/2025,Barranquilla,Libre inversion,24600000,48,2630000,,posgrado,CASADO,1,Si,aprobado
SOL-02442,2024-06-29,Medellin,Vivienda,130800000,60,4420000,18,Bachiller,Union libre,4,0,En estudio
SOL-00597,03/05/2024,medellin,Educacion,8200000,36,8450000,2,Profesional,Casado,2,No,Aprobado
SOL-00003,2024-01-15,Medellin,Libre inversion,13200000,12,N/A,3,Profesional,Casado,1,0,RECHAZADO
SOL-01326,2024-10-18,BARRANQUILLA,Libre inversion,17500000,48,1800000,10,Bachiller,Soltero,1,0,Rechazado
SOL-00306,16/11/2024,Medellin,Vehiculo,40600000,48,4200000,2,Tecnico,Casado,3,Si,En estudio
SOL-02567,2025-05-10,Bucaramanga,Libre inversion,12200000,48,4430000,9,tecnico,Divorciado,2,NO,Aprobado
SOL-02812,03/02/2024,bogota,Libre inversion,15600000,24,2080000,3,Profesional,soltero,3,No,Rechazado
SOL-02348,01/08/2024,Medellin,Libre inversion,17300000,12,6370000,5,Profesional,Union libre,1,No,Rechazado
SOL-02761,17/09/2024,Bogota,Libre inversion,16500000,48,2770000,5,Posgrado,Union libre,N/A,Si,rechazado
SOL-02930,2025-03-13,Cartagena,Vivienda,212700000,180,5110000,11,profesional,Union libre,0,Si,Aprobado
SOL-01779,2024-11-14,Bogota,Libre inversion,9900000,24,$ 3030000,3,Profesional,Casado,3,Si,Rechazado
SOL-02306,2025-01-17,Bogota,Libre inversion,16100000,24,2120000,3,Prof.,Soltero,1,Si,Aprobado
SOL-00431,2024-02-23,bogota,Libre inversion,11800000,48,4810000,3,bachiller,soltero,2,No,Aprobado
SOL-00585,2024-06-27,cali,Libre inversion,11300000,36,3780000,1,Bachiller,Divorciado,1,NO,Rechazado
SOL-02954,2025-06-08,Medellin,Libre inversion,20900000,12,4340000,4,tecnico,casado,1,no,Rechazado
SOL-01532,2024-10-08,Cartagena,Vivienda,194400000,180,7840000,1,Tecnico,Union libre,1,Sí,Aprobado
SOL-01590,2025-06-30,cali,Libre inversion,13800000,36,8990000,1,Tec.,casado,0,NO,Aprobado
SOL-02223,2025-02-25,Bucaramanga,Libre inversion,15300000,48,2810000,1,Profesional,Union libre,2,No,Aprobado
SOL-02674,2024-10-04,cartagena,Vivienda,113000000,120,1800000,6,Profesional,Union libre,0,1,aprobado
SOL-01546,2024-11-27,Bogotá D.C.,Educacion,16700000,12,2550000,2,profesional,union libre,0,No,Aprobado
SOL-01861,2025-04-02,Medellin,Vivienda,207300000,240,2620000,2,TECNICO,Soltero,0,No,Aprobado
SOL-00761,2024-04-11,Bogota,Vehiculo,32600000,60,$1.820.000,2,Profesional,Casado,1,No,RECHAZADO
SOL-02857,2025-03-04,Bogotá,Vehiculo,51800000,36,2440000,2,Profesional,Casado,1,No,Aprobado
SOL-02130,10/01/2025,Barranquilla,Vivienda,106600000,180,$3.800.000, ,Profesional,Union libre,1,No,Aprobado
SOL-00475,13/02/2025,Cartagena,Vivienda,155500000,120,2910000,1,Tecnico,Union libre,4,Si,Aprobado
SOL-01435,17/01/2024,Bogota,Libre inversion,19800000,48,$10.340.000,1,TECNICO,casado,3,Si,en estudio
SOL-01284,07/08/2024,Cartagena,Vehiculo,51700000,60,2900000,7,Bachiller,union libre,0,No,APROBADO
SOL-00985,2024-04-20,BOGOTA,Educacion,16900000,12,1920000,3,Tecnico,Divorciado,0,SI,Aprobado
SOL-02278,2024-10-24,Bogotá D.C.,Libre inversion,23500000,36,2240000,2,Bachiller,casado,3,Sí,En estudio
SOL-00279,15/01/2025,cali,Educacion,14200000,24,7400000,2,Profesional,Divorciado,0,si,En estudio
SOL-00152,2024-12-05,pereira,Vivienda,241200000,60,3.630.000,7,Bachiller,Union libre,0,Sí,APROBADO
SOL-02404,2024-09-08,Bogotá D.C.,Vivienda,211700000,120,3680000,5,Tecnico,Union libre,1,No,aprobado
SOL-01378,28/11/2024,Pereira,Libre inversion,20900000,24,4640000,3,Bachiller,UNION LIBRE,0,No,Aprobado
SOL-01516,2025-04-04,Bogota,Vivienda,222000000,240,4750000,0,Tec.,Union libre,0,No,En estudio
SOL-01084,08/04/2025,Barranquilla,Vivienda,180500000,60,1800000,2,Tecnico,Union libre,1,No,Aprobado
SOL-02935,29/03/2024,Bogota,Vivienda,114200000,60,1800000,2,Tecnico,Casado,N/A,Si,Rechazado
SOL-01749,2024-01-07,Bogota,Libre inversion,11800000,48,$2.500.000,2,Bach.,Soltero,1,1,Aprobado
SOL-01431,2024-02-26,Bucaramanga,Libre inversion,15500000,36,2700000,0,Profesional,soltero,2,No,Rechazado
SOL-02458,16/02/2025,Cartagena,Libre inversion,22900000,24,4160000,3,Bachiller,Soltero,2,No,Rechazado
SOL-00700,2025-03-04,Cartagena,Vivienda,240900000,240,$ 1800000,3,Técnico,Soltero,1,no,Aprobado
SOL-00373,2024-09-17,Bogota,Vivienda,203400000,240,2110000,4,Bachiller,CASADO,1,Si,RECHAZADO
SOL-02297,2025-03-23,Bogota,Libre inversion,20200000,48,3490000,1,Profesional,Soltero,2,No,Aprobado
SOL-01160,2025-01-22,Cali,Vivienda,233700000,240,9170000,8,Profesional,Soltero,0,Si,Aprobado
SOL-00143,2024-11-27,cali,Libre inversion,24100000,36,4420000,5,Profesional,Union libre,0,No,Rechazado
SOL-00856,2024-02-02,Pereira,Vivienda,115200000,180,4550000,3,Tec.,Soltero,4,No,Aprobado
SOL-01443,25/10/2024,CALI,Vivienda,178800000,60,2520000, ,Bach.,UNION LIBRE,2,No,Rechazado
SOL-00100,2024-10-27,Medellin,Vehiculo,24700000,24,2260000,21,Técnico,Union libre,2,Si,Rechazado
SOL-01719,2025-02-22,Bogota,Educacion,15800000,24,4010000,7,Tecnico,Soltero,2,Si,Aprobado
SOL-02204,23/02/2025,CARTAGENA,Vehiculo,38300000,48,$ 2550000,2,Profesional,Casado,0,SI,Aprobado
SOL-01870,2024-04-23,Barranquilla,Vivienda,225000000,180,$4.090.000,6,Técnico,Soltero,0,Si,APROBADO
SOL-01878,2024-08-09,Bogota,Educacion,14500000,36,2880000,6,bachiller,Casado,1,No,Aprobado
SOL-02825,2024-10-08,Bucaramanga,Vehiculo,51600000,24,2400000,1,Bachiller,union libre,0,Si,Aprobado
SOL-02054,14/12/2024,Bogota,Libre inversion,22000000,12,1.800.000,3,Bachiller,Union libre,0,Si,Rechazado
SOL-00849,01/05/2025,Medellin,Libre inversion,24300000,36,5320000,8,Bachiller,Casado,1,no,Aprobado
SOL-00736,21/02/2024,BOGOTA,Vehiculo,52600000,48,2490000,3,Tecnico,Casado,0,Si,Rechazado
SOL-01189,2025-06-23,Barranquilla,Libre inversion,16300000,48,2.890.000,1,Tecnico,Unión libre,1,no,Aprobado
SOL-01298,07/03/2025,BUCARAMANGA,Libre inversion,12300000,36,$2.520.000,3,Posgrado,union libre,2,No,Aprobado
SOL-02863,2024-01-02,Barranquilla,Vivienda,130000000,120,7650000,1,Tecnico,Soltero,1,Si,En estudio
SOL-02395,2025-02-02,BUCARAMANGA,Vehiculo,28600000,24,1800000,0,Bachiller,Soltero,3,No,Rechazado
SOL-00644,2025-03-28,barranquilla,Vehiculo,28400000,60,4290000,0,Bach.,Union libre,3,No,Aprobado
SOL-00341,2024-07-17,Medellín,Libre inversion,12700000,24,1800000,3,Posgrado,Casado,2,Si,en estudio
SOL-02615,2024-04-03,Barranquilla,Libre inversion,19100000,24,5820000,9,Posgrado,CASADO,2,Si,aprobado
SOL-01062,03/02/2025,Bogotá,Vivienda,229300000,60,4340000,4,Profesional,Divorciado,1,No,Aprobado
SOL-02590,2024-11-26,Bogotá D.C.,Vehiculo,32100000,48,1800000,2,Profesional,Soltero,2,No,APROBADO
SOL-00515,2024-01-28,Medellin,Libre inversion,14700000,48,1800000,5,bachiller,Union libre,2,no,APROBADO
SOL-02787,2024-01-30,Barranquilla,Vivienda,125000000,60,$2.760.000,0,Posgrado,Soltero,0,No,Aprobado
SOL-00037,2024-03-27,Bogota,Vivienda,192600000,180,5330000,35,Bach.,Soltero,2,SI,Aprobado
SOL-02349,2025-01-31,CALI,Vehiculo,28300000,60,1800000,11,Tecnico,Casado,2,No,RECHAZADO
SOL-00540,23/10/2024,CALI,Vivienda,94100000,240,2070000,1,Profesional,divorciado,3,SI,Rechazado
SOL-00853,2024-11-11,CALI,Educacion,14700000,24,7730000,1,Profesional,Soltero,1,No,Rechazado
SOL-00685,18/03/2025,Bogota,Vivienda,247500000,60,1800000,3,Posgrado,Casado,1,No,Aprobado
SOL-01078,2025-01-31,BARRANQUILLA,Libre inversion,17400000,24,2.550.000,4,Técnico,Soltero,0,no,Aprobado
SOL-02831,29/01/2025,Cali,Libre inversion,22700000,48,,7,Bachiller,Soltero,2,No,Aprobado
SOL-00768,2024-01-27,Medellin,Educacion,12700000,12,$4.620.000,1,profesional,Casado,2,si,Aprobado
SOL-02512,24/03/2025,Bucaramanga,Libre inversion,23300000,36,1800000,6,Profesional,union libre,0,No,Aprobado
SOL-01211,22/04/2024,Bogota,Educacion,8000000,36,$4.590.000,2,Profesional,soltero,1,Si,En estudio
SOL-02222,25/04/2025,Cali,Vehiculo,36000000,36,3790000,5,Tecnico,Casado,4,Si,aprobado
SOL-00859,2024-04-06,bucaramanga,Libre inversion,12100000,24,1800000,3,Bachiller,divorciado,4,SI,Rechazado
SOL-01882,18/12/2024,Medellin,Vehiculo,56000000,24,4110000,1,Profesional,SOLTERO,1,Si,En estudio
SOL-01348,2024-11-08,PEREIRA,Libre inversion,14400000,36,2360000,6,Bachiller,Union libre,3,No,Aprobado
SOL-01683,19/02/2025,Bogota,Educacion,11600000,36,3580000,1,Profesional,Soltero,0,Si,Aprobado
SOL-02652,29/10/2024,Cali,Libre inversion,18100000,24,1800000,4,Profesional,Casado,3,No,Rechazado
SOL-02037,2024-01-09,BOGOTA,Libre inversion,23700000,36,$ 2530000,5,Tecnico,Divorciado,1,Si,Aprobado
SOL-02315,16/02/2025,medellin,Vehiculo,28800000,60,,4,Bach.,Union libre,1,Si,Aprobado
SOL-01550,2024-05-29,Medellín,Libre inversion,10400000,48,1850000,8,Profesional,casado,0,No,Aprobado
SOL-02310,2025-01-08,Cartagena,Vehiculo,23200000,48,2790000,1,Bachiller,Soltero,0,No,Aprobado
SOL-01091,25/03/2024,Bogotá,Libre inversion,17300000,36,5.200.000,1,Tec.,SOLTERO,2,1,Rechazado
SOL-01816,12/05/2025,Bucaramanga,Vivienda,120200000,60,1800000,4,tecnico,Unión libre,0,NO,APROBADO
SOL-02798,2024-11-09,Medellin,Libre inversion,9000000,36,3900000,5,Profesional,union libre,2,No,APROBADO
SOL-02153,2025-06-30,bogota,Educacion,16000000,12,3710000,5,Bachiller,Casado,1,No,Rechazado
SOL-00072,01/06/2025,Cartagena,Vivienda,186400000,180,3130000,1,Prof.,UNION LIBRE,1,No,Aprobado
SOL-00825,2024-03-09,Medellin,Educacion,5600000,12,10000000,14,Posgrado,Soltero,1,no,Aprobado
SOL-02622,2025-04-18,Medellín,Vehiculo,22500000,60,4420000,0,Técnico,CASADO,1,Si,Aprobado
SOL-00898,2024-11-29,cali,Vivienda,247800000,180,1800000,4,Profesional,Divorciado,2,No,Aprobado
SOL-00749,19/05/2024,Bogota,Vivienda,200700000,120,7340000,32,Tecnico,Casado,0,No,Rechazado
SOL-02860,2025-05-04,MEDELLIN,Libre inversion,10700000,24,$ 6210000,7,Profesional,Soltero,1,no,Aprobado
SOL-00758,09/05/2024,Medellin,Vehiculo,26200000,48,2150000,4,Tecnico,Unión libre,1,no,APROBADO
SOL-01423,11/06/2025,barranquilla,Vehiculo,27200000,60,4630000,4,Posgrado,Casado,2,No,Aprobado
SOL-00179,2024-11-09,Bogotá D.C.,Educacion,8500000,12,4300000,1,Profesional,Casado,0,Si,en estudio
SOL-00934,16/08/2024,Cali,Libre inversion,24100000,36,1940000,2,Tecnico,Casado,2,Si,Aprobado
SOL-02813,19/04/2025,CALI,Vehiculo,57900000,60,2040000,2,POSGRADO,Soltero,0,NO,Aprobado
SOL-01545,2025-02-16,Medellin,Vivienda,94000000,120,1800000,1,Profesional,UNION LIBRE,2,no,Aprobado
SOL-02124,2025-04-01,Cartagena,Libre inversion,9800000,36,5650000,6,Prof.,casado,N/A,Si,Rechazado
SOL-01704,2025-06-15,Barranquilla,Educacion,12600000,24,7920000,7,Prof.,soltero,2,NO,Aprobado
SOL-00702,2024-03-22,Cali,Libre inversion,19500000,12,2950000,2,tecnico,Union libre,0,No,En estudio
SOL-01785,2024-01-31,Bucaramanga,Libre inversion,12400000,48,2060000,2,posgrado,Casado,0,No,En estudio
SOL-02466,03/04/2024,Cali,Vivienda,120800000,240,3970000,4,Bachiller,Union libre,,No,Rechazado
SOL-00088,2025-01-18,Medellin,Libre inversion,23100000,48,1800000,2,Tecnico,SOLTERO,2,Sí,Aprobado
SOL-00675,2025-06-18,Bogota,Libre inversion,21800000,24,2340000,1,Posgrado,Union libre,1,Si,Aprobado
SOL-01789,2025-05-02,Barranquilla,Vehiculo,24200000,36,3550000,0,Tecnico,Soltero,1,No,APROBADO
SOL-02549,2024-07-12,Medellin,Libre inversion,9400000,24,1800000,6,bachiller,Soltero,1,Si,Aprobado
SOL-02366,2024-08-08,Medellín,Libre inversion,14400000,24,3200000,3,Profesional,Soltero,2,0,Rechazado
SOL-01853,2024-05-16,Medellin,Educacion,9500000,36,1800000,1,Técnico,soltero,4,si,RECHAZADO
SOL-01171,20/01/2024,Bogota,Libre inversion,12100000,24,1800000,3,Profesional,Soltero,0,Si,en estudio
SOL-00891,2025-04-19,Bucaramanga,Vehiculo,52800000,48,1800000,2,Bachiller,Unión libre,0,1,Rechazado
SOL-00503,2024-01-16,Bogota,Libre inversion,9800000,24,2000000,2,Posgrado,Union libre,0,Si,rechazado
SOL-01219,2024-04-28,Bogotá,Libre inversion,22800000,12,2830000,22,Bach.,Union libre,2,No,En estudio
SOL-02079,2024-07-06,Barranquilla,Libre inversion,18700000,48,$ 5200000,23,Profesional,Casado,1,No,Aprobado
SOL-01544,2025-02-11,cartagena,Vivienda,213100000,180,1800000,0,Tecnico,Soltero,3,Si,EN ESTUDIO
SOL-01692,02/05/2025,Bogota,Educacion,4500000,12,7690000,8,Profesional,Union libre,2,No,APROBADO
SOL-01436,28/12/2024,Pereira,Vehiculo,59400000,24,4090000,3,POSGRADO,union libre,0,Si,Aprobado
SOL-01685,2024-01-13,Cartagena,Vehiculo,31900000,36,3120000,2,profesional,Soltero,0,NO,Aprobado
SOL-01470,2024-03-22,medellin,Vehiculo,44100000,48,4340000,2,PROFESIONAL,Casado,2,No,RECHAZADO
SOL-02022,2025-01-28,Cali,Educacion,6600000,12,2090000,2,Profesional,Soltero,0,No,Aprobado
SOL-01228,08/01/2025,Medellin,Libre inversion,9400000,24,4330000,0,Tecnico,Casado,3,No,Rechazado
SOL-01513,2025-03-08,Bogotá,Vehiculo,22500000,24,4510000,0,Tecnico,Divorciado,0,no,Aprobado
SOL-02029,2024-04-25,Pereira,Vehiculo,45900000,36,5250000,5,Posgrado,Soltero,0,Si,Aprobado
SOL-01294,2025-05-20,Barranquilla,Vehiculo,50900000,48,4030000,N/A,BACHILLER,Casado,0,Si,Aprobado
SOL-01494,29/03/2025,Cartagena,Vivienda,90200000,240,4160000,5,Profesional,Casado,3,No,Rechazado
SOL-00533,2025-03-01,Cali,Vehiculo,24100000,36,1800000,7,Tecnico,Casado,0,No,Aprobado
SOL-00455,2024-02-27,Medellin,Vehiculo,35600000,36,6520000,5,Prof.,soltero,1,Sí,Aprobado
SOL-00227,2025-03-23,CALI,Vivienda,120400000,240,1830000,7,Posgrado,casado,2,Si,Rechazado
SOL-01142,26/01/2025,CALI,Libre inversion,21200000,36,$1.940.000,0,Bachiller,Union libre,2,No,En estudio
SOL-02462,2024-11-17,Barranquilla,Libre inversion,19400000,48,2300000,6,Bachiller,Soltero,3,Si,Rechazado
SOL-00401,2025-04-09,Barranquilla,Educacion,9800000,36,$2.320.000,1,TECNICO,Union libre,0,No,En estudio
SOL-00833,2025-05-13,cartagena,Libre inversion,24200000,24,4340000,2,Posgrado,Casado,1,Si,Rechazado
SOL-00653,2024-07-21,Bogota,Vehiculo,57200000,36,4990000,3,Bachiller,Soltero,0,0,Rechazado
SOL-02235,2025-02-03,Medellin,Educacion,8300000,12,1800000,5,Profesional,Casado,0,Si,Rechazado
SOL-01224,21/02/2024,Bogotá,Vehiculo,31400000,24,3050000,0,tecnico,CASADO,1,0,Aprobado
SOL-01873,2024-11-21,Medellin,Libre inversion,22500000,48,1870000,4,Tecnico,Soltero,2,Si,En estudio
SOL-02092,09/09/2024,BUCARAMANGA,Vehiculo,40200000,36,3360000,N/A,Bachiller,Casado,0,No,Aprobado
SOL-02760,2024-01-13,Pereira,Vehiculo,43200000,60,2410000,2,Profesional,Union libre,1,Si,Aprobado
SOL-01645,27/12/2024,Bucaramanga,Vehiculo,57500000,36,2240000,4,Tecnico,Casado,,No,En estudio
SOL-01167,06/03/2024,Bogotá,Libre inversion,24600000,24,5240000,2,profesional,Soltero,3,No,Rechazado
SOL-02330,02/04/2024,Cali,Educacion,5100000,12,6360000,1,Tecnico,Casado,1,No,Aprobado
SOL-00441,2024-03-19,medellin,Libre inversion,22300000,24,4580000,11,Bachiller,Casado,1,No,Aprobado
SOL-01759,23/05/2024,Cartagena,Libre inversion,18400000,48,2750000,3,Prof.,Casado,3,no,rechazado
SOL-01375,2024-01-11,Bogotá,Educacion,6700000,36,8940000,3,Profesional,Soltero,0,No,Aprobado
SOL-00339,2025-01-13,Cali,Educacion,5300000,36,2290000,3,Bachiller,soltero,1,Si,EN ESTUDIO
SOL-00027,2024-11-26,Medellin,Vehiculo,35100000,48,1800000,3,Bachiller,Union libre,0,1,Aprobado
SOL-00652,2025-02-12,Bogotá D.C.,Libre inversion,15000000,12,1800000,3,Tecnico,Divorciado,1,No,rechazado
SOL-01804,2025-06-06,Bogota,Vivienda,83300000,60,4860000,1,Profesional,Union libre,1,1,Aprobado
SOL-00025,2024-06-03,BUCARAMANGA,Vivienda,216300000,60,$2.060.000,3,TECNICO,Casado,2,Si,Rechazado
SOL-02687,2024-11-24,BOGOTA,Libre inversion,16300000,12,3730000,7,Posgrado,union libre,0,NO,En estudio
SOL-02249,2025-04-07,MEDELLIN,Educacion,15500000,24,3400000,1,bachiller,Union libre,4,No,Rechazado
SOL-01385,2024-08-12,barranquilla,Vehiculo,22600000,24,6850000,2,Bachiller,Union libre,4,Si,Aprobado
SOL-00001,2025-04-10,Bogota,Educacion,12300000,36,4110000,6,Profesional,Soltero,0,No,Aprobado
SOL-02377,2024-07-31,BUCARAMANGA,Educacion,17200000,24,6250000,4,Profesional,Soltero,2,no,Aprobado
SOL-01096,2024-07-08,CARTAGENA,Vivienda,147100000,120,$6.050.000,14,Bachiller,casado,1,No,Aprobado
SOL-00721,2024-10-30,Bogota,Vehiculo,29300000,24,3090000,1,Tecnico,Union libre,2,Si,Aprobado
SOL-00061,2025-06-11,Bogotá,Libre inversion,12600000,24,1800000,1,Bachiller,Divorciado,0,No,Aprobado
SOL-02858,12/04/2025,BUCARAMANGA,Libre inversion,22100000,36,2520000,2,Bachiller,Union libre,0,Si,Aprobado
SOL-01444,21/12/2024,Medellin,Vivienda,88500000,180,$5.010.000,3,PROFESIONAL,SOLTERO,3,0,Aprobado
SOL-01733,2024-12-20,Cartagena,Educacion,16500000,24,3110000,6,Profesional,Soltero,2,1,En estudio
SOL-01380,2025-05-18,Bogotá,Educacion,8000000,24,2960000,1,Bachiller,SOLTERO,4,Si,En estudio
SOL-00936,2025-01-09,barranquilla,Libre inversion,17400000,12,10050000, ,Profesional,Casado,2,No,En estudio
SOL-00752,2024-03-20,Medellin,Vehiculo,23000000,48,2450000,2,Profesional,Divorciado,2,No,Aprobado
SOL-01377,10/01/2025,Medellin,Vehiculo,52000000,48,2920000,2,Tecnico,Casado,2,0,aprobado
SOL-02313,24/03/2025,Bogota,Libre inversion,24000000,12,2650000,5,Bachiller,Casado,0,SI,Aprobado
SOL-00434,2024-05-28,Cali,Vivienda,142300000,120,1800000,10,Posgrado,Soltero,2,Sí,Aprobado
SOL-01293,2024-06-01,BUCARAMANGA,Vehiculo,38700000,60,1800000,1,tecnico,Soltero,N/A,Si,En estudio
SOL-02421,2025-03-24,cali,Educacion,15400000,36,2480000,7,Tecnico,Casado,1,1,Rechazado
SOL-02289,2025-05-11,Medellín,Libre inversion,22700000,36,2.630.000,0,Tecnico,SOLTERO,1,NO,Rechazado
SOL-02317,2025-06-23,Bogota,Vivienda,136900000,240,3440000,3,Bach.,Casado,0,Si,rechazado
SOL-02944,2024-08-01,Cali,Vivienda,161000000,120,11060000,0,Profesional,Casado,1,Si,APROBADO
SOL-02322,2024-06-16,Medellín,Libre inversion,8600000,12,5810000,4,Profesional,SOLTERO,2,Si,APROBADO
SOL-00424,28/10/2024,Bogota,Libre inversion,24900000,48,14760000,15,Profesional,soltero,3,No,Aprobado
SOL-00242,26/12/2024,BUCARAMANGA,Vivienda,201700000,120,2330000,1,Profesional,Casado,0,Sí,Rechazado
SOL-02266,2024-11-02,bogota,Vivienda,157900000,180,$ 5520000,2,POSGRADO,Soltero,2,No,Rechazado
SOL-00799,2025-01-20,CARTAGENA,Educacion,14200000,36,1800000,1,Tecnico,Casado,0,No,Aprobado
SOL-02508,19/12/2024,Cali,Vivienda,101500000,240,1920000,2,Bach.,Unión libre,2,No,Aprobado
SOL-00132,25/06/2025,Bogota,Libre inversion,24800000,12,3650000,4,PROFESIONAL,soltero,1,Si,Aprobado
SOL-00691,2025-03-03,Cali,Vehiculo,46800000,60,5380000,1,PROFESIONAL,Casado,N/A,No,Aprobado
SOL-01288,2024-02-04,Medellin,Libre inversion,8200000,36,4660000,5,Tecnico,SOLTERO,2,Si,En estudio
SOL-02422,2025-06-06,barranquilla,Educacion,13300000,36,3450000,0,Profesional,Union libre,0,No,Aprobado
SOL-00195,06/03/2025,BARRANQUILLA,Vehiculo,59500000,60,2580000,8,Profesional,CASADO,2,No,En estudio
SOL-02979,14/03/2024,cartagena,Vivienda,85500000,120,5310000,2,bachiller,Casado,0,SI,Aprobado
SOL-01059,2024-12-17,BARRANQUILLA,Libre inversion,15500000,12,3.050.000,5,Tecnico,union libre,2,Si,RECHAZADO
SOL-00820,2025-02-08,bucaramanga,Educacion,16000000,24,6920000,1,Técnico,Divorciado,1,No,Rechazado
SOL-00753,2024-05-12,BARRANQUILLA,Educacion,17200000,12,2360000,4,Tec.,Divorciado,2,No,Aprobado
SOL-02091,2024-06-29,Medellin,Vivienda,245000000,120,2960000,1,Profesional,Casado,1,Sí,APROBADO
SOL-00171,2025-04-10,Bogotá D.C.,Libre inversion,20700000,12,2800000, ,bachiller,divorciado,0,Sí,Aprobado
SOL-01152,2024-05-06,BOGOTA,Libre inversion,12800000,48,2.920.000,3,bachiller,CASADO,0,no,Aprobado
SOL-00834,20/02/2025,CARTAGENA,Vivienda,111400000,60,3970000,1,Bachiller,casado,3,Si,Aprobado
SOL-00633,31/01/2024,Barranquilla,Educacion,16300000,12,2090000,1,Tecnico,Union libre,0,No,Aprobado
SOL-02754,2024-12-17,Bogota,Libre inversion,17700000,48,2.910.000,8,profesional,Casado,,No,En estudio
SOL-01777,2025-03-16,cali,Libre inversion,20900000,48,4380000,13,Profesional,Divorciado,0,0,Rechazado
SOL-02719,2024-07-11,BUCARAMANGA,Educacion,4600000,36,1800000,0,Bachiller,Casado,0,Si,Rechazado
SOL-00220,24/06/2024,BOGOTA,Vehiculo,52300000,48,1800000,5,BACHILLER,Union libre,0,No,Aprobado
SOL-02959,2024-05-31,Medellin,Vehiculo,41100000,48,7660000,3,Prof.,Soltero,0,No,Rechazado
SOL-02722,2025-01-26,cali,Educacion,13600000,24,1900000,7,Bach.,soltero,0,No,Rechazado
SOL-02298,2024-06-26,cali,Vehiculo,46000000,60,3400000,4,Profesional,Soltero,1,No,Aprobado
SOL-01158,02/04/2024,Barranquilla,Libre inversion,8600000,36,2330000,5,Bachiller,Soltero,3,1,Aprobado
SOL-01697,03/12/2024,Barranquilla,Vivienda,215800000,180,$ 4280000,11,Tecnico,Union libre,2,Si,Aprobado
SOL-01524,2025-05-22,Pereira,Libre inversion,13000000,36,6730000,10,Posgrado,CASADO,1,No,RECHAZADO
SOL-02945,13/06/2025,Bogota,Libre inversion,22500000,24,4410000,6,Tecnico,casado,4,No,En estudio
SOL-01471,2025-01-13,Pereira,Libre inversion,23000000,48,5510000,4,tecnico,Casado,2,No,APROBADO
SOL-01237,2024-07-09,BOGOTA,Educacion,17600000,12,2700000,3,Bachiller,DIVORCIADO,1,Si,En estudio
SOL-00268,01/05/2025,Bogotá,Vehiculo,24900000,60,$ 2360000,2,Bachiller,Soltero,0,No,Aprobado
SOL-01725,21/06/2024,Barranquilla,Vehiculo,28500000,36,$ 7530000,6,profesional,Union libre,3,no,en estudio
SOL-01325,22/12/2024,Medellín,Educacion,10500000,12,4250000,7,Posgrado,Casado,4,si,aprobado
SOL-01926,2024-01-23,Barranquilla,Libre inversion,14400000,12,3140000,1,Prof.,SOLTERO,0,0,APROBADO
SOL-01322,2024-10-14,Bogotá D.C.,Libre inversion,9900000,36,4110000,2,Bachiller,Soltero,2,Sí,Aprobado
SOL-00528,2025-03-05,BUCARAMANGA,Vivienda,117200000,240,$ 2200000,6,Tecnico,Casado,1,Si,Aprobado
SOL-00692,2024-10-16,Pereira,Libre inversion,9000000,48,3350000, ,Tecnico,Union libre,3,No,En estudio
SOL-00583,2024-09-16,Bogotá D.C.,Vehiculo,21100000,48,5830000,4,Bachiller,Casado,1,No,En estudio
SOL-01704,2025-06-15,Barranquilla,Educacion,12600000,24,7920000,7,Prof.,soltero,2,NO,Aprobado
SOL-02351,10/06/2024,Barranquilla,Libre inversion,19600000,24,$6.870.000,3,PROFESIONAL,divorciado,1,Si,Aprobado
SOL-01165,20/04/2025,Cali,Educacion,7400000,24,2330000,1,PROFESIONAL,Soltero,N/A,no,En estudio
SOL-02018,2025-03-26,Barranquilla,Libre inversion,23300000,36,$ 4300000,2,Profesional,SOLTERO,2,No,Aprobado
SOL-00737,2024-06-16,Bogota,Libre inversion,12800000,48,2350000,12,Bachiller,SOLTERO,3,No,Aprobado
SOL-01730,12/02/2025,Barranquilla,Libre inversion,23900000,48,2.860.000,2,Tec.,soltero,1,Sí,rechazado
SOL-00714,09/06/2024,Bogotá D.C.,Libre inversion,18100000,12,1800000,5,Profesional,Casado,0,0,En estudio
SOL-00673,2025-04-08,Bogotá,Vehiculo,45600000,48,3820000,N/A,Tec.,union libre,0,Si,Rechazado
SOL-00254,2024-12-28,Pereira,Vivienda,240400000,120,$6.640.000,9,profesional,soltero,0,No,rechazado
SOL-01359,25/06/2025,Bogota,Educacion,5800000,36,1820000,2,Técnico,UNION LIBRE,2,Si,Aprobado
SOL-02934,15/01/2024,Cali,Vivienda,139100000,120,3050000,0,Tecnico,Unión libre,1,NO,Aprobado
SOL-00296,2024-07-20,Bucaramanga,Educacion,7200000,36,4420000,1,Técnico,union libre,0,si,Aprobado
SOL-02727,07/02/2025,Bogota,Educacion,11100000,12,4680000,1,Bachiller,Casado,2,no,Aprobado
SOL-02643,24/11/2024,BARRANQUILLA,Vivienda,109600000,120,3.830.000,3,Bachiller,Union libre,1,no,En estudio
SOL-01760,2024-09-10,pereira,Libre inversion,24900000,36,3620000,5,PROFESIONAL,Casado,0,0,Aprobado
SOL-00335,10/11/2024,BOGOTA,Vivienda,167600000,60,6980000,3,Bachiller,SOLTERO,0,No,En estudio
SOL-01615,2025-06-29,pereira,Libre inversion,15400000,24,2.020.000,1,Profesional,soltero,2,No,APROBADO
SOL-00993,2024-12-04,Medellin,Libre inversion,23900000,48,3750000,4,Profesional,Soltero,,Sí,Aprobado
SOL-00527,26/08/2024,bogota,Libre inversion,22900000,48,1800000,20,Bachiller,casado,0,no,Aprobado
SOL-02099,16/03/2024,bucaramanga,Educacion,14600000,36,3.040.000,5,Bachiller,Casado,2,no,Aprobado
SOL-02415,29/04/2025,Barranquilla,Libre inversion,11300000,24,1890000,7,TECNICO,union libre,0,No,rechazado
SOL-00329,2024-05-21,Medellin,Vivienda,228800000,240,2970000,8,Bachiller,Unión libre,3,No,Rechazado
SOL-00271,06/09/2024,Cali,Vehiculo,38600000,36,$4.300.000,0,POSGRADO,Union libre,0,No,Aprobado
SOL-01141,2024-02-18,barranquilla,Libre inversion,18600000,48,5350000,,BACHILLER,Soltero,3,Si,Aprobado
SOL-00302,2025-05-15,Bogotá,Libre inversion,20900000,48,1800000,4,Profesional,Union libre,2,0,Aprobado
SOL-00366,10/04/2025,Bucaramanga,Vehiculo,33400000,48,3820000,0,tecnico,casado,1,No,Rechazado
SOL-00632,2024-04-15,pereira,Vivienda,162000000,120,2430000,3,PROFESIONAL,Casado,2,Si,Aprobado
SOL-02046,05/05/2024,Cali,Vivienda,182600000,180,6070000,2,BACHILLER,Casado,0,Si,Aprobado
SOL-01241,2024-04-26,Medellín,Libre inversion,22400000,12,$ 3730000,5,POSGRADO,SOLTERO,0,No,EN ESTUDIO
SOL-00537,28/04/2025,MEDELLIN,Vehiculo,51000000,48,2840000,3,Profesional,Divorciado,2,SI,Aprobado
SOL-01386,28/02/2025,Bogota,Libre inversion,19400000,48,1800000,2,profesional,Casado,3,No,En estudio
SOL-01295,2025-01-23,Bogota,Libre inversion,11200000,24,4090000,13,BACHILLER,union libre,1,No,Aprobado
SOL-01262,2024-05-29,BUCARAMANGA,Vehiculo,44500000,36,2740000,6,Tecnico,Soltero,4,Si,Aprobado
SOL-00192,2024-12-26,Medellin,Libre inversion,8800000,48,2750000,1,bachiller,SOLTERO,2,No,Aprobado
SOL-01822,12/03/2024,bucaramanga,Libre inversion,14500000,36,2820000, ,Bachiller,Soltero,3,Si,Rechazado
SOL-01946,2025-03-23,Bogotá D.C.,Vivienda,142100000,180,3250000,0,Profesional,Soltero,3,si,Aprobado
SOL-00375,2025-01-12,medellin,Libre inversion,20700000,36,$ 3390000,2,Bachiller,Soltero,0,Si,En estudio
SOL-01352,2024-01-06,Bogota,Libre inversion,20100000,36,2730000,9,Tecnico,CASADO,1,si,Aprobado
SOL-02644,12/05/2025,Medellin,Libre inversion,23800000,24,4400000,2,Tecnico,Soltero,2,Si,rechazado
SOL-00292,2024-04-28,Medellin,Libre inversion,15800000,48,6020000,3,Tec.,casado,2,Si,Aprobado
SOL-02311,2025-01-15,Bogotá D.C.,Vehiculo,46400000,60,5140000,5,Tecnico,Soltero,1,No,Aprobado
SOL-01817,12/02/2025,Cartagena,Vehiculo,48300000,60,3170000,0,Prof.,Union libre,2,Si,Aprobado
SOL-01691,2024-03-28,Bucaramanga,Libre inversion,19200000,12,3000000,4,POSGRADO,casado,2,No,En estudio
SOL-01079,2024-06-26,bogota,Vehiculo,38600000,36,1800000,1,Bach.,SOLTERO,1,No,APROBADO
SOL-02187,2024-04-22,BARRANQUILLA,Vivienda,248800000,240,1800000,13,Tecnico,Casado,2,no,Aprobado
SOL-01635,2024-12-11,Medellin,Educacion,9900000,12,2630000,4,tecnico,CASADO,0,No,Aprobado
SOL-02733,06/02/2024,cali,Libre inversion,16700000,24,2090000,3,PROFESIONAL,Divorciado,1,Si,EN ESTUDIO
SOL-00880,2024-08-12,barranquilla,Educacion,10000000,12,1800000,3,Bach.,Union libre,0,0,En estudio
SOL-02255,2024-11-06,Bucaramanga,Vehiculo,52200000,36,2840000,1,Posgrado,Casado,2,Si,Aprobado
SOL-01486,2025-01-30,Bogota,Vivienda,122100000,180,2670000,0,Profesional,Union libre,2,1,Aprobado
SOL-01163,04/10/2024,Medellin,Educacion,7500000,12,$1.800.000,8,Profesional,Casado,2,No,Rechazado
SOL-02093,11/05/2025,Barranquilla,Vehiculo,25000000,48,2620000,0,Profesional,Soltero,0,0,Aprobado
SOL-02234,25/03/2024,Barranquilla,Vehiculo,26100000,48,$4.420.000,4,Posgrado,Unión libre,1,No,Rechazado
SOL-00180,2025-05-02,Medellin,Vehiculo,51600000,24,2.450.000,1,Posgrado,Union libre,3,Si,aprobado
SOL-01252,2025-01-25,CARTAGENA,Educacion,3500000,12,4.350.000,9,Tecnico,UNION LIBRE,1,No,Aprobado
SOL-02225,2025-03-11,Cali,Libre inversion,24900000,12,1800000,2,Posgrado,Casado,N/A,No,Rechazado
SOL-02020,06/01/2024,Medellin,Vehiculo,33000000,24,3220000,4,Bachiller,Soltero,1,No,Aprobado
SOL-00489,25/10/2024,BOGOTA,Libre inversion,10600000,12,3870000,16,Profesional,Casado,2,Sí,rechazado
SOL-02690,2025-01-10,barranquilla,Educacion,12600000,36,8150000,1,Profesional,Casado,3,Si,Aprobado
SOL-00581,2024-06-27,medellin,Educacion,8200000,36,2800000,4,Tecnico,CASADO,2,NO,Rechazado
SOL-00052,2024-07-18,MEDELLIN,Educacion,17100000,36,5490000,2,Bachiller,soltero,1,No,Rechazado
SOL-02294,2024-09-09,Bogotá,Vivienda,138800000,240,8050000,8,Posgrado,Casado,3,Si,Rechazado
SOL-00892,2024-04-16,cali,Educacion,12900000,12,3630000,7,Profesional,Soltero,1,Si,Aprobado
SOL-02159,04/01/2024,Barranquilla,Educacion,13700000,36,3180000,2,Tecnico,Soltero,0,1,RECHAZADO
SOL-00751,2025-05-17,Cali,Vivienda,156400000,240,$ 2720000,5,bachiller,casado,0,No,En estudio
SOL-00064,2025-04-23,Barranquilla,Vivienda,215000000,60,3260000,,Tecnico,Union libre,2,Si,En estudio
SOL-00893,19/01/2024,PEREIRA,Educacion,3000000,12,2430000,0,Bachiller,Soltero,3,No,Rechazado
SOL-01592,10/02/2025,cali,Vivienda,128600000,120,3570000,1,Profesional,Soltero,0,1,Rechazado
SOL-02581,2024-02-05,Bogota,Vivienda,133100000,60,6040000,3,profesional,SOLTERO,2,Sí,En estudio
SOL-03000,12/03/2025,Bogotá,Libre inversion,21800000,24,2620000,13,BACHILLER,Soltero,1,Si,APROBADO
SOL-00211,2024-07-02,Bogota,Educacion,8900000,36,1840000,4,Profesional,CASADO,0,1,Aprobado
SOL-02359,2024-10-26,Pereira,Vehiculo,52700000,60,2450000,3,Posgrado,casado,0,0,Aprobado
SOL-02085,2024-03-05,bogota,Libre inversion,13500000,36,4450000,1,Profesional,Soltero,0,Si,APROBADO
SOL-02183,2024-06-04,BARRANQUILLA,Libre inversion,19500000,24,2660000,16,Profesional,soltero,2,Si,aprobado
SOL-02720,2025-02-24,Bogotá D.C.,Vivienda,125000000,180,1800000,6,Profesional,divorciado,2,Si,Aprobado
SOL-00980,2024-03-13,Medellín,Vivienda,89000000,240,3860000,1,Profesional,Casado,1,0,Rechazado
SOL-00858,2025-05-24,Barranquilla,Libre inversion,9000000,36,1940000,16,posgrado,Soltero,4,Sí,Aprobado
SOL-02303,2025-03-03,Bucaramanga,Vivienda,106600000,180,$ 7600000,6,Prof.,Divorciado,2,Si,en estudio
SOL-01086,2025-02-25,medellin,Vehiculo,38700000,48,3.130.000,4,Profesional,Union libre,3,No,APROBADO
SOL-00340,2024-09-11,MEDELLIN,Libre inversion,13600000,36,2260000,4,Posgrado,casado,0,No,Aprobado
SOL-02434,21/02/2024,barranquilla,Libre inversion,17000000,12,2.160.000,0,Tecnico,Union libre,0,Si,En estudio
SOL-01233,2024-03-18,Bucaramanga,Educacion,16700000,24,3030000,0,Bachiller,Union libre,1,No,rechazado
SOL-00659,2024-08-03,Medellin,Libre inversion,16500000,24,$5.590.000,11,Bachiller,Soltero,2,No,Aprobado
SOL-00747,2024-07-31,CALI,Vehiculo,55500000,48,3350000, ,,Casado,2,Si,rechazado
SOL-01765,03/02/2025,Medellin,Vehiculo,42200000,48,$ 2810000,4,Tecnico,Divorciado,0,Si,aprobado
SOL-01999,19/07/2024,Medellín,Educacion,11100000,36,2660000,1,Posgrado,Divorciado,1,no,rechazado
SOL-01482,2025-03-19,BARRANQUILLA,Libre inversion,16400000,12,2570000,5,Bachiller,Casado,4,No,Rechazado
SOL-01724,09/12/2024,Cali,Vehiculo,42500000,36,2180000,5,Posgrado,Union libre,0,Si,Aprobado
SOL-02845,2024-06-10,Bogota,Vehiculo,49700000,48,4100000,2,Posgrado,UNION LIBRE,0,No,En estudio
SOL-01456,28/01/2025,bogota,Educacion,6500000,12,5.490.000,2,Postgrado,soltero,3,Si,Rechazado
SOL-00872,2024-03-20,Medellín,Libre inversion,21300000,12,4050000,9,Profesional,Casado,1,0,Rechazado
SOL-01907,2024-11-25,Barranquilla,Libre inversion,22900000,24,4430000,13,PROFESIONAL,Casado,0,Si,Aprobado
SOL-00805,2024-10-31,Medellin,Vivienda,241200000,240,$ 1890000,7,Prof.,Unión libre,1,Si,Aprobado
SOL-02464,01/06/2025,Bogota,Libre inversion,8900000,24,$2.850.000,9,Tecnico,Casado,1,No,Rechazado
SOL-02701,2024-04-07,bucaramanga,Vehiculo,34800000,60,2200000,3,Bachiller,soltero,3,No,Rechazado
SOL-01304,22/05/2025,Bogota,Libre inversion,22300000,36,$1.800.000,2,Posgrado,Soltero,1,0,Aprobado
SOL-00355,2024-06-06,Bogota,Vivienda,156700000,60,3730000,2,POSGRADO,Casado,1,No,En estudio
SOL-02814,05/06/2024,Cali,Libre inversion,11500000,48,$6.450.000,3,PROFESIONAL,Soltero,0,No,Aprobado
SOL-02168,2024-01-31,pereira,Libre inversion,9300000,24,1840000,1,Posgrado,Soltero,0,SI,Aprobado
SOL-00735,2024-08-25,Bogota,Educacion,8100000,12,$ 3240000,9,Profesional,Casado,0,No,Aprobado
SOL-02519,2024-12-19,Bogota,Educacion,16400000,36,$ 1800000,1,Posgrado,Union libre,2,si,Aprobado
SOL-00864,2024-02-10,Pereira,Vehiculo,20200000,24,1800000,1,Tecnico,soltero,2,Si,APROBADO
SOL-02157,2025-02-13,bogota,Vivienda,246200000,180,2380000,1,bachiller,Casado,1,No,EN ESTUDIO
SOL-02280,2024-06-15,bogota,Vehiculo,35800000,48,2520000,5,Tecnico,Union libre,0,Si,Aprobado
SOL-00059,2024-12-28,bucaramanga,Libre inversion,17400000,12,$ 6270000,1,Profesional,SOLTERO,0,1,Aprobado
SOL-02595,2025-06-26,Bogota,Vivienda,104700000,120,3590000,4,Bach.,divorciado,3,no,En estudio
SOL-02077,01/09/2024,Barranquilla,Vivienda,109200000,60,1800000,1,PROFESIONAL,soltero,1,No,En estudio
SOL-02654,2024-03-23,Cali,Educacion,6400000,36,3750000,5,,CASADO,2,no,En estudio
SOL-02264,03/06/2025,BOGOTA,Libre inversion,18100000,48,$1.800.000,1,Profesional,Soltero,1,No,Rechazado
SOL-00215,19/11/2024,Cali,Educacion,4000000,36,5710000,19,Posgrado,Soltero,3,si,Aprobado
SOL-02333,21/06/2025,Barranquilla,Vivienda,153300000,240,2410000,2,Técnico,Casado,3,No,Aprobado
SOL-01074,22/10/2024,Bogotá D.C.,Vehiculo,28400000,24,8770000,4,Profesional,Soltero,2,No,En estudio
SOL-01180,2024-07-23,Cartagena,Educacion,13100000,12,7610000,1,Bachiller,UNION LIBRE,1,1,Rechazado
SOL-01540,2024-11-15,Bucaramanga,Vivienda,221200000,60,4470000,5,Técnico,Union libre,2,SI,Rechazado
SOL-02515,2024-12-19,Bogotá,Vivienda,246400000,240,6760000,0,Bachiller,UNION LIBRE,1,No,Aprobado
SOL-02078,26/12/2024,Bogota,Vivienda,109000000,60,2950000,2,Bachiller,Casado,2,No,En estudio
SOL-00804,2024-05-18,PEREIRA,Libre inversion,18400000,48,6150000,5,Prof.,Casado,,Si,En estudio
SOL-00454,2024-11-10,Cali,Libre inversion,10700000,12,$ 6160000,1,Profesional,soltero,2,NO,Aprobado
SOL-02167,31/03/2024,CALI,Vehiculo,35200000,24,1800000,3,Bachiller,Casado,0,No,Rechazado
SOL-02286,26/04/2025,Medellín,Libre inversion,20400000,12,,5,tecnico,Soltero,0,0,Aprobado
SOL-01125,2024-11-23,Cali,Vehiculo,20300000,36,4290000,1,Tecnico,Casado,2,No,APROBADO
SOL-00214,2024-11-27,BOGOTA,Libre inversion,23800000,24,7710000,12,Posgrado,Soltero,1,No,rechazado
SOL-01168,2024-12-03,Pereira,Libre inversion,9600000,12,2150000,2,Tecnico,Soltero,0,No,Aprobado
SOL-01193,2024-05-02,Bogota,Vivienda,85900000,60,$1.800.000,,Bachiller,CASADO,3,Si,Aprobado
SOL-00962,2024-05-06,Bogota,Vivienda,90800000,240,13040000,0,Posgrado,Unión libre,2,No,En estudio
SOL-00342,2024-04-23,Medellin,Educacion,11900000,24,4690000,4,Tecnico,Soltero,2,Si,APROBADO
SOL-00148,2025-06-08,Cali,Libre inversion,14400000,48,3840000,N/A,TECNICO,Union libre,1,No,RECHAZADO
SOL-01993,19/09/2024,barranquilla,Libre inversion,17100000,12,4130000,10,Posgrado,Casado,0,Si,Rechazado
SOL-02471,02/11/2024,cali,Libre inversion,19700000,24,1800000,14,Bachiller,Soltero,2,No,Rechazado
SOL-02139,14/12/2024,Barranquilla,Vivienda,151200000,180,2840000,0,Tecnico,Soltero,2,si,APROBADO
SOL-02900,2024-12-23,Pereira,Vehiculo,37600000,60,1800000,5,Tecnico,Unión libre,3,Si,rechazado
SOL-00218,2024-12-09,CALI,Libre inversion,10000000,12,4190000,6,POSGRADO,Soltero,0,NO,En estudio
SOL-02073,2025-05-26,Bogota,Libre inversion,10000000,36,4900000,1,Profesional,Union libre,1,Si,Rechazado
SOL-00453,2024-10-11,cartagena,Vehiculo,58500000,24,2810000,1,Bach.,Casado,1,Sí,Aprobado
SOL-00930,2024-05-06,Bucaramanga,Libre inversion,24400000,24,11800000,10,Tec.,Divorciado,0,Si,Aprobado
SOL-02104,2024-07-11,Cali,Libre inversion,11800000,48,3580000,4,PROFESIONAL,Soltero,1,No,Rechazado
SOL-01239,2025-01-24,medellin,Vehiculo,57600000,60,1800000,6,Bachiller,Union libre,0,No,En estudio
SOL-02067,09/05/2024,Barranquilla,Vivienda,95200000,120,$1.910.000,4,Profesional,Union libre,2,No,Rechazado
SOL-02253,2024-08-30,Barranquilla,Libre inversion,9700000,48,3820000,2,Bachiller,Union libre,0,0,En estudio
SOL-01806,10/08/2024,Medellin,Libre inversion,9700000,48,2830000,5,Posgrado,Union libre,4,No,Rechazado
SOL-02517,2025-05-06,Medellin,Libre inversion,21200000,24,2590000,2,Profesional,Casado,1,Si,En estudio
SOL-01033,16/01/2025,barranquilla,Libre inversion,17900000,36,$ 5810000,5,posgrado,Soltero,4,Si,Rechazado
SOL-00978,2025-04-03,CALI,Libre inversion,19700000,12,1800000,1,Bachiller,Divorciado,2,no,Aprobado
SOL-01398,2025-01-31,Barranquilla,Libre inversion,17800000,36,2810000,4,posgrado,Soltero,1,Si,Rechazado
SOL-02143,04/04/2025,Medellin,Libre inversion,16100000,24,1800000,6,tecnico,Soltero,1,Sí,aprobado
SOL-02672,2024-11-23,Medellin,Educacion,7000000,24,1800000,7,Bachiller,SOLTERO,2,0,APROBADO
SOL-01114,2024-11-22,Bogotá,Educacion,7400000,24,1900000,1,PROFESIONAL,Soltero,1,No,aprobado
SOL-01671,06/04/2025,Bogota,Vehiculo,31000000,60,4810000,2,Tecnico,Union libre,0,Sí,Aprobado
SOL-02439,2024-07-04,BOGOTA,Educacion,12200000,24,6230000,4,Bachiller,Soltero,0,no,Aprobado
SOL-01243,2025-01-04,Barranquilla,Educacion,15800000,24,4070000,8,Tecnico,Union libre,1,No,APROBADO
SOL-01794,2025-06-26,Cartagena,Libre inversion,19800000,48,$ 2730000,2,Profesional,Union libre,1,Si,Rechazado
SOL-00802,29/04/2024,Cartagena,Libre inversion,19900000,24,5220000,3,Posgrado,Soltero,1,NO,Aprobado
SOL-02148,2025-03-22,Bogota,Libre inversion,9600000,36,8190000,4,Tecnico,Union libre,0,No,Aprobado
SOL-02877,2025-06-23,BOGOTA,Educacion,3100000,36,$ 2150000,8,Bachiller,casado,0,No,RECHAZADO
SOL-01600,2024-06-04,Medellin,Vehiculo,27900000,60,$2.480.000,6,Prof.,Soltero,2,Si,rechazado
SOL-00151,09/06/2025,Bogota,Vivienda,177300000,120,7300000,6,Tecnico,soltero,1,si,Rechazado
SOL-02389,2024-12-05,PEREIRA,Vehiculo,33000000,24,5.400.000,6,Tecnico,soltero,0,Si,Rechazado
SOL-02376,2025-02-15,Cali,Libre inversion,18300000,12,3560000,0,Profesional,Soltero,1,0,Rechazado
SOL-01306,2024-10-01,Bogota,Vehiculo,43800000,36,2830000,0,Posgrado,Soltero,2,no,Rechazado
SOL-02383,15/07/2024,barranquilla,Vehiculo,27500000,60,7320000,10,Bachiller,SOLTERO,2,0,En estudio
SOL-00485,16/04/2025,pereira,Educacion,7900000,24,5950000,1,PROFESIONAL,Casado,0,No,Rechazado
SOL-01807,2024-10-14,Bogota,Vivienda,247800000,240,3450000,1,BACHILLER,CASADO,1,No,Rechazado
SOL-01885,2024-06-26,Bogota,Libre inversion,18900000,48,4820000,2,bachiller,Divorciado,2,No,Rechazado
SOL-01756,22/02/2025,CALI,Libre inversion,14200000,36,7050000,7,Bachiller,Soltero,0,No,rechazado
SOL-00741,2025-04-27,Pereira,Vivienda,243700000,180,12630000,17,Bach.,CASADO,2,No,Aprobado
SOL-00650,2024-10-10,Medellín,Libre inversion,9700000,36,4270000,5,Profesional,Casado,0,Si,Aprobado
SOL-01864,2025-01-19,Cartagena,Libre inversion,19700000,12,2550000, ,Posgrado,Unión libre,3,Si,En estudio
SOL-02892,2024-12-15,Medellin,Vivienda,218000000,120,1800000,1,Bachiller,Soltero,1,No,En estudio
SOL-02052,23/04/2024,barranquilla,Educacion,14300000,24,6560000,2,Profesional,casado,1,No,Aprobado
SOL-00570,2025-04-30,Medellín,Educacion,9500000,12,2380000,3,Bachiller,Union libre,1,Si,Rechazado
SOL-01433,2025-06-01,Cartagena,Libre inversion,18500000,36,1800000,7,Bachiller,SOLTERO,2,No,En estudio
SOL-01492,2024-10-11,Bogota,Libre inversion,24400000,48,4160000,1,Bachiller,Casado,0,No,En estudio
SOL-00518,2025-06-17,BARRANQUILLA,Libre inversion,19300000,24,$4.150.000,11,Tecnico,Soltero,2,SI,Rechazado
SOL-01166,30/03/2024,bogota,Educacion,16700000,12,1800000,0,profesional,Union libre,0,No,APROBADO
SOL-01778,28/01/2025,Bogotá,Libre inversion,23300000,24,3350000,4,Tecnico,SOLTERO,1,No,aprobado
SOL-01899,03/08/2024,medellin,Libre inversion,16800000,24,3200000,11,Tecnico,Union libre,,Si,EN ESTUDIO
SOL-00994,2024-11-14,Pereira,Vivienda,247900000,120,$4.100.000,3,Profesional,Union libre,1,No,Aprobado
SOL-02261,2025-01-28,pereira,Educacion,13100000,36,$3.020.000,9,Prof.,Soltero,3,Si,aprobado
SOL-00193,08/02/2024,Bogota,Vivienda,87300000,120,2250000,4,Profesional,Union libre,0,No,Aprobado
SOL-01040,2024-03-04,cartagena,Libre inversion,16500000,12,3080000,5,Bachiller,Unión libre,2,Si,aprobado
SOL-00946,2024-04-16,Medellin,Vehiculo,22600000,48,2820000,8,Posgrado,Soltero,0,Si,En estudio
SOL-02642,2024-07-08,Bogotá,Vivienda,85500000,180,2.800.000,1,Profesional,divorciado,0,SI,Aprobado
SOL-02729,2024-02-13,Medellin,Vivienda,191500000,180,1800000,0,Posgrado,CASADO,1,NO,Aprobado
SOL-00073,2025-03-10,Bogota,Libre inversion,13100000,48,4440000,6,Posgrado,Divorciado,2,Sí,Aprobado
SOL-01209,24/01/2024,Bogota,Vivienda,235900000,240,3610000,1,profesional,Soltero,0,0,Aprobado
SOL-00090,2024-05-04,Bucaramanga,Vehiculo,58800000,36,3290000,3,Profesional,soltero,0,No,EN ESTUDIO
SOL-02752,2025-03-24,PEREIRA,Vehiculo,20200000,48,3320000,3,Posgrado,Union libre,0,No,En estudio
SOL-00018,23/12/2024,Medellin,Educacion,16800000,12,$ 2350000,4,Posgrado,Casado,4,No,Aprobado
SOL-02009,21/09/2024,Bogotá,Educacion,13700000,24,1800000,17,Bach.,Union libre,3,si,En estudio
SOL-00665,2024-06-20,Barranquilla,Libre inversion,24100000,48,4930000,8,Profesional,Union libre,4,Si,En estudio
SOL-01662,2025-06-04,MEDELLIN,Libre inversion,11600000,24,$ 3940000,8,Bach.,Union libre,2,No,Aprobado
SOL-02372,2024-07-22,Cali,Vivienda,198000000,180,4730000,2,Profesional,Casado,4,0,En estudio
SOL-00116,2024-08-15,Barranquilla,Vehiculo,42000000,48,3810000,8,Tecnico,DIVORCIADO,0,No,Rechazado
SOL-01484,2024-07-22,CALI,Vivienda,244900000,240,5080000,2,Bach.,Soltero,0,Si,En estudio
SOL-01727,23/05/2024,Medellín,Vehiculo,33400000,36,1.800.000,6,Postgrado,Soltero,2,Si,aprobado
SOL-02619,2024-12-25,Cartagena,Libre inversion,20200000,36,1800000,12,Prof.,soltero,1,No,En estudio
SOL-02083,2024-01-17,MEDELLIN,Libre inversion,18600000,12,$ 5610000,2,Bach.,Soltero,N/A,NO,Aprobado
SOL-00263,2025-05-21,Cartagena,Vehiculo,32600000,48,3820000,14,PROFESIONAL,Casado,3,Si,APROBADO
SOL-00525,2024-05-06,BARRANQUILLA,Libre inversion,13100000,48,2.590.000,3,Profesional,Soltero,1,SI,Aprobado
SOL-02169,26/03/2024,Bogota,Vivienda,171700000,180,$ 1800000,3,Prof.,Casado,0,No,RECHAZADO
SOL-00738,2025-06-27,Bogota,Vehiculo,27700000,48,4230000,7,,Divorciado,2,No,Aprobado
SOL-01382,2024-02-13,Barranquilla,Vivienda,109400000,180,3.510.000,10,posgrado,Unión libre,2,Si,Aprobado
SOL-00718,05/06/2024,Bucaramanga,Educacion,15900000,12,1800000,2,PROFESIONAL,CASADO,1,No,Rechazado
SOL-00299,21/02/2025,Bogotá,Vivienda,93300000,60,1860000,1,Posgrado,Union libre,1,no,En estudio
SOL-02473,2024-11-04,Barranquilla,Libre inversion,12700000,24,2890000,6,Bachiller,casado,2,NO,APROBADO
SOL-01852,07/01/2025,Medellin,Libre inversion,14000000,24,2950000,9,Bachiller,divorciado,3,Si,Rechazado
SOL-01451,2025-02-15,CARTAGENA,Libre inversion,22500000,48,1.800.000,2,Tecnico,SOLTERO,0,No,En estudio
SOL-01257,2024-02-11,Medellin,Libre inversion,9900000,36,7120000,0,Bachiller,Soltero,2,Si,Aprobado
SOL-00513,2024-01-24,Bogota,Educacion,7100000,24,$7.810.000,2,profesional,Union libre,0,No,aprobado
SOL-00038,01/06/2024,Cali,Educacion,5200000,24,5540000,2,Posgrado,Casado,2,NO,Rechazado
SOL-02431,2025-01-21,Bogota,Vehiculo,45900000,60,5180000,0,Bachiller,Divorciado,1,No,En estudio
SOL-02497,2024-05-01,Bogota,Vivienda,236200000,60,$4.730.000,3,profesional,Soltero,,Si,Aprobado
SOL-01181,2024-02-16,Bogotá D.C.,Vivienda,94700000,120,9.860.000,9,Profesional,Divorciado,1,si,Aprobado
SOL-00399,2025-06-28,Bucaramanga,Vehiculo,36500000,24,2050000,5,Prof.,Soltero,1,0,Rechazado
SOL-01465,2024-07-15,barranquilla,Vehiculo,21500000,24,2960000,4,Posgrado,soltero,2,No,Aprobado
SOL-01287,2025-02-20,PEREIRA,Libre inversion,12300000,36,2600000,4,Tecnico,Union libre,1,Si,Aprobado
SOL-01207,2025-04-08,Bucaramanga,Libre inversion,15200000,24,11070000,3,Prof.,Union libre,0,No,En estudio
SOL-01848,2025-05-10,cali,Educacion,4300000,12,4040000,1,Bach.,soltero,1,no,aprobado
SOL-01316,2025-05-16,Bogota,Vivienda,126300000,60,$ 3170000,1,Bachiller,Union libre,1,Si,aprobado
SOL-02973,2024-05-25,Cartagena,Libre inversion,14300000,48,2930000,1,Tecnico,casado,0,Si,aprobado
SOL-02343,2024-11-15,Barranquilla,Educacion,3200000,12,$3.910.000,13,TECNICO,Union libre,1,0,Aprobado
SOL-00396,2024-04-07,CARTAGENA,Libre inversion,23400000,48,4890000,2,Bachiller,Union libre,0,No,Aprobado
SOL-00095,08/12/2024,cartagena,Educacion,17000000,36,3760000,1,TECNICO,Soltero,0,No,Aprobado
SOL-02557,31/01/2025,Medellin,Libre inversion,10400000,48,1800000,11,Bachiller,Unión libre,2,SI,Aprobado
SOL-00717,2024-07-05,Bucaramanga,Vehiculo,59300000,48,2740000,2,Prof.,Union libre,2,No,Aprobado
SOL-01082,12/11/2024,Bogota,Vehiculo,42100000,24,4750000,3,Bachiller,Divorciado,0,No,Aprobado
SOL-02689,2024-04-27,Bogota,Educacion,14800000,36,$2.470.000,19,Prof.,Divorciado,0,Sí,Rechazado
SOL-00948,2025-04-24,bogota,Vivienda,151100000,240,3830000,7,Bachiller,Union libre,1,Sí,Aprobado
SOL-01277,23/11/2024,Cartagena,Educacion,13300000,24,2100000,1,Profesional,DIVORCIADO,1,0,Rechazado
SOL-00896,30/04/2024,Bogota,Vehiculo,39300000,60,2610000,9,Profesional,Casado,4,Si,Aprobado
SOL-02667,2024-10-22,PEREIRA,Libre inversion,19700000,48,9.340.000,2,Bach.,Casado,2,Si,Aprobado
SOL-01037,13/05/2025,Medellín,Libre inversion,23500000,12,3040000,1,profesional,SOLTERO,2,Si,Aprobado
SOL-01553,2025-04-16,Medellín,Educacion,6700000,24,2750000,3,Profesional,Soltero,2,No,Aprobado
SOL-00197,2025-06-25,cartagena,Vivienda,123200000,180,3760000,4,Tecnico,Union libre,2,No,aprobado
SOL-00408,2025-02-11,Cali,Libre inversion,18500000,24,2200000,6,bachiller,Union libre,2,Si,Aprobado
SOL-00662,18/06/2024,Bogota,Libre inversion,24900000,24,$ 5630000,2,Profesional,Divorciado,1,Si,Aprobado
SOL-00579,19/01/2025,Pereira,Libre inversion,18000000,48,10600000,1,Posgrado,soltero,0,si,EN ESTUDIO
SOL-01396,20/10/2024,Barranquilla,Vehiculo,24600000,36,8660000,2,Profesional,SOLTERO,1,Si,Aprobado
SOL-02686,26/07/2024,BOGOTA,Vehiculo,23500000,60,2350000,0,Tecnico,Soltero,2,si,Rechazado
SOL-02325,2024-03-18,Bogota,Libre inversion,21100000,12,2890000,18,Postgrado,Casado,1,No,Aprobado
SOL-00318,2024-04-10,Pereira,Vehiculo,58100000,36,4390000,2,Bachiller,Casado,0,Si,Aprobado
SOL-02229,2024-09-08,Medellín,Vehiculo,37300000,36,8180000,5,Profesional,Soltero,1,Si,Rechazado
SOL-02829,2025-01-24,CALI,Vehiculo,37900000,48,5.050.000,8,Profesional,soltero,1,No,Rechazado
SOL-01623,22/11/2024,cali,Libre inversion,21000000,24,6020000,2,Tecnico,divorciado,0,Sí,Aprobado
SOL-02246,2025-05-19,Bogota,Vivienda,213200000,120,3340000,N/A,Tecnico,SOLTERO,2,NO,APROBADO
SOL-01650,2024-01-28,Cartagena,Libre inversion,13600000,24,1800000,4,Tec.,Soltero,2,no,aprobado
SOL-01321,2025-01-12,Pereira,Libre inversion,9700000,12,4080000,1,Técnico,Casado,0,Si,Aprobado
SOL-02803,09/05/2024,Barranquilla,Vivienda,123100000,120,4250000,6,TECNICO,Union libre,2,0,Rechazado
SOL-00545,2024-10-04,cali,Vivienda,117100000,60,1800000,3,Posgrado,Union libre,1,Si,Rechazado
SOL-02970,2024-08-22,Barranquilla,Vehiculo,36900000,60,5430000,10,Tecnico,Soltero,0,No,Aprobado
SOL-00839,2024-07-14,Medellín,Vehiculo,32300000,24,1800000,11,Posgrado,Soltero,1,No,aprobado
SOL-02600,08/06/2025,Cartagena,Vivienda,127500000,120,$ 4570000,2,Profesional,Casado,1,No,En estudio
SOL-00547,26/02/2025,Barranquilla,Libre inversion,14000000,24,3520000,4,TECNICO,Union libre,2,No,Aprobado
SOL-01276,21/01/2025,Barranquilla,Libre inversion,22200000,12,3680000,1,TECNICO,Soltero,0,1,Aprobado
SOL-01998,2024-05-21,Cali,Vehiculo,29800000,36,3630000,3,Posgrado,Casado,2,Si,Aprobado
SOL-01229,13/03/2025,Bogota,Vivienda,114200000,180,2810000,1,Tecnico,Casado,4,No,Aprobado
SOL-01437,18/03/2025,Cartagena,Vivienda,209800000,60,6050000,1,Tecnico,CASADO,2,Si,Aprobado
SOL-02695,2024-10-26,Cali,Libre inversion,21500000,24,5080000,6,Profesional,Casado,2,No,Aprobado
SOL-02711,2025-05-09,Pereira,Libre inversion,19700000,36,6100000,2,Posgrado,Soltero,2,no,En estudio
SOL-00636,2024-10-14,medellin,Libre inversion,16900000,12,2480000,3,profesional,Divorciado,1,Si,Aprobado
SOL-02374,23/06/2025,Barranquilla,Libre inversion,24400000,36,3030000,14,profesional,Soltero,1,Sí,Aprobado
SOL-00591,2025-03-16,Pereira,Vivienda,214500000,120,2150000,7,Profesional,Divorciado,2,no,Aprobado
SOL-02142,07/01/2024,Bogotá D.C.,Libre inversion,13000000,12,2390000,0,Bachiller,Casado,0,Si,Aprobado
SOL-01424,2025-06-20,Barranquilla,Libre inversion,11200000,24,2910000,5,Bachiller,Casado,1,Si,En estudio
SOL-02176,2024-06-11,Bogotá D.C.,Vivienda,189000000,180,6570000,15,Tecnico,Casado,1,Si,En estudio
SOL-00109,2025-04-13,Bogota,Vivienda,98800000,180,2490000,11,Tecnico,Casado,3,0,RECHAZADO
SOL-00719,2024-06-20,Medellin,Libre inversion,12900000,12,3060000,8,Profesional,Divorciado,0,Si,Aprobado
SOL-02327,2024-02-21,cali,Vehiculo,40000000,60,5300000,3,Tecnico,Union libre,0,No,Aprobado
SOL-02712,2025-03-04,BOGOTA,Vivienda,124600000,240,$5.190.000,3,Tecnico,Casado,2,SI,Aprobado
SOL-02566,17/02/2025,PEREIRA,Libre inversion,12800000,12,3550000,2,POSGRADO,Union libre,1,No,Aprobado
SOL-01542,23/05/2025,PEREIRA,Educacion,8700000,36,2310000,5,PROFESIONAL,Soltero,1,No,en estudio
SOL-00843,25/02/2024,Bogotá D.C.,Libre inversion,18000000,48,1800000,1,Tecnico,Union libre,2,No,APROBADO
SOL-02627,2025-04-04,Barranquilla,Educacion,11300000,12,11450000,0,Posgrado,Soltero,0,Sí,En estudio
SOL-02402,2024-08-17,Cartagena,Educacion,8400000,36,1800000,4,Posgrado,Union libre,2,0,Aprobado
SOL-00713,2024-12-12,CALI,Libre inversion,20800000,48,$ 7550000,1,Profesional,Casado,0,No,Aprobado
SOL-00288,2024-07-12,barranquilla,Educacion,8300000,24,3470000,4,Técnico,Casado,0,Si,Aprobado
SOL-01579,2024-07-17,Medellin,Vehiculo,27300000,24,2490000,0,Bachiller,Divorciado,4,Si,Rechazado
SOL-01367,20/12/2024,barranquilla,Vehiculo,48000000,24,4100000,6,PROFESIONAL,Soltero,1,No,APROBADO
SOL-01097,22/06/2025,Medellin,Vivienda,163700000,60,,1,Prof.,Union libre,0,SI,APROBADO
SOL-01734,2025-02-28,Bogotá,Educacion,8100000,24,$1.800.000,3,Profesional,Casado,0,NO,aprobado
SOL-01627,2024-06-13,Bogota,Vivienda,92100000,60,$ 1800000,4,Tecnico,Casado,1,No,Rechazado
SOL-01415,2025-01-26,Cali,Vivienda,146300000,60,2560000,6,Bachiller,Soltero,3,no,Aprobado
SOL-01551,2024-09-03,Bogota,Libre inversion,16500000,36,$3.070.000,1,Bachiller,Unión libre,1,Sí,aprobado
SOL-00745,01/06/2025,Cartagena,Libre inversion,12300000,48,2160000,8,Posgrado,Soltero,1,No,Rechazado
SOL-01182,2024-09-02,Bogota,Vehiculo,32100000,48,5360000,7,Tecnico,Divorciado,,Si,aprobado
SOL-02685,2024-09-08,CARTAGENA,Educacion,7300000,36,6140000,1,Tec.,Casado,2,Si,Rechazado
SOL-00842,04/01/2024,Cali,Vehiculo,37900000,24,$ 3220000,11,Posgrado,Soltero,1,Si,APROBADO
SOL-00201,05/02/2025,Bogota,Vivienda,198900000,240,$ 6030000,1,PROFESIONAL,Union libre,0,No,Rechazado
SOL-02446,2025-02-20,Barranquilla,Vehiculo,23300000,36,4950000,4,Tecnico,Divorciado,0,No,APROBADO
SOL-01503,2024-08-05,Bogota,Vehiculo,57700000,24,$ 3000000,7,Profesional,union libre,3,No,aprobado
SOL-02210,2025-02-21,cali,Vivienda,153100000,60,1800000,8,Bachiller,SOLTERO,1,no,En estudio
SOL-02995,2024-12-14,Bogota,Libre inversion,24900000,12,1.970.000,1,Tecnico,Casado,3,No,Aprobado
SOL-01366,2025-02-27,MEDELLIN,Libre inversion,8500000,12,1890000,1,Bachiller,Union libre,0,No,Aprobado
SOL-01427,26/04/2025,Cartagena,Libre inversion,9600000,36,5040000,8,Tecnico,Casado,1,NO,En estudio
SOL-00526,28/08/2024,Bogota,Vivienda,216600000,60,$ 1940000,0,Bachiller,Union libre,0,Si,Aprobado
SOL-01735,2025-05-01,Cartagena,Libre inversion,17000000,36,3660000, ,bachiller,divorciado,2,No,Rechazado
SOL-01696,01/08/2024,medellin,Vivienda,186800000,60,1800000,2,Profesional,Union libre,0,Si,RECHAZADO
SOL-02700,24/06/2024,bogota,Libre inversion,22800000,48,12910000,1,BACHILLER,soltero,1,No,Aprobado
SOL-00507,2024-01-05,Medellín,Vehiculo,24400000,48,6780000,1,Tecnico,Casado,0,NO,En estudio
SOL-00480,2024-08-26,bogota,Vehiculo,41800000,48,4380000,2,Profesional,Casado,2,Sí,Aprobado
SOL-00688,2024-12-20,Pereira,Vehiculo,30200000,36,5950000,1,Profesional,Soltero,0,Si,Rechazado
SOL-02290,2025-02-11,Cali,Vivienda,99600000,120,3230000,0,Bachiller,Union libre,0,Si,Aprobado
SOL-02537,14/03/2024,Bogota,Vivienda,86100000,180,3010000,3,TECNICO,Union libre,1,Si,Rechazado
SOL-00397,2025-04-11,Bogota,Vivienda,170000000,60,3750000,1,Posgrado,Divorciado,1,No,Aprobado
SOL-02221,16/12/2024,Barranquilla,Libre inversion,9600000,36,3870000,3,profesional,Union libre,3,Si,APROBADO
SOL-02312,2024-02-13,Cartagena,Vehiculo,39100000,48,2480000,2,Profesional,Casado,2,No,Rechazado
SOL-01448,28/06/2025,Medellin,Vivienda,100600000,60,3190000,2,Posgrado,Union libre,1,Si,APROBADO
SOL-00884,2024-09-15,Bucaramanga,Libre inversion,8100000,48,4000000,0,PROFESIONAL,Union libre,0,no,Aprobado
SOL-01527,2025-01-11,Bogota,Vivienda,142400000,180,1800000,1,Profesional,Casado,1,Sí,Aprobado
SOL-01303,2024-09-14,CALI,Vivienda,163500000,120,3610000,2,Posgrado,Soltero,1,si,APROBADO
SOL-00603,2024-09-16,Bogota,Libre inversion,21500000,48,3.210.000,1,BACHILLER,Soltero,1,Sí,Rechazado
SOL-00241,2025-06-23,Pereira,Libre inversion,15500000,24,3940000,1,Tecnico,Casado,0,Si,Rechazado
SOL-02749,10/07/2024,Medellin,Libre inversion,15200000,48,$4.970.000,3,Tecnico,UNION LIBRE,3,No,RECHAZADO
SOL-00449,2025-05-06,CARTAGENA,Vehiculo,33000000,36,4650000,20,bachiller,Soltero,2,1,Rechazado
SOL-01063,14/08/2024,BARRANQUILLA,Vivienda,92000000,60,1.800.000,2,tecnico,casado,0,Si,Aprobado
SOL-02671,2024-09-18,Barranquilla,Vivienda,201600000,180,9150000,1,Profesional,Casado,0,No,Rechazado
SOL-00014,2025-05-10,Medellin,Libre inversion,8900000,48,2170000,0,Profesional,Soltero,2,No,Aprobado
SOL-02981,2024-08-24,Bucaramanga,Libre inversion,12200000,36,6040000,15,PROFESIONAL,CASADO,1,No,Aprobado
SOL-02137,2024-02-26,Bogotá,Vivienda,126400000,120,3970000,5,bachiller,Casado,0,No,RECHAZADO
SOL-01058,03/06/2024,Pereira,Educacion,10300000,12,6400000,15,Tec.,Union libre,0,si,Aprobado
SOL-02730,2024-12-08,Bogota,Libre inversion,17800000,48,7390000,17,Profesional,Casado,3,No,Aprobado
SOL-01843,2025-02-06,CALI,Libre inversion,13200000,24,6150000,4,tecnico,Soltero,1,No,Aprobado
SOL-00377,2024-05-05,Bogota,Vivienda,194100000,120,2440000,,Profesional,Soltero,1,0,Aprobado
SOL-02419,2025-03-26,Bogotá D.C.,Libre inversion,18900000,36,4310000,N/A,Posgrado,UNION LIBRE,3,0,Aprobado
SOL-00264,17/01/2025,Bogota,Educacion,16100000,24,3080000,3,Profesional,Union libre,1,Si,En estudio
SOL-00616,02/08/2024,Medellin,Libre inversion,23400000,24,4750000,1,Tecnico,Casado,2,no,Aprobado
SOL-00504,2024-03-29,PEREIRA,Vivienda,170600000,240,,0,BACHILLER,Soltero,0,NO,En estudio
SOL-00058,26/08/2024,Bogota,Vehiculo,25800000,60,$5.050.000,,Tecnico,Soltero,0,No,aprobado
SOL-01515,2024-09-08,cali,Vehiculo,55100000,36,2520000,1,Técnico,Divorciado,0,si,Rechazado
SOL-02410,2024-05-01,CARTAGENA,Libre inversion,13200000,12,2320000,8,Profesional,Divorciado,0,NO,Aprobado
SOL-02843,29/05/2024,Cali,Vivienda,228100000,120,1800000,15,Postgrado,union libre,1,No,En estudio
SOL-02379,2024-08-01,Bogota,Vehiculo,41200000,36,2350000,,Profesional,casado,0,No,Rechazado
SOL-02691,2025-03-07,barranquilla,Libre inversion,14400000,48,1800000,9,Posgrado,Casado,0,1,Rechazado
SOL-00233,2024-08-18,Bogota,Vehiculo,25400000,60,1810000,1,Prof.,Casado,0,Si,En estudio
SOL-01924,2024-09-05,CARTAGENA,Vivienda,184800000,60,2870000,1,Tecnico,Casado,1,Si,aprobado
SOL-01609,15/05/2024,Medellin,Vehiculo,53900000,36,1950000,10,Tecnico,Divorciado,0,Si,Rechazado
SOL-00944,2025-01-02,Cali,Libre inversion,23100000,48,3450000,2,Profesional,CASADO,4,Si,Aprobado
SOL-01076,2024-03-02,bogota,Libre inversion,20800000,12,7030000,9,Tecnico,UNION LIBRE,2,Si,Rechazado
SOL-01172,2024-11-18,barranquilla,Vehiculo,41300000,24,1800000,0,Tecnico,Union libre,4,Si,Rechazado
SOL-02968,2024-05-20,Cartagena,Vehiculo,47600000,24,$2.720.000,7,Bachiller,Casado,2,Si,RECHAZADO
SOL-02319,2024-12-26,Bucaramanga,Vehiculo,45900000,24,2790000,10,Bachiller,SOLTERO,1,Si,Rechazado
SOL-02668,2024-12-19,Barranquilla,Educacion,3400000,36,1800000,19,profesional,Soltero,N/A,Si,Aprobado
SOL-00786,2024-11-23,BUCARAMANGA,Vivienda,82300000,120,2250000,4,Posgrado,Unión libre,2,Si,Aprobado
SOL-02796,2025-01-13,Cartagena,Vivienda,229100000,60,8190000,3,tecnico,Union libre,0,NO,Aprobado
SOL-00174,2024-09-25,BOGOTA,Vehiculo,59700000,36,2120000,1,Prof.,Casado,1,No,APROBADO
SOL-00142,2024-11-06,Bogota,Libre inversion,17400000,36,3940000,11,Posgrado,Union libre,4,Si,APROBADO
SOL-00205,2025-03-07,Cartagena,Vivienda,229300000,60,3110000,0,Posgrado,union libre,1,Si,En estudio
SOL-02051,2024-05-13,Bogota,Libre inversion,10700000,36,1800000,7,Profesional,Casado,3,No,Rechazado
SOL-01272,19/05/2025,PEREIRA,Libre inversion,19200000,12,1800000, ,Profesional,Soltero,2,Si,Rechazado
SOL-02062,27/05/2024,Bogotá,Vivienda,238300000,120,2700000,2,Profesional,soltero,1,Si,Aprobado
SOL-00940,2024-08-04,BOGOTA,Libre inversion,16400000,12,5720000,10,Bachiller,Soltero,2,NO,Aprobado
SOL-02197,2025-01-15,Barranquilla,Vehiculo,34200000,24,2540000,9,Tecnico,Soltero,2,Si,Rechazado
SOL-02353,10/06/2024,PEREIRA,Libre inversion,18000000,48,4010000,11,Tecnico,Casado,2,si,En estudio
SOL-00682,2025-05-07,Bogota,Vivienda,211600000,120,4500000,N/A,Tec.,SOLTERO,1,No,En estudio
SOL-02480,16/11/2024,Medellin,Libre inversion,24700000,48,1800000,6,PROFESIONAL,Union libre,4,No,Aprobado
SOL-02201,2024-10-06,Cali,Libre inversion,15200000,12,1.860.000,3,Tec.,SOLTERO,2,No,Aprobado
SOL-00865,2024-01-28,Bogota,Vivienda,189100000,60,$2.300.000,0,Tecnico,Union libre,0,Si,Aprobado
SOL-02757,2025-02-02,Medellin,Vehiculo,43000000,24,2.800.000,,Profesional,Soltero,2,Si,En estudio
SOL-02608,2025-05-10,BARRANQUILLA,Vehiculo,47000000,24,8940000,3,profesional,CASADO,1,No,Aprobado
SOL-02713,2024-02-13,Cali,Educacion,7400000,36,2580000,6,Profesional,Soltero,0,Si,En estudio
SOL-00790,2024-12-15,PEREIRA,Vivienda,130200000,240,4200000,35,Tecnico,Union libre,2,No,Aprobado
SOL-01145,04/03/2025,Cali,Vehiculo,57900000,48,3530000,0,Profesional,Soltero,1,si,en estudio
SOL-01459,2024-05-19,CALI,Libre inversion,14800000,48,4670000,N/A,Tecnico,Union libre,1,No,aprobado
SOL-02612,2025-06-06,CARTAGENA,Libre inversion,16200000,36,3160000,1,Profesional,Casado,3,Si,Aprobado
SOL-02217,2024-09-06,Medellin,Educacion,11700000,12,3780000,4,POSGRADO,Casado,2,No,Aprobado
SOL-01280,05/07/2024,Bogota,Vivienda,244000000,180,7830000,7,TECNICO,Casado,1,No,Aprobado
SOL-00269,06/02/2024,Bogota,Vivienda,226000000,180,1800000,1,Tecnico,Divorciado,1,No,Aprobado
SOL-01845,07/09/2024,BARRANQUILLA,Libre inversion,12600000,24,$ 2720000,1,tecnico,Soltero,1,Sí,Aprobado
SOL-01491,2024-12-14,Medellin,Libre inversion,14700000,36,2100000,4,Profesional,CASADO,2,NO,APROBADO
SOL-00512,2025-02-08,Bucaramanga,Vehiculo,59900000,48,3530000,0,Bachiller,Casado,0,NO,En estudio
SOL-00869,2024-09-01,Barranquilla,Libre inversion,9000000,36,4370000,1,Posgrado,Union libre,1,No,Aprobado
SOL-01633,2025-03-14,Bucaramanga,Vehiculo,56800000,36,8630000,2,profesional,casado,3,No,Rechazado
SOL-00101,2024-09-03,Bucaramanga,Vivienda,207800000,240,2940000,2,Profesional,Union libre,0,No,Aprobado
SOL-00013,20/01/2025,cartagena,Libre inversion,23400000,36,$2.080.000,8,Bachiller,Soltero,0,Si,Rechazado
SOL-00645,2024-06-11,BUCARAMANGA,Vehiculo,23300000,48,$4.280.000,5,Bach.,UNION LIBRE,0,No,Aprobado
SOL-01782,2024-09-03,Bogotá,Vehiculo,41200000,60,1910000, ,Bachiller,Union libre,2,No,En estudio
SOL-00779,08/11/2024,Cartagena,Libre inversion,15000000,48,5910000,0,Tecnico,casado,1,Sí,Aprobado
SOL-01507,2025-06-10,CARTAGENA,Vehiculo,40800000,24,3990000,5,Bachiller,Divorciado,0,Si,aprobado
SOL-01307,27/03/2025,Cali,Libre inversion,21400000,36,1800000,8,Bachiller,soltero,1,No,RECHAZADO
SOL-01684,2024-09-08,BOGOTA,Vehiculo,48800000,36,4170000,4,Bachiller,Casado,N/A,Si,Rechazado
SOL-01681,17/02/2025,Cali,Educacion,13700000,12,1800000,1,profesional,Union libre,1,No,Aprobado
SOL-01353,2024-09-08,Medellin,Vivienda,170000000,60,4020000,2,PROFESIONAL,Union libre,2,1,En estudio
SOL-01055,05/08/2024,barranquilla,Vehiculo,24700000,48,5650000,2,Bachiller,Soltero,1,NO,En estudio
SOL-02772,2025-04-27,Cali,Libre inversion,20800000,36,1800000,3,Bach.,divorciado,2,SI,Rechazado
SOL-02172,2024-11-24,Bogota,Libre inversion,20600000,24,2870000,12,POSGRADO,Casado,1,no,Aprobado
SOL-00021,2024-03-31,Bogota,Vehiculo,28100000,60,$2.550.000,N/A,Prof.,Divorciado,0,No,Aprobado
SOL-00750,10/06/2025,Bucaramanga,Vehiculo,56500000,24,2030000,8,Bachiller,Soltero,0,Si,Aprobado
SOL-01068,2025-06-18,BOGOTA,Vivienda,142500000,180,6680000,5,Posgrado,Divorciado,0,No,Aprobado
SOL-00118,2024-01-01,bucaramanga,Libre inversion,20000000,24,6.110.000,1,PROFESIONAL,Soltero,4,Si,rechazado
SOL-02937,19/02/2025,Medellin,Libre inversion,21500000,24,2030000,1,Bachiller,Union libre,,No,En estudio
SOL-01085,2024-03-04,Medellin,Vivienda,100000000,120,6870000,1,BACHILLER,Soltero,2,Si,En estudio
SOL-02420,2025-01-06,Cali,Vivienda,231000000,180,1950000,1,profesional,Casado,0,No,Aprobado
SOL-00564,2024-04-03,Barranquilla,Libre inversion,19000000,24,4920000,7,Postgrado,DIVORCIADO,1,No,En estudio
SOL-02213,21/12/2024,barranquilla,Vivienda,148900000,120,1800000,0,posgrado,Divorciado,1,Si,Aprobado
SOL-01164,16/01/2024,Bogotá,Libre inversion,16500000,36,2700000,3,PROFESIONAL,Casado,1,Si,RECHAZADO
SOL-00491,14/07/2024,barranquilla,Vivienda,97500000,180,$ 2120000,19,Tec.,Divorciado,1,Si,rechazado
SOL-00047,30/03/2025,Bucaramanga,Vivienda,227400000,120,$ 1800000,5,Profesional,Union libre,0,1,Rechazado
SOL-00493,2024-03-06,Cali,Vivienda,213900000,120,3160000,1,Bachiller,Soltero,2,No,aprobado
SOL-01694,2024-09-20,Bucaramanga,Vivienda,188600000,180,4270000,0,Profesional,Union libre,0,No,RECHAZADO
SOL-01023,21/06/2024,Bogota,Vehiculo,56900000,48,7540000,4,Bachiller,SOLTERO,2,No,Rechazado
SOL-02582,2024-07-02,Pereira,Educacion,16900000,36,2100000,5,Tecnico,Union libre,3,Si,aprobado
SOL-01154,2024-10-17,Cali,Vehiculo,20700000,36,3220000,6,Profesional,casado,0,No,Aprobado
SOL-01966,2024-11-02,Bogota,Vehiculo,22100000,60,1800000,13,Profesional,SOLTERO,1,1,En estudio
SOL-00769,2024-04-12,cali,Libre inversion,14100000,36,7480000,6,TECNICO,Casado,3,No,rechazado
SOL-02450,01/10/2024,bucaramanga,Vehiculo,55200000,36,2.320.000,3,Bachiller,Casado,0,no,En estudio
SOL-01569,2025-04-06,Pereira,Educacion,8500000,12,1800000,7,Técnico,Union libre,2,No,En estudio
SOL-00929,2024-08-12,Bogota,Vivienda,134100000,180,5480000,2,Bachiller,Soltero,1,No,Aprobado
SOL-02816,2024-06-02,Medellin,Vivienda,167200000,60,2.140.000,9,Posgrado,soltero,2,0,aprobado
SOL-02576,2024-05-21,bogota,Vivienda,234100000,120,3830000,2,Bachiller,Soltero,0,No,En estudio
SOL-01030,24/10/2024,bogota,Vehiculo,41800000,24,1800000,9,profesional,Casado,3,Si,En estudio
SOL-01253,2024-04-08,Barranquilla,Libre inversion,10300000,48,3590000,1,Tecnico,Union libre,0,no,En estudio
SOL-01800,2025-02-23,Medellín,Libre inversion,13300000,12,3690000,1,Bachiller,CASADO,2,0,En estudio
SOL-00565,2024-08-30,Bucaramanga,Vehiculo,59700000,36,8870000,1,Tecnico,Soltero,1,No,Rechazado
SOL-00610,2024-04-13,BUCARAMANGA,Vehiculo,51700000,24,9820000,9,Bachiller,Divorciado,2,No,En estudio
SOL-02164,2024-08-24,Medellin,Libre inversion,23100000,48,8030000,3,profesional,union libre,4,NO,Aprobado
SOL-02605,31/05/2025,barranquilla,Libre inversion,20400000,36,2530000,4,BACHILLER,Casado,2,No,en estudio
SOL-01715,2024-03-26,Bogotá D.C.,Educacion,6100000,36,$ 2000000,0,Tecnico,Casado,2,1,En estudio
SOL-01464,2024-12-16,Cali,Libre inversion,23500000,12,1.800.000,12,Posgrado,Soltero,1,Sí,Rechazado
SOL-01652,2024-11-18,Bogota,Libre inversion,12900000,36,1.800.000,5,Tec.,Union libre,0,No,Aprobado
SOL-00577,2024-06-17,Medellin,Libre inversion,19500000,36,2730000,0,Tecnico,UNION LIBRE,N/A,No,En estudio
SOL-00627,2024-09-24,Bogota,Educacion,3100000,24,1880000,9,Tecnico,Union libre,0,Si,En estudio
SOL-01632,18/03/2024,Bogota,Libre inversion,16300000,48,2850000,8,Profesional,Union libre,2,No,Rechazado
SOL-02195,2024-12-13,Medellin,Educacion,5700000,36,3920000,2,posgrado,SOLTERO,1,Si,Rechazado
SOL-01636,2025-03-15,Bogota,Vivienda,117300000,60,22150000,2,Tecnico,Soltero,,No,Aprobado
SOL-02355,2024-03-24,Medellin,Libre inversion,16200000,36,2.010.000,8,Técnico,Soltero,2,Si,Aprobado
SOL-02272,17/01/2024,Medellin,Vehiculo,38300000,48,5350000,0,Profesional,Casado,4,0,Aprobado
SOL-01939,24/07/2024,BARRANQUILLA,Educacion,13000000,24,2990000,1,Bachiller,Unión libre,2,No,En estudio
SOL-02819,2024-12-27,Cartagena,Libre inversion,10800000,36,2670000,3,profesional,CASADO,2,0,En estudio
SOL-00756,2024-07-15,Medellin,Vehiculo,34800000,48,$ 2410000,5,PROFESIONAL,Union libre,2,0,En estudio
SOL-02534,17/03/2025,CALI,Libre inversion,15300000,24,4910000,7,BACHILLER,Casado,1,No,En estudio
SOL-01580,2024-10-04,Bogota,Vehiculo,37000000,60,3010000,0,Profesional,CASADO,3,No,aprobado
SOL-01643,2024-03-04,CALI,Vivienda,158600000,120,7.880.000,9,Prof.,Casado,2,No,RECHAZADO
SOL-00640,2024-02-16,Bogotá,Libre inversion,8500000,24,5370000,8,Prof.,Soltero,3,No,Rechazado
SOL-01147,11/10/2024,Bogota,Educacion,4800000,12,9050000,1,Tecnico,Casado,2,1,Aprobado
SOL-00044,2024-08-23,Barranquilla,Libre inversion,11400000,36,4220000,2,Prof.,Soltero,3,Si,Rechazado
SOL-00008,2024-07-21,Bogota,Vivienda,115800000,60,1800000,3,POSGRADO,divorciado,0,No,Aprobado
SOL-02467,2024-05-18,PEREIRA,Libre inversion,23300000,48,7430000,11,Tecnico,Casado,2,Si,Aprobado
SOL-00739,2024-09-11,BOGOTA,Libre inversion,11400000,36,$4.550.000,9,,CASADO,2,No,APROBADO
SOL-00033,2024-12-24,Barranquilla,Vehiculo,58500000,48,4440000,0,Bachiller,Casado,2,Si,Rechazado
SOL-00471,2024-10-06,Barranquilla,Libre inversion,19000000,36,$3.090.000,11,BACHILLER,Soltero,1,Si,Aprobado
SOL-00472,2024-07-20,Cali,Libre inversion,10400000,48,10230000,6,Profesional,Casado,2,No,Aprobado
SOL-00422,22/04/2024,Cali,Educacion,10000000,36,4280000,6,Posgrado,Union libre,1,No,Aprobado
SOL-01741,2024-03-29,Medellin,Vehiculo,38100000,36,2350000,5,profesional,Soltero,3,Si,Aprobado
SOL-02270,21/06/2025,Cali,Vivienda,228100000,180,2230000,7,Bachiller,soltero,2,0,En estudio
SOL-01626,30/06/2025,Cali,Libre inversion,12500000,24,3040000,1,Postgrado,Soltero,0,no,En estudio
SOL-01522,2025-05-04,medellin,Libre inversion,13500000,24,2100000,1,PROFESIONAL,Soltero,3,Si,En estudio
SOL-01793,2025-03-07,BUCARAMANGA,Vehiculo,33200000,48,3340000,3,Bachiller,Union libre,0,No,Aprobado
SOL-02854,01/01/2025,Bogota,Vehiculo,34100000,24,4530000,5,Posgrado,casado,4,Si,aprobado
SOL-02736,2024-03-04,Bogota,Libre inversion,23900000,12,1860000,4,tecnico,divorciado,0,Si,Aprobado
SOL-01839,12/01/2025,Cali,Vehiculo,45000000,24,3250000,0,Profesional,Soltero,0,No,Aprobado
SOL-00906,23/04/2024,Barranquilla,Vivienda,138500000,120,2020000,12,PROFESIONAL,Casado,2,No,Rechazado
SOL-01099,2024-08-17,Bogota,Vivienda,90800000,240,$ 3670000,0,Posgrado,union libre,3,No,Rechazado
SOL-02846,22/01/2025,Medellin,Libre inversion,18800000,12,2070000,0,Bachiller,Union libre,2,SI,En estudio
SOL-02632,2025-04-07,Medellin,Vivienda,153500000,60,5490000,1,Tecnico,Divorciado,2,No,Rechazado
SOL-01117,27/04/2025,Medellin,Vivienda,91700000,240,1800000,0,bachiller,casado,3,No,Rechazado
SOL-00465,2025-03-24,bogota,Educacion,4000000,36,2730000,2,Prof.,SOLTERO,2,No,Aprobado
SOL-01376,2024-08-28,medellin,Educacion,17900000,24,4990000,11,Bachiller,Soltero,0,No,Aprobado
SOL-01292,2024-11-11,Medellin,Educacion,10100000,36,1800000,3,Bachiller,Soltero,1,No,Aprobado
SOL-00633,31/01/2024,Barranquilla,Educacion,16300000,12,2090000,1,Tecnico,Union libre,0,No,Aprobado
SOL-01982,2024-06-14,Bogota,Libre inversion,14300000,48,$ 1800000,1,Bachiller,Casado,2,NO,Aprobado
SOL-00668,08/01/2025,Bogota,Vehiculo,54800000,24,1900000,4,Bachiller,divorciado,1,No,en estudio
SOL-00010,13/07/2024,BOGOTA,Vehiculo,43200000,60,4520000,0,PROFESIONAL,Soltero,2,No,Rechazado
SOL-02273,2024-06-05,Cartagena,Vivienda,171200000,180,2350000,6,tecnico,CASADO,0,Si,Aprobado
SOL-01773,2024-06-05,BOGOTA,Libre inversion,18900000,48,$ 4360000,5,Tecnico,SOLTERO,2,Si,En estudio
SOL-01136,04/01/2025,Medellin,Educacion,3900000,12,9460000,3,Profesional,Divorciado,0,NO,Rechazado
SOL-00984,2024-10-17,Medellin,Vivienda,237000000,60,3750000,4,Bachiller,Casado,3,No,En estudio
SOL-01365,2025-02-14,Cartagena,Vehiculo,47800000,60,1920000,6,Tecnico,Soltero,3,Si,RECHAZADO
SOL-02684,2024-02-18,Cali,Libre inversion,15300000,24,,4,Tecnico,SOLTERO,0,Si,Aprobado
SOL-02941,28/02/2025,Medellin,Libre inversion,23500000,48,4940000,6,Profesional,Soltero,0,No,Aprobado
SOL-01039,2024-10-29,cali,Vehiculo,51000000,36,2390000,6,Posgrado,SOLTERO,2,No,Rechazado
SOL-01577,2024-03-23,Medellin,Vehiculo,56100000,60,2980000,2,Bachiller,Soltero,0,No,rechazado
SOL-01334,2024-05-17,Cali,Vehiculo,45400000,60,4140000,4,Prof.,Divorciado,1,No,Rechazado
SOL-02375,2024-09-24,medellin,Libre inversion,22200000,12,$ 3650000,9,Bachiller,Casado,0,NO,EN ESTUDIO
SOL-02913,2024-10-25,Pereira,Libre inversion,17600000,36,2110000, ,Profesional,Casado,0,No,aprobado
SOL-00049,2024-09-11,Bogota,Educacion,8400000,24,2010000,0,profesional,Casado,0,no,Rechazado
SOL-02714,17/07/2024,Medellin,Libre inversion,8800000,24,5620000,15,BACHILLER,Casado,0,1,en estudio
SOL-01204,2025-02-18,Cali,Educacion,6800000,12,11590000,2,Tecnico,CASADO,3,No,Rechazado
SOL-02917,2024-09-06,Barranquilla,Libre inversion,10000000,24,8490000,1,Bachiller,Union libre,2,No,RECHAZADO
SOL-02021,26/12/2024,MEDELLIN,Vivienda,204400000,120,$ 3200000,13,Bachiller,Soltero,2,SI,Aprobado
SOL-00433,2024-07-17,Cali,Libre inversion,14500000,24,3520000,,Tecnico,Soltero,0,Si,Rechazado
SOL-00787,10/05/2025,BARRANQUILLA,Vivienda,106800000,240,6970000,13,Tecnico,Soltero,2,Si,En estudio
SOL-01460,2024-10-15,Pereira,Libre inversion,23700000,12,1.800.000,9,Profesional,Casado,1,No,Aprobado
SOL-00125,2025-02-01,PEREIRA,Libre inversion,16600000,24,3500000,12,tecnico,Soltero,3,No,Aprobado
SOL-00066,2025-03-12,Barranquilla,Libre inversion,20900000,24,2410000,17,Bachiller,CASADO,1,No,Aprobado
SOL-02547,23/08/2024,BUCARAMANGA,Educacion,16300000,36,4110000,7,Profesional,Union libre,2,No,APROBADO
SOL-01230,2025-04-15,MEDELLIN,Libre inversion,23800000,24,1800000,8,Profesional,Casado,3,Si,Aprobado
SOL-01877,03/11/2024,Bogotá D.C.,Vehiculo,49700000,60,$2.830.000,1,Bachiller,SOLTERO,2,0,Aprobado
SOL-01809,2024-01-27,Medellin,Educacion,11700000,24,5.770.000,8,Profesional,Soltero,1,No,aprobado
SOL-01768,2025-03-02,Medellin,Vehiculo,47700000,60,3520000,2,Tec.,Divorciado,4,Si,En estudio
SOL-01383,2024-09-12,Bogota,Vivienda,230400000,180,4100000,1,Tecnico,Casado,0,no,Aprobado
SOL-00781,14/11/2024,Bogota,Libre inversion,17400000,36,$2.500.000,0,Posgrado,SOLTERO,1,0,rechazado
SOL-01235,2025-01-31,cartagena,Vehiculo,56400000,60,3480000,1,Tecnico,Casado,4,No,En estudio
SOL-00130,09/05/2025,CARTAGENA,Educacion,4400000,36,2860000,1,Prof.,casado,0,0,Aprobado
SOL-02577,2024-05-31,Medellin,Vivienda,199000000,120,1880000,3,Profesional,Soltero,0,No,Aprobado
SOL-01803,18/11/2024,Bogota,Libre inversion,20700000,12,N/A,2,Profesional,Casado,0,Si,APROBADO
SOL-02564,17/12/2024,Cali,Libre inversion,21100000,36,1800000,2,PROFESIONAL,Soltero,0,No,en estudio
SOL-01676,2024-01-04,Cartagena,Vehiculo,56700000,48,5250000,5,Tecnico,casado,0,No,Aprobado
SOL-02978,05/11/2024,bucaramanga,Libre inversion,11500000,24,$ 2820000,0,Bachiller,casado,0,SI,aprobado
SOL-01496,2024-03-05,Cartagena,Vehiculo,48400000,24,2700000,3,Bachiller,CASADO,0,No,En estudio
SOL-01313,2025-05-23,Bogota,Libre inversion,8000000,36,5280000,0,Profesional,divorciado,1,Si,Aprobado
SOL-02947,28/09/2024,Bucaramanga,Libre inversion,11300000,48,4940000,5,Bachiller,SOLTERO,1,Si,En estudio
SOL-02822,2024-05-07,Cali,Educacion,6200000,36,3890000,32,PROFESIONAL,Soltero,0,Si,Aprobado
SOL-02810,2024-09-16,Bogota,Educacion,15100000,12,1800000,1,BACHILLER,Divorciado,2,Si,En estudio
SOL-01658,2025-04-30,Cali,Libre inversion,24100000,48,1800000,1,Técnico,casado,3,si,Aprobado
SOL-02634,2024-04-03,CALI,Vehiculo,33000000,36,4500000,12,Tecnico,Casado,0,No,Aprobado
SOL-00238,2024-05-06,Medellin,Libre inversion,16000000,48,2520000,12,Posgrado,soltero,3,Si,Aprobado
SOL-02658,2024-11-17,barranquilla,Libre inversion,9900000,24,4560000,4,Profesional,Casado,2,No,aprobado
SOL-01017,2024-11-14,Bogotá,Libre inversion,10000000,36,3.910.000,4,Postgrado,Soltero,3,No,Aprobado
SOL-02906,2024-08-24,Bogota,Vehiculo,30900000,60,7420000,13,Posgrado,UNION LIBRE,1,Si,En estudio
SOL-01941,07/04/2024,MEDELLIN,Vivienda,100600000,240,3.700.000,0,profesional,SOLTERO,1,Si,Aprobado
SOL-02563,2024-01-15,CALI,Libre inversion,9500000,36,1800000,1,Profesional,Soltero,0,si,Aprobado
SOL-02528,16/08/2024,PEREIRA,Libre inversion,9300000,24,$4.480.000,4,Tec.,Divorciado,1,Si,Rechazado
SOL-01752,08/10/2024,BOGOTA,Libre inversion,12100000,48,2540000,4,Bachiller,Casado,0,No,Rechazado
SOL-00763,04/04/2024,Barranquilla,Vivienda,177000000,60,3160000,0,Tec.,Casado,0,No,Rechazado
SOL-00370,30/05/2024,Barranquilla,Vehiculo,46300000,48,1800000,2,Profesional,Soltero,2,Si,Aprobado
SOL-00523,14/04/2025,Barranquilla,Libre inversion,22100000,36,4340000,2,Tecnico,Union libre,2,0,APROBADO
SOL-01223,2025-05-26,Cartagena,Vivienda,150500000,240,2.950.000,2,Profesional,Casado,0,Si,Rechazado
SOL-00076,2024-08-24,Medellin,Vehiculo,32700000,36,$ 2810000,0,Posgrado,Casado,4,No,En estudio
SOL-02925,2025-04-25,Cartagena,Educacion,9000000,12,4210000,7,Posgrado,Soltero,0,NO,En estudio
SOL-00055,2024-09-18,Medellin,Vivienda,98900000,120,3080000,4,Profesional,Soltero,1,Si,Rechazado
SOL-00267,2024-09-13,Bogota,Libre inversion,20400000,48,3750000,0,Profesional,Soltero,3,si,APROBADO
SOL-02614,2024-07-14,Medellín,Educacion,10900000,12,$2.400.000,0,Profesional,Divorciado,0,No,Aprobado
SOL-01674,2025-04-10,Medellin,Vehiculo,25600000,48,8140000,0,Bachiller,Casado,2,Sí,APROBADO
SOL-01833,2025-02-20,Bogota,Vehiculo,30700000,24,2590000,15,Posgrado,soltero,2,No,Rechazado
SOL-02775,09/08/2024,Medellin,Educacion,16000000,24,1800000,2,Prof.,Soltero,N/A,Si,rechazado
SOL-02921,13/11/2024,barranquilla,Vivienda,109100000,180,4000000,1,Postgrado,Union libre,0,0,En estudio
SOL-02115,2024-10-12,Bogotá D.C.,Vehiculo,47500000,60,2860000,2,Tec.,Casado,2,No,Aprobado
SOL-00921,23/01/2025,cali,Libre inversion,10700000,12,2490000,1,Tecnico,Casado,1,No,Rechazado
SOL-00383,2025-06-21,Cali,Vivienda,199100000,180,1800000,1,Tecnico,Soltero,0,NO,rechazado
SOL-02845,2024-06-10,Bogota,Vehiculo,49700000,48,4100000,2,Posgrado,UNION LIBRE,0,No,En estudio
SOL-02367,19/03/2024,BARRANQUILLA,Educacion,16500000,36,3680000,9,Bach.,Union libre,0,Si,Aprobado
SOL-01960,26/12/2024,Bogota,Vehiculo,28900000,36,4840000,2,Bachiller,Union libre,2,No,aprobado
SOL-02820,29/06/2024,medellin,Libre inversion,14400000,36,5250000,27,Profesional,Soltero,2,0,Aprobado
SOL-02318,2024-01-14,CALI,Libre inversion,8200000,24,$ 2340000,1,Bachiller,Soltero,4,SI,Aprobado
SOL-02293,06/03/2024,bogota,Vivienda,206400000,240,3660000,1,Tecnico,Casado,0,Si,Aprobado
SOL-00836,2024-11-03,Cali,Libre inversion,11500000,36,3560000,5,Prof.,Soltero,4,NO,Aprobado
SOL-01648,2025-02-18,Barranquilla,Educacion,10200000,36,5970000,13,Profesional,Union libre,3,No,Aprobado
SOL-02920,2024-02-06,Bogota,Libre inversion,23000000,24,6320000,6,Profesional,Casado,1,No,Aprobado
SOL-00464,2024-04-21,BOGOTA,Vehiculo,45100000,36,3880000,7,Profesional,Casado,2,No,Rechazado
SOL-02074,2024-03-11,Pereira,Educacion,6500000,24,2950000,5,Profesional,Union libre,1,1,Aprobado
SOL-02725,17/01/2024,Medellin,Educacion,8300000,24,3510000,2,Bachiller,Casado,0,Si,Aprobado
SOL-01339,26/06/2024,medellin,Educacion,8100000,12,1800000,7,Tecnico,casado,2,Si,APROBADO
SOL-01887,17/04/2024,CARTAGENA,Vivienda,166400000,240,2090000,9,PROFESIONAL,Unión libre,0,si,Rechazado
SOL-01372,11/03/2025,Medellin,Libre inversion,21000000,48,2580000,14,Posgrado,Divorciado,2,0,Rechazado
SOL-02443,2024-11-13,cartagena,Educacion,9000000,12,4570000,3,posgrado,Casado,3,No,Aprobado
SOL-01071,2024-02-29,Cartagena,Libre inversion,24700000,48,4180000,7,Tecnico,Casado,0,Si,En estudio
SOL-01190,2024-03-29,Bogotá,Educacion,7400000,12,2.710.000,3,Profesional,Soltero,0,0,Rechazado
SOL-00596,2024-03-10,Pereira,Vivienda,211400000,60,2830000,2,Tecnico,Soltero,2,Si,Aprobado
SOL-01599,18/04/2025,Bogota,Libre inversion,24000000,36,5800000,1,Bachiller,Union libre,0,No,Aprobado
SOL-01217,2024-07-26,Pereira,Vivienda,128200000,240,3270000,23,Tecnico,casado,1,No,Aprobado
SOL-01874,2024-09-27,Bogota,Libre inversion,20200000,24,$1.800.000,1,Bachiller,Union libre,,No,Aprobado
SOL-01731,2024-07-23,Medellin,Vehiculo,50400000,36,5030000,5,Prof.,DIVORCIADO,2,Si,APROBADO
SOL-00368,2025-06-19,Cali,Libre inversion,24700000,48,2900000,0,Profesional,Soltero,0,No,rechazado
SOL-02593,2024-07-26,MEDELLIN,Vivienda,136000000,240,2.880.000,4,TECNICO,Soltero,1,Si,En estudio
SOL-02024,2024-06-15,Bogota,Vehiculo,46500000,24,N/A,2,Bachiller,Soltero,2,Si,Aprobado
SOL-00098,2025-02-03,Bogotá D.C.,Vehiculo,29700000,24,3980000,14,Tecnico,Casado,1,SI,rechazado
SOL-02206,2024-07-04,Bogota,Libre inversion,15100000,36,1890000,8,Tecnico,Soltero,0,No,Aprobado
SOL-01847,2025-06-12,Cali,Vehiculo,55300000,60,9150000,4,Posgrado,Union libre,2,Si,Aprobado
SOL-01419,30/08/2024,Medellin,Libre inversion,20500000,36,4860000,,Tecnico,Union libre,2,no,Rechazado
SOL-00382,2024-03-29,Bogota,Libre inversion,22500000,12,7280000,5,Tecnico,Union libre,0,1,Aprobado
SOL-02924,2024-02-18,CALI,Educacion,13200000,12,4760000,14,Tecnico,UNION LIBRE,2,SI,Aprobado
SOL-01775,2025-03-21,bogota,Libre inversion,24300000,48,4080000,9,PROFESIONAL,Soltero,2,No,Aprobado
SOL-00029,2024-03-05,Cartagena,Vehiculo,37800000,48,3600000,3,Prof.,Union libre,0,No,Rechazado
SOL-00448,2024-10-18,Bogotá D.C.,Educacion,8800000,24,$ 11740000,4,Profesional,Union libre,1,Si,Aprobado
SOL-02288,2024-03-16,Medellin,Libre inversion,20900000,12,$ 3120000,4,Prof.,Soltero,2,No,Aprobado
SOL-00821,17/04/2025,Barranquilla,Vehiculo,43800000,24,1800000,2,Profesional,Union libre,1,No,rechazado
SOL-02556,2024-06-11,Medellin,Libre inversion,13400000,48,4.270.000,2,bachiller,Soltero,0,Si,Aprobado
SOL-01891,2024-01-04,Bogotá,Libre inversion,13200000,48,2390000,1,Posgrado,Casado,,Si,Aprobado
SOL-02728,15/04/2025,Bogota,Libre inversion,13500000,48,4740000,6,PROFESIONAL,Casado,0,No,rechazado
SOL-02215,2024-05-20,Cali,Educacion,3600000,36,4950000,0,Prof.,Union libre,0,No,Aprobado
SOL-02559,10/02/2024,bogota,Vehiculo,52100000,60,3.970.000,0,Prof.,Casado,0,1,aprobado
SOL-00722,2024-12-25,Bogota,Vehiculo,33300000,36,3320000,5,Posgrado,Soltero,0,Si,Aprobado
SOL-02991,2024-11-29,Bucaramanga,Libre inversion,23200000,36,1800000,2,Profesional,Soltero,0,Sí,Rechazado
SOL-02569,2024-12-02,Bucaramanga,Libre inversion,9400000,12,4380000,22,Posgrado,SOLTERO,0,no,Rechazado
SOL-01916,2025-06-14,Medellin,Vivienda,109900000,180,6800000,1,Posgrado,Soltero,1,SI,Aprobado
SOL-01596,10/03/2025,Cali,Vivienda,154100000,60,1800000,1,Profesional,Casado,3,no,Aprobado
SOL-01110,25/11/2024,Medellin,Vehiculo,27900000,48,5120000,3,Bachiller,Soltero,1,No,Aprobado
SOL-00780,2024-03-25,Cartagena,Libre inversion,14500000,24,3920000,1,Profesional,Casado,1,No,Aprobado
SOL-01024,2024-09-27,CALI,Libre inversion,24600000,36,1800000,1,Profesional,Casado,2,No,RECHAZADO
SOL-00005,2024-07-18,Bucaramanga,Vivienda,172700000,120,4350000,9,Bachiller,CASADO,4,No,Aprobado
SOL-02707,2024-01-12,Bucaramanga,Vehiculo,54200000,36,,1,Tecnico,Soltero,0,NO,En estudio
SOL-01781,27/09/2024,Cartagena,Vehiculo,26800000,36,1800000,5,Tecnico,Casado,2,No,Rechazado
SOL-02951,2024-05-09,Medellin,Libre inversion,23000000,12,2140000,4,Tecnico,Union libre,1,No,EN ESTUDIO
SOL-00517,2024-09-10,Bogota,Libre inversion,20400000,12,2870000,1,Profesional,Casado,2,No,APROBADO
SOL-02777,2024-11-30,Cali,Libre inversion,23300000,24,$1.800.000,4,tecnico,Casado,0,No,Rechazado
SOL-02472,07/05/2024,cali,Vivienda,105500000,180,1860000,1,Profesional,Soltero,1,Si,Rechazado
SOL-02747,2024-10-10,Bogota,Vehiculo,52800000,60,2980000,3,BACHILLER,Divorciado,4,No,rechazado
SOL-00351,03/11/2024,BUCARAMANGA,Educacion,6200000,36,1800000,6,Bachiller,soltero,0,NO,Aprobado
SOL-01210,2025-03-19,Cali,Libre inversion,13500000,48,2150000,0,Posgrado,Soltero,1,Si,En estudio
SOL-02572,2024-09-24,Bogotá,Vehiculo,53000000,48,4440000,16,BACHILLER,Soltero,0,NO,Aprobado
SOL-01562,2024-12-15,CALI,Vehiculo,26900000,24,$1.800.000,7,,Soltero,1,No,Rechazado
SOL-00661,2024-08-09,cali,Vivienda,231000000,240,6760000,,Tecnico,casado,1,0,En estudio
SOL-02929,2024-09-12,BUCARAMANGA,Vehiculo,31400000,36,5970000,7,Posgrado,Soltero,1,Si,Rechazado
SOL-02194,2025-03-25,Medellín,Vivienda,166400000,240,1.920.000,1,Bachiller,Soltero,2,Sí,Aprobado
SOL-00900,24/11/2024,MEDELLIN,Vehiculo,24400000,48,5570000,3,Profesional,Soltero,0,No,Aprobado
SOL-02171,2025-02-03,Bogota,Vivienda,117400000,240,3680000,11,profesional,Divorciado,0,Si,Aprobado
SOL-00159,21/01/2024,Bogota,Vehiculo,33700000,60,$ 12140000,3,bachiller,casado,N/A,No,Aprobado
SOL-00384,27/10/2024,Bogota,Libre inversion,16200000,48,2160000,14,bachiller,Soltero,3,1,Aprobado
SOL-02132,2025-04-02,Cali,Vivienda,131400000,60,2140000,5,BACHILLER,SOLTERO,2,No,aprobado
SOL-00141,2024-07-26,medellin,Vivienda,153700000,60,4550000,9,Bachiller,Casado,1,SI,Aprobado
SOL-00466,2025-04-18,cali,Vehiculo,38400000,36,3060000,1,Profesional,Soltero,2,No,En estudio
SOL-02390,17/03/2024,Cali,Vehiculo,34500000,48,4220000,0,Bachiller,Soltero,2,No,APROBADO
SOL-00300,26/05/2024,Cartagena,Vivienda,236100000,120,3790000,1,Tecnico,Union libre,0,no,Rechazado
SOL-00398,2024-06-06,Cali,Vehiculo,43800000,60,7560000,15,Tecnico,Soltero,3,No,Rechazado
SOL-02282,2024-05-26,medellin,Vehiculo,25600000,48,4150000,2,tecnico,Soltero,3,No,Aprobado
SOL-01906,2024-06-15,BUCARAMANGA,Libre inversion,12000000,24,1940000,2,Tecnico,Union libre,1,Si,En estudio
SOL-01700,2024-01-22,Bogota,Libre inversion,22000000,48,3.970.000,2,PROFESIONAL,Soltero,1,No,En estudio
SOL-01034,2024-09-28,Medellin,Educacion,3000000,12,3890000,1,Profesional,Casado,1,no,Aprobado
SOL-02096,12/02/2024,Medellín,Educacion,13400000,24,2530000,0,Profesional,Soltero,1,No,Aprobado
SOL-02424,2025-06-25,Cali,Vehiculo,38400000,60,8350000,9,tecnico,Soltero,1,Si,Rechazado
SOL-01103,21/01/2024,CALI,Libre inversion,15100000,12,1800000,2,Profesional,Casado,1,NO,Rechazado
SOL-01049,21/05/2024,BARRANQUILLA,Libre inversion,23500000,24,5480000,15,BACHILLER,Casado,2,NO,Aprobado
SOL-02963,10/10/2024,Bogota,Vivienda,143400000,120,5340000,4,Bachiller,soltero,1,No,Aprobado
SOL-00847,05/06/2024,Barranquilla,Vivienda,123000000,120,4040000,2,Tecnico,Divorciado,0,No,Aprobado
SOL-00252,05/03/2024,Cartagena,Libre inversion,21900000,36,3020000,2,Tecnico,Casado,0,No,Rechazado
SOL-02807,04/06/2024,Bogotá D.C.,Educacion,13700000,24,1800000,0,PROFESIONAL,Casado,2,No,aprobado
SOL-02089,2024-04-15,Medellín,Educacion,15600000,12,$ 2860000,1,Postgrado,Divorciado,0,Si,Aprobado
SOL-00807,2025-05-16,Barranquilla,Educacion,16200000,24,$2.690.000,6,Profesional,union libre,1,Si,En estudio
SOL-02403,2024-06-11,PEREIRA,Educacion,6800000,36,3760000,12,Bachiller,Union libre,0,0,en estudio
SOL-00716,12/09/2024,Bogotá,Libre inversion,19900000,48,1800000,3,Tecnico,Soltero,0,No,Rechazado
SOL-02558,25/01/2024,Cali,Libre inversion,12500000,48,3.420.000,5,Bachiller,Soltero,1,Si,rechazado
SOL-01128,13/02/2025,medellin,Vehiculo,23700000,36,3340000,15,Bach.,Soltero,0,No,Aprobado
SOL-00988,2025-01-17,Bogotá,Vehiculo,43800000,36,3110000,4,Postgrado,Divorciado,2,Si,Aprobado
SOL-02535,2024-03-01,Bogota,Vehiculo,37400000,48,3390000,0,Tecnico,Casado,0,No,En estudio
SOL-00196,2025-05-16,medellin,Vivienda,101000000,60,4310000,11,Bachiller,Divorciado,0,no,EN ESTUDIO
SOL-02516,2024-07-14,Bogotá D.C.,Libre inversion,22000000,24,2720000,0,Profesional,Union libre,0,NO,Aprobado
SOL-01045,2024-12-21,Barranquilla,Libre inversion,18300000,24,$ 2330000,5,profesional,Soltero,3,Si,Aprobado
SOL-00280,11/01/2025,Bogota,Libre inversion,19100000,12,$1.800.000,9,Bachiller,Soltero,1,NO,En estudio
SOL-00097,2024-03-25,Barranquilla,Vehiculo,26700000,48,2760000,3,Tecnico,Casado,2,Sí,aprobado
SOL-00442,2024-08-21,Bogota,Libre inversion,10800000,48,4450000,4,tecnico,Union libre,2,Si,Aprobado
SOL-01214,10/05/2025,Bogotá,Libre inversion,9000000,24,3740000,3,tecnico,Union libre,2,Si,Aprobado
SOL-01043,25/03/2025,Cali,Libre inversion,14800000,48,,6,PROFESIONAL,Divorciado,2,No,Rechazado
SOL-02370,2024-11-29,Cali,Libre inversion,24500000,48,2.260.000,8,Tecnico,soltero,0,No,Aprobado
SOL-02336,2025-05-27,Bogotá,Vehiculo,54500000,36,9410000,2,tecnico,Union libre,3,No,Rechazado
SOL-00331,21/01/2024,Medellin,Educacion,8800000,24,5960000,2,Tecnico,Union libre,0,NO,Aprobado
SOL-01426,09/01/2024,Bucaramanga,Vehiculo,24400000,48,4790000,3,Tecnico,Soltero,1,si,Aprobado
SOL-00862,2024-11-25,Bucaramanga,Vivienda,120200000,120,1800000,3,Tecnico,Soltero,2,0,Rechazado
SOL-00746,2025-04-01,Medellin,Vehiculo,20200000,60,7340000,4,bachiller,union libre,2,SI,Rechazado
SOL-02692,2024-10-11,bogota,Vivienda,222000000,120,1800000,1,Bachiller,Soltero,0,Si,aprobado
SOL-01112,2025-04-12,bogota,Libre inversion,18700000,36,3140000,4,Profesional,Divorciado,1,1,Aprobado
SOL-02560,16/12/2024,Cartagena,Vivienda,243400000,60,1800000,6,Bachiller,SOLTERO,1,Si,aprobado
SOL-02908,2024-04-15,medellin,Vivienda,106700000,120,3550000,2,Tecnico,Divorciado,1,Sí,Aprobado
SOL-01417,24/06/2025,Cartagena,Vehiculo,32900000,24,6130000,6,Prof.,CASADO,3,no,Aprobado
SOL-01923,2025-05-19,Cali,Libre inversion,10500000,12,3360000,10,POSGRADO,Union libre,1,Si,En estudio
SOL-02623,2024-01-23,BOGOTA,Libre inversion,17100000,24,3720000,2,Profesional,Casado,1,No,Aprobado
SOL-01708,14/06/2024,Bogota,Vehiculo,32000000,36,3290000,1,Tec.,soltero,3,NO,Aprobado
SOL-02133,2025-04-02,Bogota,Vehiculo,20000000,48,4740000,3,PROFESIONAL,Casado,0,No,Aprobado
SOL-00595,2024-05-18,bogota,Vivienda,146400000,120,3890000,2,Bachiller,Casado,0,No,En estudio
SOL-01245,2025-02-27,Medellin,Vehiculo,31900000,36,1800000,1,profesional,soltero,1,No,Aprobado
SOL-02743,2024-03-10,bucaramanga,Vehiculo,24300000,60,1870000,1,Posgrado,Casado,1,si,Aprobado
SOL-02824,15/04/2025,CALI,Libre inversion,13200000,36,4370000,2,profesional,soltero,1,Sí,Rechazado
SOL-00550,2024-08-23,Cartagena,Vehiculo,52700000,24,2330000,11,bachiller,Soltero,1,1,aprobado
SOL-00557,2025-05-27,bucaramanga,Libre inversion,15800000,12,11830000,3,TECNICO,SOLTERO,2,Si,aprobado
SOL-00798,2024-12-04,BARRANQUILLA,Vivienda,245200000,120,1.800.000,4,Tecnico,casado,1,No,Aprobado
SOL-00542,2024-01-26,Bogotá D.C.,Educacion,13600000,36,2870000,2,Profesional,Soltero,1,No,Aprobado
SOL-01748,2024-02-20,cali,Vivienda,225700000,180,3230000,6,BACHILLER,Casado,0,No,Aprobado
SOL-00265,2024-10-17,Medellin,Educacion,11900000,24,6400000,7,Tecnico,Union libre,2,no,Aprobado
SOL-01299,2024-09-29,medellin,Libre inversion,16700000,12,3420000,N/A,Profesional,Casado,4,Si,en estudio
SOL-01976,2025-05-29,bogota,Libre inversion,16900000,36,2400000,5,Posgrado,Union libre,N/A,No,APROBADO
SOL-01397,04/06/2025,Bogotá D.C.,Vivienda,167900000,120,1.800.000,1,Tecnico,Casado,2,Si,Aprobado
SOL-01065,02/03/2025,Bogota,Vehiculo,25800000,60,3.740.000,1,Bachiller,Divorciado,0,si,Aprobado
SOL-00301,02/02/2024,Barranquilla,Libre inversion,15200000,24,6830000,3,Profesional,divorciado,0,NO,Aprobado
SOL-01788,14/04/2025,Medellin,Libre inversion,23700000,24,$ 2950000,3,Profesional,Soltero,2,No,Rechazado
SOL-00554,2024-01-06,Medellin,Libre inversion,18700000,48,5080000,1,PROFESIONAL,Union libre,0,NO,Rechazado
SOL-00468,2024-11-07,Medellin,Vehiculo,58100000,48,6720000,6,Profesional,Union libre,1,No,Aprobado
SOL-00345,2024-09-03,Barranquilla,Libre inversion,24200000,24,3620000,3,Bachiller,Casado,0,NO,EN ESTUDIO
SOL-02034,2024-12-03,Barranquilla,Libre inversion,18100000,24,$ 5150000,0,Profesional,Union libre,0,Si,Aprobado
SOL-01236,2025-03-11,Bogota,Vehiculo,53000000,24,1800000,1,Tecnico,Union libre,1,No,Rechazado
SOL-02196,2024-02-15,Pereira,Educacion,3800000,12,$ 3280000,10,Bachiller,Casado,0,No,Aprobado
SOL-02165,2024-10-23,Cali,Libre inversion,23400000,36,2040000,11,Profesional,Soltero,3,No,Aprobado
SOL-01766,2025-04-16,Bogota,Vehiculo,31800000,48,$ 2840000,7,profesional,divorciado,2,Si,Rechazado
SOL-01832,19/04/2024,MEDELLIN,Libre inversion,22300000,48,2540000,4,PROFESIONAL,Divorciado,2,0,Rechazado
SOL-01940,2024-07-24,Pereira,Libre inversion,9900000,36,5.400.000,1,BACHILLER,Union libre,4,Si,Aprobado
SOL-01328,2024-06-14,Barranquilla,Vehiculo,35200000,48,1800000,8,Profesional,Union libre,3,SI,Aprobado
SOL-02594,2024-05-04,Bogota,Libre inversion,20900000,48,$8.480.000,3,TECNICO,divorciado,1,No,Rechazado
SOL-00440,2024-04-07,barranquilla,Libre inversion,20500000,36,2850000,,BACHILLER,Union libre,0,Sí,Aprobado
SOL-00022,2025-06-12,Bogotá D.C.,Libre inversion,21000000,12,3470000,3,Profesional,Soltero,0,No,Rechazado
SOL-01333,2024-12-07,Pereira,Libre inversion,13700000,12,2810000,9,bachiller,DIVORCIADO,2,No,Aprobado
SOL-01869,07/08/2024,pereira,Educacion,13600000,24,4890000,16,Profesional,Casado,4,No,En estudio
SOL-01429,2024-09-09,Medellin,Libre inversion,14800000,48,4030000,4,Técnico,Divorciado,0,No,en estudio
SOL-02741,23/04/2025,Pereira,Libre inversion,11200000,12,4490000,2,Bach.,soltero,2,No,aprobado
SOL-02200,2024-01-31,Pereira,Vivienda,153900000,120,8800000,8,Tec.,Union libre,4,Si,Aprobado
SOL-02208,24/04/2025,barranquilla,Vehiculo,35900000,24,3660000,4,Profesional,Casado,3,No,APROBADO
SOL-01442,17/04/2025,Bucaramanga,Vivienda,107500000,180,$3.640.000,,Posgrado,Casado,3,Si,Aprobado
SOL-00488,2024-09-22,Bogota,Vehiculo,49800000,60,3180000,4,Bachiller,soltero,0,Si,rechazado
SOL-00230,2024-06-02,Barranquilla,Vehiculo,23600000,60,2910000,1,Tecnico,Soltero,2,Si,Rechazado
SOL-00439,2025-03-07,bucaramanga,Libre inversion,17700000,36,2190000,5,Tec.,Union libre,N/A,NO,Aprobado
SOL-01981,2024-10-04,MEDELLIN,Libre inversion,18900000,36,3800000,1,BACHILLER,Casado,1,si,Rechazado
SOL-00287,02/01/2024,CALI,Libre inversion,12400000,12,3530000,0,Bachiller,Divorciado,3,0,Aprobado
SOL-02212,16/12/2024,Bogota,Educacion,12000000,24,1800000,15,Profesional,soltero,2,Si,Aprobado
SOL-02656,2025-06-09,Medellin,Libre inversion,17600000,24,1800000,0,Bachiller,Soltero,1,no,Aprobado
SOL-00811,2024-07-18,Bucaramanga,Libre inversion,9900000,36,2250000,5,Posgrado,SOLTERO,1,NO,RECHAZADO
SOL-02268,2025-03-09,Bucaramanga,Vehiculo,34000000,36,N/A,2,Tecnico,Soltero,4,Si,Aprobado
SOL-00432,2024-06-03,Medellín,Vehiculo,35500000,60,4230000,4,PROFESIONAL,Union libre,2,No,Aprobado
SOL-01754,2024-01-08,Bogota,Vehiculo,24500000,60,1.820.000,1,Bachiller,Casado,1,1,Aprobado
SOL-02181,24/04/2024,bucaramanga,Libre inversion,10200000,12,1800000,1,Bachiller,Soltero,1,No,Aprobado
SOL-02977,2025-05-06,Barranquilla,Libre inversion,10600000,12,1800000,1,Tecnico,CASADO,0,Si,Aprobado
SOL-00621,2024-07-20,Bogota,Vivienda,175600000,180,$4.450.000,0,Técnico,Soltero,2,No,Rechazado
SOL-01490,07/12/2024,Bogotá,Vehiculo,50200000,24,2600000,0,Profesional,Soltero,2,Si,Aprobado
SOL-00937,2024-12-16,Cartagena,Libre inversion,23200000,36,2440000,2,Prof.,Casado,1,Si,Aprobado
SOL-02209,2025-05-31,Medellín,Vehiculo,47600000,60,$6.920.000,2,Profesional,Soltero,3,No,Aprobado
SOL-02186,24/07/2024,Barranquilla,Vivienda,165600000,240,2060000,5,Bachiller,Soltero,3,1,Aprobado
SOL-02163,2024-11-17,Bogotá D.C.,Vehiculo,59100000,48,3180000,7,Prof.,soltero,3,No,Aprobado
SOL-00131,30/08/2024,MEDELLIN,Libre inversion,12900000,24,5.930.000,5,tecnico,Union libre,2,Si,Rechazado
SOL-01588,30/04/2024,Cartagena,Vehiculo,43000000,24,N/A,19,Profesional,SOLTERO,1,No,Aprobado
SOL-00956,2025-04-29,Cartagena,Vivienda,100900000,120,4050000,3,Posgrado,Union libre,2,Si,Rechazado
SOL-00914,2025-05-04,Bogota,Libre inversion,12500000,36,1800000,1,profesional,Soltero,1,Sí,aprobado
SOL-00860,2025-04-26,Cali,Vehiculo,23400000,48,4080000,22,Bachiller,Soltero,0,Si,Aprobado
SOL-02902,01/09/2024,Cartagena,Vehiculo,52700000,60,9310000,8,Tecnico,Casado,1,no,Aprobado
SOL-01314,18/05/2025,Bogota,Educacion,10700000,12,$ 6960000,1,Profesional,Soltero,1,Si,APROBADO
SOL-00128,21/02/2024,cali,Vehiculo,39100000,24,14680000,3,Tecnico,Union libre,1,Si,Aprobado
SOL-00285,2024-03-15,BOGOTA,Vehiculo,35700000,24,2500000,2,Bachiller,Casado,,Si,Aprobado
SOL-02147,25/03/2025,Medellin,Libre inversion,21700000,48,$6.980.000,9,Técnico,Divorciado,1,No,APROBADO
SOL-00979,2024-01-06,Bucaramanga,Libre inversion,24500000,24,2010000,3,Tecnico,SOLTERO,2,no,Aprobado
SOL-00624,2025-04-05,Bucaramanga,Libre inversion,13600000,24,3600000,3,Profesional,Soltero,1,No,Rechazado
SOL-00689,14/05/2024,Bogotá,Vehiculo,54400000,60,2950000,4,Tecnico,Casado,2,Si,Aprobado
SOL-01826,08/03/2025,Cali,Vivienda,226400000,120,2810000,4,PROFESIONAL,casado,1,No,Aprobado
SOL-01721,31/03/2024,cali,Libre inversion,23300000,24,2.780.000,2,Bachiller,Soltero,0,No,Aprobado
SOL-00996,2024-07-10,cartagena,Vivienda,181900000,180,2180000,2,Profesional,Soltero,3,Si,Aprobado
SOL-01746,27/11/2024,Bogotá,Vehiculo,27900000,48,6640000,4,Técnico,casado,0,No,Aprobado
SOL-02101,2024-10-30,BARRANQUILLA,Vehiculo,42200000,48,$7.200.000,5,Tec.,UNION LIBRE,1,No,Aprobado
SOL-00611,2024-06-04,barranquilla,Libre inversion,10300000,12,2960000,12,Posgrado,Soltero,0,NO,Aprobado
SOL-00459,18/06/2024,Bogota,Vehiculo,38700000,48,3710000,1,POSGRADO,casado,1,SI,Aprobado
SOL-02259,27/03/2025,Bogota,Libre inversion,23700000,12,3010000,5,Profesional,Casado,0,Si,Aprobado
SOL-00463,15/01/2024,BOGOTA,Educacion,6800000,24,4220000,4,Posgrado,Soltero,2,No,Aprobado
SOL-00793,17/03/2024,barranquilla,Vehiculo,42400000,24,4320000,1,Profesional,Soltero,4,No,Aprobado
SOL-00505,01/07/2024,pereira,Vehiculo,59000000,24,2360000,31,Tecnico,Soltero,1,No,En estudio
SOL-00309,04/01/2025,Bogota,Libre inversion,10000000,24,3660000,3,PROFESIONAL,Soltero,0,No,En estudio
SOL-02966,09/04/2025,Bogotá D.C.,Educacion,7900000,24,1800000,20,Posgrado,Union libre,0,1,Rechazado
SOL-00364,28/01/2025,bogota,Libre inversion,11100000,12,2100000,4,Tecnico,Casado,2,Si,Rechazado
SOL-00580,2025-02-27,Medellin,Educacion,16900000,24,3360000,8,Tecnico,Divorciado,2,0,En estudio
SOL-00106,17/08/2024,BARRANQUILLA,Vehiculo,22300000,60,8860000,6,Profesional,SOLTERO,4,No,APROBADO
SOL-02321,2024-11-05,Bogotá D.C.,Libre inversion,24800000,12,1800000,3,Profesional,Union libre,1,Si,Aprobado
SOL-01133,2024-02-12,Cali,Educacion,17700000,36,1820000,10,Tecnico,CASADO,0,No,Aprobado
SOL-00508,2025-05-16,Bucaramanga,Libre inversion,19100000,36,4110000,2,Tecnico,Soltero,0,Si,Aprobado
SOL-01012,2024-06-07,Pereira,Libre inversion,12400000,36,5420000,3,Bachiller,Union libre,3,Sí,aprobado
SOL-01514,04/03/2025,Bogota,Vehiculo,49500000,24,$ 5620000,10,Tecnico,Union libre,0,No,Rechazado
SOL-00947,01/01/2025,BARRANQUILLA,Libre inversion,17600000,24,$ 1800000,6,Tecnico,Soltero,3,No,Rechazado
SOL-01226,2025-03-16,Bucaramanga,Libre inversion,14400000,48,3060000,1,profesional,Union libre,0,NO,Rechazado
SOL-02015,09/01/2025,BARRANQUILLA,Vehiculo,30200000,24,1800000,5,,Union libre,0,no,Aprobado
SOL-01391,2024-09-25,CALI,Vehiculo,48300000,36,3810000,0,Profesional,soltero,1,No,Rechazado
SOL-02904,17/01/2025,Bogotá,Libre inversion,20500000,48,$ 3560000,13,Bachiller,Casado,1,Si,Rechazado
SOL-02938,2025-05-30,Cali,Vivienda,81900000,180,1800000,17,Profesional,Soltero,3,no,Rechazado
SOL-02731,2024-03-03,medellin,Libre inversion,20200000,48,1800000,3,,Union libre,1,No,aprobado
SOL-02767,01/10/2024,Pereira,Vehiculo,21800000,48,1800000,2,Profesional,Union libre,0,no,Rechazado
SOL-00189,14/11/2024,bogota,Vehiculo,49800000,24,2410000,2,Tecnico,Soltero,1,No,Aprobado
SOL-02867,21/10/2024,CARTAGENA,Libre inversion,13900000,24,3300000,5,Profesional,Soltero,2,SI,Rechazado
SOL-02580,2024-05-07,medellin,Vivienda,151000000,180,7.140.000,5,Tecnico,CASADO,1,No,Rechazado
SOL-01821,2024-08-16,Bucaramanga,Libre inversion,16100000,12,5840000,5,Prof.,Union libre,0,Si,Aprobado
SOL-02922,2024-10-31,Cartagena,Vehiculo,38700000,36,5830000,2,Tecnico,Unión libre,4,0,Rechazado
SOL-02878,2024-08-16,Cali,Libre inversion,24100000,48,2250000,5,Bachiller,Casado,4,No,En estudio
SOL-01780,2024-10-26,Cali,Vivienda,112700000,60,$1.950.000,3,Posgrado,soltero,2,No,Aprobado
SOL-01309,2024-10-11,cartagena,Vehiculo,20700000,48,14070000,1,Posgrado,SOLTERO,0,NO,APROBADO
SOL-02371,12/06/2024,Cali,Libre inversion,16300000,36,4020000,7,Bach.,Divorciado,2,No,En estudio
SOL-02827,2024-08-16,PEREIRA,Educacion,7400000,24,7630000,3,Bach.,Union libre,3,Si,Aprobado
SOL-01759,23/05/2024,Cartagena,Libre inversion,18400000,48,2750000,3,Prof.,Casado,3,no,rechazado
SOL-01654,09/07/2024,Bogota,Educacion,10800000,24,$3.030.000,18,PROFESIONAL,Casado,3,No,En estudio
SOL-00863,2025-02-01,CALI,Educacion,8700000,24,5.580.000,1,Bachiller,Casado,3,Si,aprobado
SOL-01174,11/03/2024,Cali,Educacion,4600000,36,2810000,3,Tecnico,Casado,0,No,Aprobado
SOL-01610,2024-04-11,Medellin,Vehiculo,47600000,60,2840000,13,BACHILLER,UNION LIBRE,2,0,Aprobado
SOL-02088,2025-02-19,Cali,Libre inversion,17400000,24,6.600.000,7,Bachiller,Casado,2,NO,Aprobado
SOL-01116,02/05/2024,Bogota,Libre inversion,17900000,12,$ 2570000,1,Profesional,Divorciado,1,No,rechazado
SOL-00354,11/04/2025,Medellin,Educacion,15600000,24,7590000,5,Tecnico,casado,1,No,Aprobado
SOL-01035,2024-06-25,cali,Libre inversion,10700000,24,2240000,2,Profesional,Casado,0,NO,Aprobado
SOL-02112,12/07/2024,Pereira,Vehiculo,43300000,60,3230000,4,Profesional,Union libre,2,NO,En estudio
SOL-00732,27/07/2024,BOGOTA,Vivienda,186100000,240,$ 3860000,6,tecnico,Union libre,1,no,Rechazado
SOL-00703,2025-03-07,Medellin,Vehiculo,40800000,60,5250000,1,Técnico,casado,3,NO,en estudio
SOL-02931,2024-07-23,bucaramanga,Vehiculo,40100000,48,4070000,0,Profesional,Divorciado,3,SI,Aprobado
SOL-02986,08/04/2025,Medellin,Educacion,12200000,36,$ 2980000,4,Bachiller,Union libre,1,No,Aprobado
SOL-02575,12/06/2025,Bogotá D.C.,Vehiculo,21500000,24,$ 1800000,1,Tecnico,Casado,3,No,Aprobado
SOL-00161,2025-06-19,CALI,Vehiculo,47000000,48,$ 1820000,4,tecnico,Casado,N/A,Si,Aprobado
SOL-02545,2024-01-15,CALI,Educacion,12900000,36,2270000,4,posgrado,Casado,0,SI,Rechazado
SOL-01264,2024-11-15,Bogota,Libre inversion,9600000,24,4190000,8,Tec.,Soltero,3,no,APROBADO
SOL-02228,12/01/2025,Bucaramanga,Vehiculo,22300000,24,$2.340.000,2,,casado,1,Si,Aprobado
SOL-02541,2025-03-04,Cali,Libre inversion,17500000,36,1800000,1,Profesional,Casado,0,No,Rechazado
SOL-01138,2025-01-02,bogota,Vehiculo,45300000,60,5480000,2,Profesional,Casado,0,No,Rechazado
SOL-01199,2024-09-10,CALI,Vehiculo,42200000,48,4750000,1,Profesional,Soltero,,Si,Rechazado
SOL-01938,2025-05-12,Medellin,Libre inversion,10300000,48,6540000,12,Bachiller,Casado,0,Si,Rechazado
SOL-00163,25/02/2024,Cali,Educacion,14800000,12,$2.390.000,0,POSGRADO,Casado,0,No,Aprobado
SOL-01962,2025-05-09,Bogota,Educacion,14600000,36,2450000,10,Profesional,casado,0,no,Aprobado
SOL-01497,2024-06-17,cali,Libre inversion,11800000,48,1800000,4,Profesional,Soltero,0,si,Aprobado
SOL-01930,20/06/2025,Cali,Vivienda,149300000,120,4460000,1,Bachiller,Soltero,2,No,En estudio
SOL-00186,2025-05-30,cali,Vivienda,215600000,60,$4.460.000,7,Tecnico,Divorciado,0,No,Rechazado
SOL-00460,2025-04-30,Bucaramanga,Libre inversion,12500000,24,3150000,11,Profesional,Casado,N/A,Si,Rechazado
SOL-01743,2025-03-18,MEDELLIN,Vehiculo,56800000,48,2060000,5,Bachiller,Soltero,0,0,En estudio
SOL-01854,10/02/2024,barranquilla,Libre inversion,19400000,24,6380000,1,Bachiller,Union libre,3,1,En estudio
SOL-01008,2024-06-16,Medellin,Educacion,5300000,24,7660000,3,Tecnico,Casado,3,No,En estudio
SOL-01943,08/12/2024,Bogota,Educacion,7200000,12,7.110.000,,Profesional,casado,1,Si,Aprobado
SOL-02102,30/01/2024,Bogota,Libre inversion,23500000,36,2.370.000,2,Tecnico,Union libre,2,No,Aprobado
SOL-02271,21/12/2024,cartagena,Libre inversion,24400000,24,2270000,8,Bachiller,Casado,1,0,Aprobado
SOL-01449,2024-03-25,Barranquilla,Vehiculo,52800000,36,2790000,1,Posgrado,SOLTERO,3,SI,APROBADO
SOL-02025,2024-03-25,MEDELLIN,Libre inversion,20200000,36,1800000,10,Prof.,casado,2,Si,Aprobado
SOL-00369,2025-01-29,Medellin,Educacion,17200000,36,4250000, ,Profesional,Soltero,2,No,Aprobado
SOL-01169,14/04/2024,Medellín,Vehiculo,55500000,48,5730000,2,Técnico,Soltero,0,Si,Rechazado
SOL-02364,2025-02-11,bogota,Educacion,8200000,24,3.540.000,2,Bachiller,Soltero,3,Si,En estudio
SOL-00494,27/09/2024,Medellin,Vehiculo,45900000,24,2090000,3,Tec.,UNION LIBRE,0,No,Aprobado
SOL-00232,2024-01-18,Bogota,Libre inversion,10000000,24,3370000,1,Prof.,casado,2,No,Aprobado
SOL-02786,2024-01-23,BOGOTA,Libre inversion,15500000,48,5280000,0,Tecnico,Divorciado,0,No,APROBADO
SOL-00334,12/06/2025,Bogota,Vehiculo,38900000,36,3660000,6,Tecnico,casado,0,No,Rechazado
SOL-02338,2024-02-23,Medellín,Vivienda,101900000,120,1800000,20,Bach.,Soltero,2,Sí,RECHAZADO
SOL-00789,2024-02-05,Barranquilla,Vehiculo,58300000,36,1800000,8,Bachiller,Divorciado,N/A,Si,Aprobado
SOL-01583,2024-12-28,Cartagena,Vehiculo,57500000,48,2710000,6,POSGRADO,Soltero,2,0,Rechazado
SOL-02769,2024-12-15,Bogota,Vivienda,123600000,240,3950000,9,posgrado,Soltero,1,SI,Aprobado
SOL-02326,25/01/2024,CALI,Vivienda,182100000,120,7690000,1,Bach.,divorciado,0,Si,Aprobado
SOL-00381,2024-10-25,Medellin,Educacion,5800000,36,1900000,6,Bachiller,Soltero,1,No,Aprobado
SOL-02075,2025-03-04,Bogotá,Vivienda,246300000,120,6190000,11,profesional,Union libre,4,No,Aprobado
SOL-02527,2024-03-21,Cartagena,Libre inversion,16900000,36,$ 4230000,4,Posgrado,Casado,3,No,Aprobado
SOL-01390,2025-02-14,Medellin,Libre inversion,18900000,24,4430000,2,Profesional,Soltero,0,No,RECHAZADO
SOL-01970,2024-05-20,Bogota,Vehiculo,48500000,36,2360000,26,Posgrado,Soltero,1,NO,Rechazado
SOL-02005,2025-01-06,Cali,Libre inversion,23900000,48,$6.930.000,5,Tecnico,casado,2,si,Rechazado
SOL-02660,2024-05-30,Cartagena,Libre inversion,10600000,24,1800000,4,Técnico,Union libre,0,No,RECHAZADO
SOL-02717,2024-08-08,BOGOTA,Vivienda,106900000,240,2850000,1,Posgrado,Union libre,1,Si,Rechazado
SOL-02397,2024-09-12,CARTAGENA,Vivienda,199700000,60,$ 2140000,1,Tecnico,union libre,4,No,Aprobado
SOL-02491,05/05/2025,Bogota,Libre inversion,22300000,12,4450000,2,Profesional,Soltero,,0,RECHAZADO
SOL-01418,2024-10-10,Cartagena,Vivienda,215200000,120,6780000,2,Prof.,Divorciado,1,No,Rechazado
SOL-01282,2025-03-19,Pereira,Libre inversion,15000000,48,3930000, ,Bachiller,Soltero,0,No,Aprobado
SOL-01584,2024-09-28,Bogota,Libre inversion,14700000,12,4120000,7,Profesional,Soltero,0,1,En estudio
SOL-00208,2024-08-08,Bogotá,Vivienda,88500000,180,6.180.000,N/A,Profesional,Casado,0,No,Rechazado
SOL-02145,25/03/2024,Barranquilla,Libre inversion,11300000,24,1.800.000,1,BACHILLER,Casado,,No,En estudio
SOL-02950,20/11/2024,Bucaramanga,Libre inversion,8300000,48,1930000,1,Tecnico,CASADO,3,No,Aprobado
SOL-01319,26/03/2024,Bogotá,Educacion,4200000,24,2610000,2,Tecnico,Soltero,1,no,en estudio
SOL-00882,2025-01-17,BUCARAMANGA,Vehiculo,40000000,48,2580000,2,POSGRADO,Soltero,2,No,Aprobado
SOL-00144,2024-08-15,bogota,Libre inversion,9600000,12,5770000,2,TECNICO,Soltero,1,si,Aprobado
SOL-00250,2024-06-20,Bogota,Vivienda,131000000,180,3540000,25,profesional,Divorciado,1,Si,EN ESTUDIO
SOL-01883,2024-05-27,bogota,Vehiculo,40100000,24,5660000,2,Tecnico,Casado,1,No,Aprobado
SOL-01917,2025-05-17,Bogota,Vivienda,222700000,240,4830000,,Bachiller,Casado,2,Si,aprobado
SOL-01978,02/06/2025,Cali,Libre inversion,21900000,12,3010000,3,Bachiller,CASADO,3,No,En estudio
SOL-02871,25/01/2024,barranquilla,Libre inversion,16900000,36,7450000,5,Técnico,Soltero,1,No,Aprobado
SOL-02161,2024-08-27,medellin,Libre inversion,18300000,48,4860000,0,BACHILLER,Union libre,2,No,En estudio
SOL-02082,2025-05-23,bucaramanga,Libre inversion,19400000,24,5380000,0,bachiller,CASADO,2,Si,Aprobado
SOL-01472,2024-08-15,bogota,Libre inversion,21200000,12,6420000,9,Bachiller,Union libre,2,Si,Rechazado
SOL-02550,16/05/2025,barranquilla,Libre inversion,10400000,36,3570000, ,Bachiller,Casado,0,No,Rechazado
SOL-02406,2025-06-14,Pereira,Vehiculo,58500000,24,5530000,6,Profesional,Union libre,3,No,APROBADO
SOL-00348,2025-06-07,Bogota,Vivienda,116400000,120,2020000,6,Tecnico,Casado,0,No,Aprobado
SOL-01445,25/02/2024,Medellin,Vivienda,156800000,180,3500000,3,Posgrado,Soltero,1,no,En estudio
SOL-01129,29/03/2025,Bogota,Libre inversion,22600000,12,2810000,2,Técnico,Union libre,1,No,En estudio
SOL-02014,2025-06-11,Medellin,Libre inversion,23300000,24,$ 6350000,8,Tecnico,Union libre,1,NO,En estudio
SOL-01338,2025-06-04,Bogota,Vehiculo,56200000,60,1800000,N/A,Prof.,Soltero,2,No,Aprobado
SOL-02704,2024-05-20,PEREIRA,Educacion,13900000,36,3.990.000,2,Posgrado,Casado,2,No,En estudio
SOL-01454,09/06/2025,Bogota,Vehiculo,36800000,36,4000000,3,profesional,Casado,2,No,Aprobado
SOL-02836,2024-07-06,Bogota,Libre inversion,23400000,24,1800000,3,BACHILLER,Union libre,0,NO,Rechazado
SOL-00766,2024-09-16,Medellin,Educacion,9200000,24,4400000,4,Técnico,Casado,3,Si,RECHAZADO
SOL-00103,2024-01-19,BOGOTA,Libre inversion,9500000,24,4100000,2,PROFESIONAL,Casado,1,No,Aprobado
SOL-00147,11/10/2024,Medellin,Vehiculo,49400000,60,6420000,0,Técnico,Soltero,0,No,RECHAZADO
SOL-01134,2025-06-18,Cali,Libre inversion,20600000,48,3760000,8,Bachiller,Casado,2,Si,Aprobado
SOL-02058,25/06/2025,Bucaramanga,Vehiculo,55000000,60,4940000,13,Profesional,Soltero,2,0,Rechazado
SOL-00395,2024-11-15,Bucaramanga,Vehiculo,47100000,36,4710000,3,Bachiller,soltero,2,No,Rechazado
SOL-02739,2024-02-13,Medellin,Vehiculo,38500000,48,5600000, ,Bachiller,CASADO,0,No,Aprobado
SOL-02862,17/01/2024,Medellin,Vehiculo,58700000,60,2.920.000,N/A,Bachiller,Soltero,2,NO,Aprobado
SOL-01222,2025-05-11,cali,Vehiculo,38700000,36,4740000,9,tecnico,Soltero,0,Si,Aprobado
SOL-01565,21/07/2024,Cali,Vivienda,177600000,120,4200000,3,Tecnico,Soltero,0,No,Rechazado
SOL-01831,27/11/2024,BUCARAMANGA,Vivienda,97700000,240,5500000,4,Profesional,Casado,1,0,rechazado
SOL-00322,2024-10-30,Medellin,Libre inversion,12300000,12,5620000,1,Postgrado,SOLTERO,0,No,En estudio
SOL-00112,2025-01-04,Barranquilla,Vehiculo,51600000,60,$ 5410000,1,Tecnico,Casado,0,1,APROBADO
SOL-00589,2024-03-22,BOGOTA,Vehiculo,35600000,36,1800000,6,profesional,Union libre,,0,Aprobado
SOL-01477,2024-08-04,Cali,Vehiculo,46900000,36,3650000,4,Tecnico,Soltero,1,NO,aprobado
SOL-02993,2025-05-26,Medellin,Vehiculo,30200000,36,4350000,2,Posgrado,Divorciado,2,NO,En estudio
SOL-02135,2024-11-04,Medellín,Educacion,15200000,24,2240000,3,Bachiller,SOLTERO,0,No,Aprobado
SOL-00137,18/01/2025,BUCARAMANGA,Vivienda,151500000,240,5990000,2,bachiller,Soltero,2,Si,Rechazado
SOL-01455,12/08/2024,CARTAGENA,Libre inversion,17400000,36,2450000,2,Bachiller,Casado,3,Si,Rechazado
SOL-00654,2024-06-21,Medellin,Libre inversion,12500000,24,1800000,6,Bachiller,Union libre,3,0,Aprobado
SOL-01927,2025-02-19,Bogota,Vehiculo,29300000,36,2.090.000,3,Bach.,Unión libre,1,0,Aprobado
SOL-02504,12/04/2024,Bogota,Vehiculo,48000000,48,3.480.000,5,TECNICO,CASADO,2,No,En estudio
SOL-01048,16/11/2024,Medellin,Vivienda,234100000,120,3130000,2,PROFESIONAL,Soltero,2,SI,en estudio
SOL-02158,2024-04-19,Cali,Libre inversion,9700000,36,5.840.000,3,Tecnico,Casado,2,no,RECHAZADO
SOL-00931,18/04/2025,Bogota,Libre inversion,23700000,48,$2.830.000,4,TECNICO,Soltero,0,No,RECHAZADO
SOL-00221,2024-01-17,Cartagena,Vehiculo,48400000,60,$2.740.000,1,Prof.,Casado,2,Sí,Aprobado
SOL-00928,2024-10-09,Barranquilla,Educacion,6400000,12,$2.160.000,3,Tecnico,Soltero,2,Si,Rechazado
SOL-02066,2024-01-31,Medellín,Libre inversion,19700000,48,1800000,N/A,Tec.,Soltero,2,No,Aprobado
SOL-02400,2024-02-16,CALI,Libre inversion,20300000,48,$1.800.000,7,Tecnico,Soltero,0,Sí,Aprobado
SOL-02262,2025-04-15,Cartagena,Libre inversion,13000000,36,2850000,3,Profesional,UNION LIBRE,1,SI,Rechazado
SOL-02763,2025-03-20,cali,Libre inversion,12600000,36,2680000,3,Posgrado,SOLTERO,1,NO,Rechazado
SOL-00534,08/10/2024,Bucaramanga,Libre inversion,22200000,24,8320000,1,Tecnico,Union libre,0,No,Aprobado
SOL-02001,2024-10-04,Bogota,Vehiculo,48900000,48,4470000,1,Tecnico,Soltero,2,No,Aprobado
SOL-00607,2025-02-03,Barranquilla,Vivienda,118800000,180,1.800.000,3,Bachiller,casado,1,No,Aprobado
SOL-00075,2024-11-21,Barranquilla,Libre inversion,14000000,24,$ 3650000,0,Bachiller,Casado,1,No,Aprobado
SOL-01611,2025-01-29,Bucaramanga,Educacion,9000000,12,1800000,2,Tecnico,Soltero,2,Si,Aprobado
SOL-02150,2024-07-13,PEREIRA,Libre inversion,12900000,48,1800000,0,tecnico,Union libre,2,Si,Rechazado
SOL-01323,2024-09-05,BUCARAMANGA,Libre inversion,23500000,48,2660000,16,bachiller,Soltero,3,NO,Rechazado
SOL-01894,12/07/2024,Bogota,Vivienda,142500000,180,$3.780.000,13,Tecnico,Soltero,2,Si,Aprobado
SOL-00114,2024-11-11,PEREIRA,Vivienda,200400000,180,3000000,1,Tecnico,Divorciado,2,no,Aprobado
SOL-00987,14/05/2025,Bogota,Educacion,9200000,12,5.570.000,1,Bach.,Soltero,4,No,Aprobado
SOL-02997,2024-10-08,CALI,Libre inversion,8700000,12,1800000,3,TECNICO,Union libre,0,0,Aprobado
SOL-01479,2025-01-03,Bucaramanga,Educacion,15000000,36,1800000,4,Bach.,UNION LIBRE,0,No,Aprobado
SOL-00223,2024-11-24,Bucaramanga,Vehiculo,24900000,48,$4.740.000,1,Tec.,soltero,0,1,Rechazado
SOL-00519,07/08/2024,Barranquilla,Libre inversion,23000000,12,1800000,32,Postgrado,Union libre,3,NO,Rechazado
SOL-01349,2025-02-11,Barranquilla,Educacion,13100000,36,$ 4830000,0,Prof.,Casado,3,0,En estudio
SOL-01120,2024-10-08,Barranquilla,Libre inversion,19300000,24,4170000,1,Tecnico,Soltero,2,Si,Aprobado
SOL-00036,2024-07-04,BOGOTA,Educacion,3800000,12,3790000,0,Bach.,soltero,1,no,RECHAZADO
SOL-00831,24/07/2024,Bucaramanga,Vivienda,220700000,180,3060000,3,PROFESIONAL,Unión libre,0,1,Rechazado
SOL-01872,27/01/2025,Bogota,Vivienda,88500000,120,2200000,1,Profesional,Divorciado,0,No,En estudio
SOL-02144,05/04/2025,Bogotá D.C.,Educacion,17100000,36,1.810.000,8,Bachiller,CASADO,3,NO,Aprobado
SOL-00348,2025-06-07,Bogota,Vivienda,116400000,120,2020000,6,Tecnico,Casado,0,No,Aprobado
SOL-00168,20/02/2024,Bogota,Libre inversion,19900000,24,9010000,6,Bachiller,Soltero,4,No,Aprobado
SOL-02624,2025-06-28,Medellin,Libre inversion,19100000,36,2.920.000,3,Profesional,Soltero,0,Si,Rechazado
SOL-00117,2025-03-12,BOGOTA,Vehiculo,41900000,48,2.040.000,1,Tecnico,Union libre,0,Si,aprobado
SOL-00531,2025-03-18,Barranquilla,Vivienda,220500000,120,3220000,2,Posgrado,Union libre,2,No,Aprobado
SOL-02984,2024-09-24,Medellín,Vivienda,121600000,240,2440000,7,Profesional,Casado,1,SI,Aprobado
SOL-00321,2025-04-18,BARRANQUILLA,Vehiculo,42600000,24,3460000,3,Tecnico,Divorciado,2,no,EN ESTUDIO
SOL-01029,17/01/2025,Bogota,Educacion,17900000,24,8380000,3,Bachiller,Soltero,1,NO,rechazado
SOL-00474,10/06/2024,BARRANQUILLA,Libre inversion,11500000,24,3910000,3,tecnico,Soltero,1,No,Aprobado
SOL-02126,2025-01-17,PEREIRA,Educacion,17700000,24,3720000,1,Tecnico,SOLTERO,1,Si,Rechazado
SOL-02226,27/09/2024,Pereira,Vehiculo,23400000,60,3280000,11,PROFESIONAL,Soltero,2,Si,APROBADO
SOL-01762,2024-09-06,Cali,Libre inversion,18200000,12,2440000,9,bachiller,Casado,0,Sí,En estudio
SOL-02629,2024-02-06,Bogotá D.C.,Vehiculo,40800000,24,1880000,6,Profesional,Casado,2,Si,Aprobado
SOL-02513,2025-04-25,Cartagena,Libre inversion,20400000,24,5120000,5,Postgrado,soltero,1,No,Aprobado
SOL-01602,2025-02-28,PEREIRA,Vehiculo,47900000,24,3350000,4,Tecnico,Soltero,2,0,Rechazado
SOL-00228,2024-03-11,Bogota,Libre inversion,24600000,48,5980000,0,Profesional,casado,0,Si,aprobado
SOL-01628,01/06/2024,Barranquilla,Libre inversion,21800000,48,2.880.000,2,Tecnico,CASADO,0,NO,Aprobado
SOL-01026,2025-06-30,Medellin,Vehiculo,40000000,48,2120000,1,Prof.,Casado,2,1,Rechazado
SOL-02666,28/05/2025,Cali,Vivienda,129800000,120,2390000,1,Posgrado,Soltero,3,Si,Rechazado
SOL-01784,2024-11-26,Bucaramanga,Vehiculo,27400000,36,2650000,5,Tecnico,casado,1,No,Rechazado
SOL-00082,2025-01-15,Cali,Vivienda,189800000,60,1800000,4,PROFESIONAL,Casado,0,Si,Aprobado
SOL-01660,25/06/2024,pereira,Vivienda,200400000,240,1910000,1,Tecnico,Union libre,3,No,Rechazado
SOL-02826,30/01/2024,Bogota,Vehiculo,40200000,60,5710000,0,Prof.,Union libre,0,No,Aprobado
SOL-00669,2024-10-01,Bogota,Educacion,14100000,12,1800000,1,Tec.,Casado,1,No,Aprobado
SOL-00063,2025-05-26,Bogota,Libre inversion,14600000,36,1830000,1,profesional,DIVORCIADO,4,no,RECHAZADO
SOL-00850,2024-06-07,Bogota,Vivienda,126600000,120,2650000,21,Tec.,Casado,2,0,Aprobado
SOL-02635,2024-04-15,BOGOTA,Libre inversion,11900000,24,5430000,2,Posgrado,Union libre,2,No,Aprobado
SOL-02038,2025-01-13,Cali,Vehiculo,50800000,48,4060000,5,Profesional,soltero,1,Si,Aprobado
SOL-02766,2025-05-14,Bogota,Vehiculo,53400000,36,3050000,1,Posgrado,Soltero,2,SI,En estudio
SOL-00516,2025-05-25,Bogota,Libre inversion,14700000,48,$4.810.000,3,Bachiller,Union libre,0,No,Aprobado
SOL-01355,26/12/2024,Cali,Libre inversion,14500000,24,$ 7270000,1,Bachiller,Casado,2,No,Aprobado
SOL-00110,2024-09-14,barranquilla,Educacion,4300000,12,3180000,0,Bachiller,Soltero,0,Si,rechazado
SOL-02120,01/09/2024,Bogota,Libre inversion,9000000,12,4460000,1,tecnico,Soltero,3,Si,Aprobado
SOL-02041,2024-10-17,Cali,Libre inversion,18600000,24,9180000,1,Profesional,Union libre,N/A,No,Aprobado
SOL-02740,21/06/2024,Barranquilla,Vivienda,109200000,60,3930000,10,Posgrado,Union libre,2,si,En estudio
SOL-02589,2024-08-08,CARTAGENA,Vehiculo,33000000,24,5660000,,Tecnico,union libre,1,NO,Aprobado
SOL-01703,02/09/2024,Cali,Libre inversion,17800000,12,3120000,4,TECNICO,Soltero,4,No,aprobado
SOL-01126,2024-05-08,Bogota,Vehiculo,47400000,24,4950000,6,Posgrado,Soltero,0,1,APROBADO
SOL-01089,07/05/2025,MEDELLIN,Libre inversion,22000000,48,4400000,4,profesional,divorciado,0,No,Aprobado
SOL-00312,10/03/2024,Barranquilla,Vivienda,144800000,60,3990000,4,Profesional,casado,,0,Aprobado
SOL-01855,2024-12-21,Cartagena,Vehiculo,28100000,24,6110000,2,Profesional,Union libre,1,Si,Aprobado
SOL-00020,2024-06-12,Medellin,Libre inversion,8900000,48,6230000,2,Tecnico,casado,0,No,Aprobado
SOL-00358,2025-03-19,BUCARAMANGA,Vehiculo,42700000,48,3060000,6,Técnico,casado,4,No,Rechazado
SOL-00361,2024-09-16,Bogotá D.C.,Vehiculo,24400000,24,7130000,8,Tecnico,Casado,3,No,Aprobado
SOL-02795,2024-10-31,Barranquilla,Libre inversion,20300000,24,1800000,27,Tecnico,Casado,2,No,Aprobado
SOL-01525,2024-06-10,Bogota,Libre inversion,11900000,24,3790000,6,Bachiller,Soltero,1,Si,Aprobado
SOL-02031,2024-09-06,CARTAGENA,Vivienda,238400000,240,2350000,1,BACHILLER,Soltero,3,No,Rechazado
SOL-00393,2024-08-08,Bucaramanga,Vivienda,140300000,60,7850000,1,TECNICO,Casado,1,No,Aprobado
SOL-01478,2025-06-25,Bogota,Educacion,13800000,36,1800000,3,Posgrado,Soltero,1,NO,Aprobado
SOL-02354,2025-03-05,PEREIRA,Vehiculo,31800000,60,5010000,11,tecnico,DIVORCIADO,0,Si,Aprobado
SOL-02670,29/04/2024,Barranquilla,Libre inversion,16900000,48,3100000,5,tecnico,Casado,1,Si,Aprobado
SOL-00658,03/05/2025,CARTAGENA,Vehiculo,46200000,60,2930000,0,Bachiller,Divorciado,1,si,Aprobado
SOL-01247,2024-06-25,Barranquilla,Vivienda,155200000,180,4.880.000,0,TECNICO,Union libre,4,NO,En estudio
SOL-02996,2024-07-30,BOGOTA,Vehiculo,49600000,24,11.720.000,,bachiller,Soltero,2,Si,Rechazado
SOL-02683,2025-01-15,Bogota,Vehiculo,30700000,48,1.800.000,6,Bachiller,SOLTERO,3,No,aprobado
SOL-02809,2025-06-14,bucaramanga,Vehiculo,39300000,60,2620000,2,Bachiller,Soltero,0,0,Aprobado
SOL-01548,23/09/2024,Bogota,Vivienda,219200000,240,14570000,4,Tecnico,Union libre,2,no,Aprobado
SOL-01934,08/10/2024,bogota,Libre inversion,17000000,24,$ 1860000,N/A,Posgrado,UNION LIBRE,4,Si,Aprobado
SOL-01422,2024-02-12,bogota,Vehiculo,38700000,24,4500000,1,Posgrado,Casado,2,Sí,Rechazado
SOL-02119,04/03/2024,BOGOTA,Vehiculo,49200000,48,2680000,2,Profesional,Union libre,0,no,Aprobado
SOL-02899,02/05/2024,Bogota,Libre inversion,24200000,12,4040000,10,PROFESIONAL,Casado,2,1,Rechazado
SOL-00371,17/03/2025,Pereira,Vehiculo,30000000,36,2730000,7,BACHILLER,Divorciado,1,No,Aprobado
SOL-02949,2024-12-26,barranquilla,Libre inversion,17600000,24,2210000,2,Bachiller,soltero,1,Sí,Aprobado
SOL-00314,2025-03-08,Barranquilla,Libre inversion,11100000,48,5070000,8,Posgrado,Union libre,4,No,Aprobado
SOL-02553,2024-04-05,Bogotá,Libre inversion,24300000,36,2220000,1,Profesional,CASADO,2,No,Aprobado
SOL-01534,11/05/2024,Bogota,Libre inversion,8300000,12,$2.620.000,3,Posgrado,Union libre,4,No,Aprobado
SOL-00594,2024-03-02,Cali,Vivienda,97100000,180,2720000,0,Profesional,Casado,2,No,En estudio
SOL-00971,2024-01-28,Bogota,Vehiculo,39600000,24,3810000,10,Posgrado,Casado,1,Si,Aprobado
SOL-00203,2024-09-16,medellin,Vivienda,235500000,240,$ 3130000,0,bachiller,SOLTERO,3,Si,Aprobado
SOL-01991,2025-03-01,Bucaramanga,Educacion,3300000,24,16270000,7,PROFESIONAL,Union libre,1,No,Rechazado
SOL-02291,2024-08-01,Cali,Vivienda,205000000,120,6980000,4,PROFESIONAL,Casado,4,No,Aprobado
SOL-02207,2024-06-23,Cali,Vivienda,176700000,60,3480000,4,PROFESIONAL,Soltero,3,Si,Aprobado
SOL-01651,30/04/2024,CARTAGENA,Vehiculo,22000000,48,2160000,12,Profesional,Divorciado,2,No,Aprobado
SOL-01992,29/11/2024,Cartagena,Libre inversion,11800000,12,$ 3430000,7,profesional,Casado,0,No,Aprobado
SOL-00439,2025-03-07,bucaramanga,Libre inversion,17700000,36,2190000,5,Tec.,Union libre,N/A,NO,Aprobado
SOL-00327,2024-09-20,Cali,Educacion,8600000,24,6270000,0,Tecnico,Casado,2,Si,Aprobado
SOL-01159,2024-10-28,Cartagena,Vehiculo,24500000,24,$2.660.000,4,POSGRADO,Casado,1,Si,rechazado
SOL-02179,07/02/2024,cali,Libre inversion,22000000,48,$ 4740000,8,Profesional,casado,3,No,En estudio
SOL-00388,2024-11-11,bogota,Educacion,9600000,12,3530000,1,PROFESIONAL,CASADO,0,Si,Rechazado
SOL-01042,2025-01-26,Barranquilla,Educacion,10500000,12,$1.840.000,12,Posgrado,Divorciado,0,No,aprobado
SOL-02260,25/09/2024,bogota,Libre inversion,20100000,36,5010000,12,tecnico,Soltero,2,0,En estudio
SOL-01188,2024-04-24,Bucaramanga,Educacion,9900000,12,4530000,,profesional,Divorciado,0,Si,En estudio
SOL-00282,2024-11-26,bogota,Vehiculo,36600000,24,3.680.000,0,Bach.,Union libre,2,Si,Aprobado
SOL-01616,07/04/2025,Cali,Libre inversion,18700000,24,1.800.000,3,Profesional,Soltero,1,No,aprobado
SOL-00352,2024-02-10,Bogota,Libre inversion,23400000,24,2260000,4,Prof.,Casado,1,1,Aprobado
SOL-01356,2024-07-24,MEDELLIN,Libre inversion,17700000,24,,3,TECNICO,Casado,2,No,Rechazado
SOL-00043,2024-02-20,BOGOTA,Educacion,17700000,24,2390000,4,Profesional,SOLTERO,2,Si,Aprobado
SOL-02453,2024-08-06,Cali,Libre inversion,22100000,12,7060000,3,PROFESIONAL,Divorciado,2,No,RECHAZADO
SOL-00102,2024-12-05,Bogotá D.C.,Educacion,6600000,24,2160000,5,BACHILLER,casado,0,No,Rechazado
SOL-02709,2025-04-23,Barranquilla,Vehiculo,33300000,48,3670000,1,Posgrado,casado,1,NO,Aprobado
SOL-02976,2025-06-08,Cartagena,Libre inversion,21800000,12,3570000,1,Tecnico,UNION LIBRE,1,Si,Aprobado
SOL-00447,2025-05-20,Bogotá,Vehiculo,22900000,24,7430000,0,Posgrado,Union libre,1,Si,APROBADO
SOL-01630,2024-01-03,medellin,Libre inversion,9100000,12,3400000,1,profesional,soltero,2,No,En estudio
SOL-01274,2025-01-23,cali,Libre inversion,8800000,36,$1.800.000,3,Tec.,Casado,1,No,APROBADO
SOL-00135,2024-05-20,Bogota,Libre inversion,10200000,36,4120000,2,Tecnico,Union libre,0,Si,APROBADO
SOL-00575,01/06/2024,Cartagena,Libre inversion,19800000,24,4500000,1,Tecnico,Soltero,0,No,Rechazado
SOL-00877,2024-12-25,Medellin,Libre inversion,15700000,48,2490000,1,POSGRADO,Casado,1,No,Rechazado
SOL-02894,20/06/2025,Bogota,Vivienda,86400000,120,2930000,7,Bachiller,Casado,0,No,Aprobado
SOL-00857,2024-01-30,Cartagena,Vivienda,221100000,120,$1.800.000,3,Profesional,Soltero,4,Si,APROBADO
SOL-00129,05/04/2024,Pereira,Libre inversion,20400000,36,$ 2740000,0,Prof.,Soltero,2,Si,Aprobado
SOL-00748,22/09/2024,Barranquilla,Vivienda,131100000,240,$4.430.000,4,Tec.,soltero,2,1,En estudio
SOL-00573,2025-03-14,bogota,Libre inversion,24600000,12,6130000,4,Profesional,soltero,1,No,Aprobado
SOL-02522,2025-06-18,Cali,Libre inversion,12200000,24,1800000,8,Profesional,Soltero,,NO,Aprobado
SOL-02721,09/10/2024,barranquilla,Vivienda,111100000,120,3960000,12,Profesional,Soltero,4,Si,Aprobado
SOL-00876,13/06/2024,Bogota,Educacion,15100000,12,2.910.000,2,Bachiller,Soltero,2,No,Aprobado
SOL-00104,2024-07-22,Pereira,Libre inversion,15900000,24,4550000,7,tecnico,Casado,1,No,Aprobado
SOL-01902,2024-09-07,BOGOTA,Libre inversion,21400000,12,3670000,0,Tecnico,casado,3,SI,en estudio
SOL-00411,2024-12-25,MEDELLIN,Vivienda,138800000,180,7470000,5,Bachiller,soltero,2,NO,Aprobado
SOL-02032,2024-10-19,Bogota,Vivienda,217000000,120,1800000,17,PROFESIONAL,Casado,,0,Rechazado
SOL-01179,2024-09-08,Cali,Vehiculo,21600000,60,2630000,5,bachiller,Soltero,1,No,EN ESTUDIO
SOL-02219,2025-01-29,Bucaramanga,Vivienda,134100000,240,4150000,3,Profesional,Divorciado,,No,En estudio
SOL-00605,20/04/2025,Bogota,Vivienda,199000000,240,2370000,1,Posgrado,Soltero,4,NO,Aprobado
SOL-02898,2025-05-25,Cali,Vivienda,157000000,60,$ 4950000,15,Bachiller,Soltero,0,No,EN ESTUDIO
SOL-02782,2024-03-04,Medellin,Libre inversion,16800000,48,8610000,1,Tecnico,Union libre,1,No,Rechazado
SOL-02399,2025-03-25,Cali,Libre inversion,21600000,36,$5.140.000,3,Bachiller,union libre,2,Si,En estudio
SOL-01434,2025-03-05,MEDELLIN,Vehiculo,55400000,48,3510000,4,Profesional,DIVORCIADO,1,No,Aprobado
SOL-00385,2024-01-04,BOGOTA,Vivienda,141000000,180,2030000,7,Posgrado,Soltero,1,Si,Rechazado
SOL-02520,2024-10-22,Barranquilla,Libre inversion,8000000,48,$4.040.000,7,Profesional,CASADO,1,Si,Aprobado
SOL-00057,27/06/2024,Bogota,Vivienda,156200000,180,4880000,20,Bach.,Union libre,1,Si,Aprobado
SOL-00712,2024-12-27,Bogota,Educacion,13100000,36,1800000,1,Profesional,Soltero,2,0,En estudio
SOL-00325,26/03/2024,Bogota,Libre inversion,16400000,36,3.120.000,1,Profesional,Soltero,0,No,Aprobado
SOL-00079,2024-01-03,Medellin,Educacion,13900000,24,2290000,9,Profesional,Casado,1,SI,RECHAZADO
SOL-00541,2024-02-21,BUCARAMANGA,Libre inversion,17500000,12,3660000,1,tecnico,Union libre,0,No,En estudio
SOL-00356,2024-04-01,Barranquilla,Vehiculo,21100000,36,3320000,9,Bachiller,Casado,4,0,Aprobado
SOL-00360,2024-06-11,Medellin,Libre inversion,12900000,24,5790000,3,Profesional,Soltero,1,No,En estudio
SOL-01019,2024-06-28,Medellin,Libre inversion,13300000,12,6310000,2,Posgrado,SOLTERO,0,NO,Rechazado
SOL-02647,2025-04-28,Cali,Libre inversion,9700000,36,$4.170.000,14,Tecnico,Soltero,2,No,En estudio
SOL-02988,2025-03-19,Bogota,Libre inversion,12500000,36,2590000,1,Profesional,CASADO,0,Si,Aprobado
SOL-00916,04/02/2025,Barranquilla,Libre inversion,21500000,36,$ 2820000,1,Posgrado,Union libre,1,Si,Aprobado
SOL-00308,10/05/2024,Cali,Educacion,12600000,12,3500000,7,Bach.,Soltero,2,No,Rechazado
SOL-01414,2024-08-06,Bogota,Libre inversion,11900000,48,8480000,12,Tecnico,casado,2,No,Rechazado
SOL-00814,2024-06-22,CALI,Libre inversion,12900000,24,3840000,1,Tecnico,Soltero,,no,En estudio
SOL-00042,14/10/2024,Medellin,Libre inversion,20400000,36,3410000,1,POSGRADO,Divorciado,0,Si,Aprobado
SOL-02706,09/08/2024,Medellin,Libre inversion,11500000,24,$ 3300000,0,Posgrado,Soltero,2,No,Rechazado
SOL-01406,2025-06-03,Bogota,Vehiculo,58800000,24,2090000,0,Profesional,Soltero,4,Si,Aprobado
SOL-01587,2024-11-03,Barranquilla,Vehiculo,53600000,60,1.800.000,3,Profesional,Soltero,0,No,Aprobado
SOL-00883,30/10/2024,Cali,Libre inversion,11700000,36,$4.530.000,5,Profesional,Soltero,2,no,aprobado
SOL-00699,2024-12-05,Cartagena,Vivienda,223500000,60,2030000,11,Profesional,Soltero,0,No,Aprobado
SOL-01819,2024-07-09,Pereira,Vehiculo,48700000,36,4300000,7,Tecnico,union libre,3,Si,En estudio
SOL-00004,2024-12-16,Bucaramanga,Vivienda,114700000,60,4860000,11,Tecnico,SOLTERO,0,SI,EN ESTUDIO
SOL-00216,13/04/2025,Pereira,Libre inversion,14000000,48,3140000,7,PROFESIONAL,casado,0,No,Aprobado
SOL-00977,2024-12-17,Medellin,Libre inversion,8800000,48,2800000,0,TECNICO,Soltero,2,NO,Rechazado
SOL-00099,2025-06-16,Medellin,Educacion,9900000,12,$1.800.000,1,Tecnico,Divorciado,0,Si,Aprobado
SOL-02019,20/09/2024,Medellin,Vivienda,241300000,180,1.840.000,2,Bachiller,Union libre,3,Sí,Aprobado
SOL-01585,2024-07-07,cali,Libre inversion,12300000,24,2660000,0,Bach.,Soltero,0,no,Aprobado
SOL-02708,06/05/2024,Cali,Vivienda,171700000,60,11710000,N/A,BACHILLER,Casado,1,Si,Aprobado
SOL-01371,28/02/2025,Medellín,Libre inversion,14300000,24,4320000,11,Profesional,Casado,1,No,Aprobado
SOL-02597,2025-05-07,Cartagena,Libre inversion,13800000,24,8240000,1,posgrado,Casado,2,No,En estudio
SOL-02838,2025-04-16,BOGOTA,Vehiculo,50600000,36,2950000,2,Profesional,Casado,0,No,Aprobado
SOL-01192,20/03/2024,Medellin,Libre inversion,9300000,36,5700000,2,Prof.,Divorciado,,Si,Aprobado
SOL-02487,2024-03-25,BOGOTA,Libre inversion,24200000,24,5160000,1,Profesional,Divorciado,2,No,Aprobado
SOL-01813,2024-08-14,CARTAGENA,Libre inversion,17200000,48,4600000,,PROFESIONAL,Casado,2,Si,aprobado
SOL-01517,2024-02-03,Medellin,Vivienda,151200000,180,1800000,2,Posgrado,UNION LIBRE,0,Si,Aprobado
SOL-00701,2025-02-23,Bogota,Vehiculo,55400000,48,4020000,,PROFESIONAL,Soltero,0,0,Aprobado
SOL-00456,2025-06-17,Bogota,Libre inversion,13600000,48,1800000, ,Bach.,Union libre,1,Si,Rechazado
SOL-02498,2024-07-18,Cali,Libre inversion,18200000,48,1.800.000,10,profesional,Casado,0,No,Rechazado
SOL-02324,2024-04-07,Bogota,Vehiculo,27300000,60,$ 6200000,3,Tecnico,Casado,1,Si,Aprobado
SOL-00522,23/06/2025,Bogotá,Vehiculo,30400000,24,4550000,5,Posgrado,SOLTERO,0,No,Aprobado
SOL-01261,2024-12-22,CARTAGENA,Vehiculo,50300000,36,9800000,0,TECNICO,Casado,N/A,Si,Aprobado
SOL-01954,14/06/2025,BARRANQUILLA,Vivienda,209000000,60,3310000,8,Profesional,Union libre,3,No,APROBADO
SOL-01038,2024-10-26,cartagena,Educacion,13700000,12,9420000,2,Profesional,union libre,3,NO,Rechazado
SOL-00390,2024-12-17,Bucaramanga,Educacion,11500000,24,$2.800.000,2,PROFESIONAL,Soltero,0,Si,En estudio
SOL-00952,2025-03-28,Cali,Libre inversion,24200000,36,$1.860.000,6,,CASADO,0,no,Aprobado
SOL-01922,17/02/2025,PEREIRA,Libre inversion,16200000,24,$6.120.000,6,Profesional,Union libre,1,Si,Aprobado
SOL-00412,25/02/2025,bogota,Vehiculo,48100000,36,1800000,0,posgrado,Soltero,0,1,Aprobado
SOL-01786,2024-07-27,CALI,Vehiculo,49900000,60,3840000,3,Profesional,Union libre,2,Si,Rechazado
SOL-01644,2025-02-02,Cali,Vehiculo,42600000,48,2.460.000,0,Profesional,CASADO,2,No,Rechazado
SOL-01302,26/03/2025,MEDELLIN,Libre inversion,13300000,36,$3.430.000,1,Profesional,Soltero,0,1,Aprobado
SOL-01812,2025-05-30,bogota,Vehiculo,33300000,48,4.180.000,5,Bachiller,Union libre,2,NO,Aprobado
SOL-01297,22/06/2025,BUCARAMANGA,Libre inversion,21600000,12,3540000,2,Bachiller,union libre,0,SI,Aprobado
SOL-01706,2024-08-23,Cartagena,Libre inversion,12600000,48,4000000,7,Bachiller,soltero,3,no,Aprobado
SOL-01269,2024-02-10,medellin,Libre inversion,16100000,12,3660000,5,Posgrado,Casado,2,si,APROBADO
SOL-02361,2025-04-01,CARTAGENA,Vivienda,151400000,180,4010000,6,Tecnico,Unión libre,0,no,Rechazado
SOL-02805,2024-12-11,MEDELLIN,Vehiculo,27400000,60,4080000,,Posgrado,Union libre,1,No,Aprobado
SOL-02821,06/04/2024,Bogota,Libre inversion,18800000,24,7.720.000,8,Tec.,Divorciado,2,Si,Aprobado
SOL-01022,2024-08-14,Medellin,Vivienda,135000000,60,5240000,4,Profesional,SOLTERO,3,0,En estudio
SOL-00502,2025-06-26,PEREIRA,Vivienda,92800000,240,$1.800.000,3,Tec.,Divorciado,1,no,aprobado
SOL-02869,17/05/2025,Barranquilla,Libre inversion,8600000,12,2930000,0,Tecnico,Union libre,1,No,aprobado
SOL-00759,07/04/2025,Bogota,Vivienda,164500000,180,7800000,1,Tecnico,Soltero,2,No,Aprobado
SOL-02243,05/02/2024,Cartagena,Educacion,5000000,24,4230000,7,Profesional,Soltero,1,No,Rechazado
SOL-00429,16/01/2025,Cali,Vivienda,119900000,60,$3.180.000,4,Posgrado,CASADO,3,No,Rechazado
SOL-01594,2024-07-30,Bogota,Libre inversion,21700000,12,2990000,5,Profesional,Casado,0,Sí,Rechazado
SOL-01318,2025-06-07,Medellín,Libre inversion,18200000,24,3000000,2,Posgrado,Soltero,0,No,Aprobado
SOL-01137,2024-01-29,Cartagena,Libre inversion,17600000,48,2890000,3,Prof.,Union libre,0,No,En estudio
SOL-00074,04/11/2024,CALI,Educacion,14700000,24,4570000,1,Tec.,Divorciado,0,No,Aprobado
SOL-00026,13/12/2024,barranquilla,Educacion,11100000,24,3220000,2,PROFESIONAL,Union libre,0,1,EN ESTUDIO
SOL-01345,2024-08-07,Barranquilla,Libre inversion,18500000,12,2.920.000,0,Bach.,Soltero,2,No,Aprobado
SOL-02391,2024-03-29,Barranquilla,Vivienda,143900000,60,6.690.000,8,Profesional,Soltero,4,NO,Rechazado
SOL-01127,2024-09-23,Medellin,Vehiculo,32100000,24,4120000,2,PROFESIONAL,Union libre,1,Si,Rechazado
SOL-01597,2024-06-18,Medellin,Vehiculo,33800000,48,6220000,2,PROFESIONAL,Soltero,2,Si,Aprobado
SOL-01140,2025-05-25,Pereira,Libre inversion,18100000,24,2180000,4,Bach.,Union libre,1,SI,RECHAZADO
SOL-00506,01/03/2024,Cartagena,Vivienda,227300000,240,2140000,0,tecnico,Soltero,0,NO,Aprobado
SOL-02532,2024-07-13,Medellin,Vehiculo,21400000,48,2650000,4,Profesional,Casado,0,No,APROBADO
SOL-01395,20/01/2025,MEDELLIN,Libre inversion,24500000,36,4520000,0,Bachiller,Soltero,0,No,Aprobado
SOL-02365,12/03/2024,cartagena,Libre inversion,16800000,24,$1.800.000,2,Prof.,Union libre,4,No,Aprobado
SOL-02048,2024-10-25,medellin,Vivienda,229200000,120,3410000,7,Bach.,Soltero,0,0,Aprobado
SOL-02771,2025-06-09,Bogota,Vehiculo,33800000,48,1900000,19,Posgrado,Divorciado,3,Si,Aprobado
SOL-01770,26/04/2024,bucaramanga,Vivienda,174400000,120,4690000,2,bachiller,Union libre,0,No,En estudio
SOL-01618,2025-05-08,pereira,Educacion,4200000,36,1800000,22,Tecnico,Union libre,3,SI,APROBADO
SOL-01121,25/04/2024,Medellín,Vehiculo,33900000,24,2240000,5,Profesional,Casado,0,No,Aprobado
SOL-01716,2025-02-02,Bucaramanga,Educacion,5100000,12,N/A,4,Prof.,Soltero,1,Si,aprobado
SOL-00587,12/05/2024,Cali,Libre inversion,16500000,48,3650000,3,Prof.,Soltero,0,Si,Aprobado
SOL-01772,05/05/2024,Cartagena,Libre inversion,24200000,48,N/A,8,Profesional,Soltero,4,1,Aprobado
SOL-00612,2024-06-24,Cali,Libre inversion,15900000,48,$5.840.000,4,Tecnico,UNION LIBRE,2,No,Aprobado
SOL-01139,2024-05-10,Medellin,Educacion,14100000,36,5290000,7,Tecnico,Soltero,4,Si,Aprobado
SOL-00426,2024-05-23,Cali,Libre inversion,21400000,12,2100000,4,Tecnico,Soltero,0,Si,Rechazado
SOL-00649,2025-01-12,Cartagena,Libre inversion,23400000,36,2810000,6,bachiller,SOLTERO,3,Si,Aprobado
SOL-01090,2025-02-20,Bogotá,Libre inversion,14900000,12,5170000,0,Bachiller,Divorciado,1,No,Aprobado
SOL-02484,21/03/2025,cali,Vivienda,221500000,180,3780000,7,TECNICO,Soltero,1,NO,Aprobado
SOL-02003,2024-05-17,barranquilla,Vehiculo,45800000,60,$2.160.000,0,Tec.,Casado,1,Si,Rechazado
SOL-01409,10/01/2025,Barranquilla,Vehiculo,35900000,24,2.480.000,1,profesional,CASADO,1,Si,Aprobado
SOL-00566,04/03/2024,Bogota,Libre inversion,11300000,24,3430000,0,Bachiller,Soltero,2,NO,APROBADO
SOL-01732,2024-03-10,Barranquilla,Vehiculo,50700000,24,5090000,3,Tecnico,Soltero,2,Si,Aprobado
SOL-00886,2025-03-20,CARTAGENA,Vivienda,180700000,240,7630000,3,Posgrado,Casado,1,0,Rechazado
SOL-02939,2024-07-09,Bucaramanga,Libre inversion,22400000,12,3550000,N/A,Técnico,Casado,4,No,Aprobado
SOL-02702,22/03/2024,Cali,Educacion,6400000,12,1800000,3,Bach.,Soltero,1,No,Aprobado
SOL-00783,2024-01-24,Bucaramanga,Libre inversion,15700000,24,2540000,7,Tecnico,Divorciado,1,Sí,Aprobado
SOL-02618,2025-05-23,Bogota,Vivienda,140200000,120,2760000,3,Tecnico,Union libre,0,Si,En estudio
SOL-02861,2024-06-27,Barranquilla,Libre inversion,24900000,12,1800000,5,Profesional,Soltero,0,Si,En estudio
SOL-00630,2025-04-13,Bogota,Educacion,4800000,24,1800000,1,TECNICO,Soltero,1,si,Rechazado
SOL-02886,18/02/2024,Cartagena,Libre inversion,15900000,48,2300000,5,Bachiller,Unión libre,0,no,Rechazado
SOL-02256,20/05/2025,Bogotá D.C.,Libre inversion,24600000,24,6.700.000, ,PROFESIONAL,Soltero,2,Si,Aprobado
SOL-00501,09/10/2024,Barranquilla,Educacion,9700000,36,$ 5320000,4,Tecnico,CASADO,3,Si,Aprobado
SOL-01705,03/07/2024,medellin,Libre inversion,15500000,36,,7,Bachiller,Casado,2,NO,Aprobado
SOL-01889,2025-06-22,Barranquilla,Vehiculo,22400000,36,8570000,1,Tecnico,Soltero,0,No,aprobado
SOL-00409,2024-09-09,medellin,Vivienda,116800000,180,1800000,1,Profesional,Casado,0,SI,EN ESTUDIO
SOL-01344,2025-03-20,medellin,Vehiculo,32000000,36,3190000,7,Bachiller,Casado,0,No,Aprobado
SOL-00165,2024-02-02,Medellin,Libre inversion,18100000,48,2650000,0,Posgrado,Unión libre,1,Si,Aprobado
SOL-02499,2024-10-11,MEDELLIN,Libre inversion,17100000,24,1800000,3,BACHILLER,Soltero,0,No,Aprobado
SOL-00244,2025-04-27,Bucaramanga,Vehiculo,23300000,48,4440000,6,Profesional,Divorciado,3,no,aprobado
SOL-02866,2024-12-25,Bogota,Vehiculo,39500000,60,2470000,16,Bachiller,Soltero,0,Si,Aprobado
SOL-02835,26/06/2024,Barranquilla,Vehiculo,38000000,36,1800000,1,Tecnico,SOLTERO,3,0,aprobado
SOL-01523,25/03/2024,Bogotá,Libre inversion,13200000,24,1800000,1,Tecnico,Divorciado,1,No,Rechazado
SOL-00379,09/08/2024,cali,Educacion,9000000,12,1800000,1,Bachiller,Casado,0,No,RECHAZADO
SOL-01088,2024-02-20,Pereira,Vivienda,189700000,180,$1.800.000,2,TECNICO,Soltero,2,Si,Aprobado
SOL-02571,2024-09-13,Cartagena,Libre inversion,23900000,36,3170000,3,Profesional,Casado,1,No,Aprobado
SOL-02591,22/11/2024,Bogota,Libre inversion,19600000,24,4930000,2,Profesional,Casado,0,No,Aprobado
SOL-00295,2024-12-25,Pereira,Libre inversion,9800000,36,$ 5090000,0,profesional,Soltero,0,No,EN ESTUDIO
SOL-02604,01/06/2025,Cartagena,Vivienda,152100000,120,7300000,19,Bach.,Union libre,3,No,Rechazado
SOL-02792,2025-01-25,Bucaramanga,Libre inversion,20300000,24,6420000,5,Tec.,Divorciado,,No,Aprobado
SOL-02190,2024-04-05,Bogotá,Vivienda,93600000,120,10.020.000,2,Tecnico,Casado,0,Si,Aprobado
SOL-02948,2024-03-28,Cartagena,Libre inversion,9100000,48,2820000,1,Posgrado,Union libre,3,Si,Aprobado
SOL-01679,2024-11-14,Bogotá,Libre inversion,21300000,36,3510000,23,Tecnico,Soltero,1,No,Aprobado
SOL-00316,2024-08-19,Bucaramanga,Vehiculo,36600000,24,4690000,3,Tecnico,Divorciado,0,Si,Aprobado
SOL-00529,2024-06-12,Barranquilla,Libre inversion,21600000,12,3.360.000,8,profesional,Soltero,2,No,aprobado
SOL-02969,2024-11-30,Medellin,Educacion,4600000,12,2550000,13,Profesional,Unión libre,2,No,En estudio
SOL-01178,2024-05-21,Bogota,Educacion,13500000,24,2740000,2,Profesional,Union libre,0,Si,Rechazado
SOL-00190,2024-12-15,Bogotá D.C.,Vivienda,94100000,120,8130000,N/A,BACHILLER,Soltero,2,1,Aprobado
SOL-00028,15/02/2025,BARRANQUILLA,Vehiculo,27500000,24,8260000,6,PROFESIONAL,Casado,3,Si,Aprobado
SOL-01988,2025-02-07,Barranquilla,Libre inversion,18400000,48,4680000,2,Tecnico,Soltero,0,No,RECHAZADO
SOL-00275,2025-05-29,CALI,Vivienda,244200000,60,1800000,1,Profesional,Casado,1,Si,Aprobado
SOL-01973,05/02/2025,Bogota,Vehiculo,59400000,48,4250000,2,Prof.,Union libre,1,No,Aprobado
SOL-01075,05/03/2025,cali,Vehiculo,49200000,36,1800000,9,TECNICO,SOLTERO,1,Si,aprobado
SOL-01810,2024-02-16,Pereira,Libre inversion,20900000,36,2130000,0,Posgrado,Soltero,3,NO,Aprobado
SOL-02362,14/03/2024,Medellin,Libre inversion,21800000,24,3910000,1,tecnico,Soltero,2,1,En estudio
SOL-02069,2025-05-13,medellin,Libre inversion,22300000,48,2670000,N/A,Tecnico,Union libre,1,No,Aprobado
SOL-01964,2024-12-17,Barranquilla,Libre inversion,20700000,36,2420000,3,Tecnico,casado,3,no,Aprobado
SOL-02677,23/06/2024,Bogota,Educacion,6300000,24,3460000,5,Prof.,Soltero,1,NO,Aprobado
SOL-01335,2024-10-03,CALI,Vivienda,140300000,180,4660000,2,Bach.,Casado,0,si,Aprobado
SOL-02198,24/03/2025,Medellin,Libre inversion,17200000,48,5400000,13,Tecnico,Casado,1,1,En estudio
SOL-02248,2024-04-22,CARTAGENA,Libre inversion,12200000,36,5340000,6,Profesional,SOLTERO,0,Si,Aprobado
SOL-00586,2025-05-13,Cali,Libre inversion,8800000,12,5780000,1,tecnico,Soltero,0,No,Aprobado
SOL-00838,2024-02-15,Bogota,Vivienda,94900000,60,2300000,4,Tecnico,UNION LIBRE,4,no,Aprobado
SOL-00711,2024-05-10,Bucaramanga,Vehiculo,52000000,60,5220000,4,Profesional,Soltero,3,Si,Aprobado
SOL-02287,2025-06-17,Bogota,Educacion,3400000,12,1800000,0,Bachiller,Soltero,3,Si,En estudio
SOL-02494,2024-09-24,Barranquilla,Vivienda,121200000,120,$2.550.000, ,Posgrado,casado,2,Si,En estudio
SOL-01251,2024-07-25,Cartagena,Libre inversion,8600000,24,$ 2880000,1,BACHILLER,Casado,0,Si,Aprobado
SOL-02838,2025-04-16,BOGOTA,Vehiculo,50600000,36,2950000,2,Profesional,Casado,0,No,Aprobado
SOL-02585,2025-01-25,Barranquilla,Libre inversion,20300000,24,,1,Bachiller,CASADO,4,Si,Rechazado
SOL-01438,2025-01-21,MEDELLIN,Libre inversion,17600000,48,2.160.000,2,Prof.,Union libre,2,No,Rechazado
SOL-01783,2024-06-16,medellin,Vehiculo,23200000,36,7410000,0,Bachiller,casado,1,no,rechazado
SOL-01554,2025-02-08,Cartagena,Educacion,12400000,36,3030000,12,Tecnico,union libre,0,No,Aprobado
SOL-00817,2024-12-19,CALI,Libre inversion,20700000,24,3810000,4,bachiller,Soltero,2,Si,Aprobado
SOL-02982,28/02/2025,Cali,Educacion,12300000,12,2980000,6,Profesional,Soltero,0,si,Aprobado
SOL-01921,2024-02-26,Bogota,Libre inversion,20100000,48,3540000,1,Bach.,Soltero,2,No,Aprobado
SOL-00958,2024-05-21,Bogota,Educacion,9200000,36,8490000,6,Posgrado,SOLTERO,2,SI,Rechazado
SOL-00303,2024-07-15,pereira,Vehiculo,37300000,48,4070000,14,Bachiller,union libre,0,No,Aprobado
SOL-00572,2025-04-26,BOGOTA,Vehiculo,43700000,36,$ 5820000,2,PROFESIONAL,Soltero,2,No,Aprobado
SOL-02649,2025-03-28,Pereira,Vehiculo,51300000,48,7020000,0,Profesional,casado,1,NO,Aprobado
SOL-01983,2024-04-21,BARRANQUILLA,Libre inversion,18100000,12,6880000,3,Postgrado,Soltero,0,No,Aprobado
SOL-00631,16/04/2024,Pereira,Libre inversion,8400000,36,1800000,3,Prof.,Casado,4,Si,En estudio
SOL-01512,2024-02-16,Medellin,Vivienda,237600000,120,$2.740.000,2,Posgrado,Casado,0,0,APROBADO
SOL-02463,2025-02-08,Bogotá D.C.,Educacion,10500000,12,6390000,,bachiller,Casado,1,Si,Aprobado
SOL-02932,26/02/2024,Medellin,Libre inversion,14600000,36,2110000,0,Tecnico,DIVORCIADO,,Si,Aprobado
SOL-01699,13/05/2024,Barranquilla,Vehiculo,55000000,48,5270000,1,Bachiller,Soltero,1,No,Aprobado
SOL-01064,21/04/2025,Cali,Libre inversion,18500000,24,1820000,2,Posgrado,Union libre,3,No,En estudio
SOL-02086,2024-11-04,CALI,Vivienda,196300000,180,3.160.000, ,Tecnico,CASADO,0,No,Aprobado
SOL-02616,2024-03-13,Barranquilla,Vivienda,189700000,240,3.470.000,3,Tecnico,Divorciado,0,No,Aprobado
SOL-02203,2024-01-17,Medellin,Libre inversion,19300000,24,7270000,1,Tecnico,Union libre,1,No,rechazado
SOL-02561,2024-03-15,Cali,Educacion,11700000,24,1800000,1,Bachiller,Casado,2,No,Aprobado
SOL-02638,2025-01-28,cartagena,Libre inversion,24000000,24,4860000,1,posgrado,casado,2,No,Aprobado
SOL-02882,2024-01-25,bogota,Vivienda,94900000,180,$4.540.000,10,Profesional,Union libre,2,Si,Rechazado
SOL-02548,2024-08-11,Cartagena,Vivienda,227600000,180,5520000,15,Tecnico,SOLTERO,3,Si,Rechazado
SOL-00924,2024-11-07,Bucaramanga,Vehiculo,57300000,24,4490000,9,Prof.,Union libre,0,Si,Aprobado
SOL-00723,16/05/2024,Cartagena,Vehiculo,42400000,60,7950000,0,Bachiller,Union libre,2,No,En estudio
SOL-00060,13/06/2024,Bogota,Vehiculo,36900000,24,$1.860.000,6,POSGRADO,Union libre,1,No,Rechazado
SOL-02236,2024-08-22,Medellín,Vivienda,101100000,60,3600000,7,Tec.,Casado,2,Si,Rechazado
SOL-02437,29/05/2025,cali,Educacion,15300000,36,$6.250.000,3,Profesional,divorciado,2,No,Aprobado
SOL-01846,2025-05-15,CALI,Vehiculo,42300000,60,3440000,,Profesional,Soltero,2,Sí,Rechazado
SOL-00024,18/05/2025,Barranquilla,Vivienda,246900000,120,$2.450.000,6,profesional,Soltero,2,No,Aprobado
SOL-00578,2024-10-12,Cali,Educacion,7000000,24,10970000,2,Profesional,Union libre,2,No,Aprobado
SOL-00684,2025-05-11,Bogota,Vehiculo,51900000,48,1.800.000,4,Profesional,Divorciado,4,No,Aprobado
SOL-01016,26/02/2024,Medellin,Vehiculo,32100000,36,2880000,10,Profesional,Divorciado,1,No,Aprobado
SOL-00347,11/01/2025,Medellin,Educacion,13800000,12,2480000,2,Tecnico,Divorciado,0,No,rechazado
SOL-02887,2024-08-31,Bogota,Libre inversion,12300000,12,2430000,0,tecnico,CASADO,0,Si,RECHAZADO
SOL-01668,21/04/2024,bogota,Vehiculo,50700000,36,4770000,3,Técnico,SOLTERO,0,Si,Aprobado
SOL-01556,2024-11-02,Medellin,Educacion,7900000,12,3560000,5,TECNICO,Casado,1,No,Rechazado
SOL-02990,2024-01-13,cali,Libre inversion,8100000,36,5030000,2,Bach.,Soltero,3,No,Aprobado
SOL-00009,17/12/2024,BARRANQUILLA,Educacion,8300000,36,4060000,1,Posgrado,soltero,2,0,aprobado
SOL-02953,2024-02-17,Medellín,Educacion,16300000,24,2700000,4,Tecnico,Casado,0,NO,Aprobado
SOL-00229,14/09/2024,Medellin,Vivienda,113000000,240,1800000,2,BACHILLER,Soltero,1,No,Aprobado
SOL-00490,2024-03-16,Bogota,Libre inversion,13300000,36,2080000,10,BACHILLER,union libre,,No,Rechazado
SOL-02579,2024-07-23,Medellin,Vehiculo,27900000,36,4510000,3,Bachiller,Casado,1,Si,En estudio
SOL-01666,06/08/2024,Bogota,Libre inversion,15300000,48,1800000,0,Profesional,SOLTERO,0,0,Aprobado
SOL-00830,03/08/2024,BOGOTA,Vehiculo,51500000,60,4620000,1,Tecnico,CASADO,3,Si,Aprobado
SOL-00386,09/09/2024,Barranquilla,Vehiculo,28400000,60,5710000,2,Bachiller,Casado,2,Si,Aprobado
SOL-01956,21/06/2024,BUCARAMANGA,Vivienda,203800000,180,3990000,1,profesional,Union libre,2,No,Rechazado
SOL-00450,2024-08-18,Barranquilla,Vehiculo,30000000,48,3500000,11,Profesional,Union libre,2,Si,EN ESTUDIO
SOL-02500,2025-02-11,Bogotá D.C.,Vehiculo,27800000,48,2680000,11,bachiller,Casado,2,No,Aprobado
SOL-00016,07/04/2024,Bogotá D.C.,Libre inversion,19700000,24,4720000,1,Bachiller,Soltero,3,SI,Rechazado
SOL-01115,2024-07-11,Bogota,Vivienda,133400000,240,$ 2740000,3,Profesional,UNION LIBRE,2,si,Rechazado
SOL-02849,2024-03-08,CALI,Educacion,5800000,24,2620000,16,Tecnico,Soltero,4,Si,rechazado
SOL-01389,2024-06-06,Bogotá,Libre inversion,13400000,24,2700000,13,Bachiller,Union libre,2,0,Aprobado
SOL-02457,20/07/2024,CARTAGENA,Vivienda,229500000,180,3100000,3,TECNICO,soltero,2,No,Aprobado
SOL-01589,2025-02-16,Bogotá,Vehiculo,43600000,24,5590000,3,Posgrado,Casado,2,No,Rechazado
SOL-00824,2025-04-20,Bogotá D.C.,Libre inversion,17800000,36,4240000,4,tecnico,UNION LIBRE,3,Si,Rechazado
SOL-02574,2025-01-23,CARTAGENA,Libre inversion,22700000,36,1800000,3,Profesional,Divorciado,0,Si,En estudio
SOL-02773,2024-01-06,Bogota,Vivienda,221900000,240,2.590.000,0,Tecnico,Union libre,1,No,APROBADO
SOL-01227,11/07/2024,Barranquilla,Vehiculo,48700000,24,$2.450.000,0,Bach.,Union libre,0,No,Rechazado
SOL-02245,2025-03-09,cali,Educacion,7600000,24,4450000,1,Posgrado,Casado,2,Sí,APROBADO
SOL-02665,2024-01-28,Bucaramanga,Vivienda,81100000,240,$2.290.000,3,Prof.,CASADO,4,no,En estudio
SOL-01975,28/05/2025,pereira,Vehiculo,35700000,48,2880000,0,Posgrado,Union libre,0,NO,Rechazado
SOL-01232,29/11/2024,Bogota,Vivienda,155100000,180,1800000,7,posgrado,Soltero,,Si,Aprobado
SOL-01802,12/12/2024,medellin,Libre inversion,13700000,24,9540000,3,Prof.,Soltero,1,Si,Aprobado
SOL-01010,01/02/2024,Cali,Educacion,13600000,12,6000000,10,Profesional,divorciado,4,no,Aprobado
SOL-01755,2024-11-27,Medellin,Vehiculo,58600000,24,2600000,5,Tecnico,Divorciado,0,NO,Aprobado
SOL-02358,2024-02-13,Cali,Libre inversion,20200000,36,2090000,0,Prof.,Casado,1,Si,Rechazado
SOL-02746,03/05/2024,pereira,Vivienda,97400000,60,3820000,6,posgrado,Union libre,0,Si,Aprobado
SOL-02791,2025-01-09,Bogota,Educacion,7200000,36,2120000,1,Bach.,Soltero,1,Si,Aprobado
SOL-02432,28/05/2024,pereira,Libre inversion,16300000,12,$ 3380000,2,Bachiller,Soltero,3,No,Aprobado
SOL-01107,2025-06-19,Medellin,Libre inversion,16800000,12,2.490.000,4,Tecnico,Casado,2,No,Aprobado
SOL-00498,2024-03-05,Medellin,Educacion,4200000,12,4.320.000,10,Tecnico,Union libre,1,Si,rechazado
SOL-00353,2025-04-19,CALI,Vehiculo,57300000,24,6.640.000,2,Bachiller,SOLTERO,1,Si,APROBADO
SOL-01911,2025-04-14,Cali,Libre inversion,10500000,24,4200000,7,Bach.,soltero,1,No,EN ESTUDIO
SOL-00443,2024-12-06,BOGOTA,Libre inversion,19900000,12,2070000,1,Posgrado,Soltero,0,No,Aprobado
SOL-00002,07/04/2024,cali,Libre inversion,17100000,48,2280000,7,Profesional,Unión libre,2,No,APROBADO
SOL-00286,25/02/2024,Bucaramanga,Libre inversion,23500000,24,2770000,1,Tec.,UNION LIBRE,1,Sí,Aprobado
SOL-01561,23/10/2024,Bucaramanga,Libre inversion,11600000,12,3050000,0,PROFESIONAL,Casado,N/A,Si,En estudio
SOL-01647,02/12/2024,Medellin,Educacion,14800000,36,1880000,16,Postgrado,Soltero,0,No,En estudio
SOL-00784,2024-07-21,Medellin,Libre inversion,19400000,12,5260000,22,Tecnico,Casado,0,No,Aprobado
SOL-00861,2024-12-31,Bogota,Educacion,14900000,24,1800000,4,Profesional,Union libre,0,Sí,Aprobado
SOL-01967,2025-04-17,bogota,Vivienda,232000000,60,1800000,10,Prof.,Soltero,0,Si,aprobado
SOL-02675,2024-11-16,Medellin,Vehiculo,41000000,60,3500000,13,Profesional,Union libre,1,NO,Aprobado
SOL-00349,2024-01-18,Barranquilla,Educacion,14700000,36,2880000,3,profesional,Soltero,4,No,Aprobado
SOL-00069,2024-04-23,Barranquilla,Libre inversion,20100000,12,4260000,7,bachiller,Soltero,1,Sí,En estudio
SOL-00404,22/12/2024,Bogota,Educacion,7500000,24,3790000,1,Profesional,Soltero,4,0,Aprobado
SOL-02363,22/11/2024,cali,Libre inversion,12400000,48,3600000,1,Prof.,Soltero,2,No,Aprobado
SOL-00755,2024-04-29,Bogota,Libre inversion,9800000,24,2470000,9,Profesional,Soltero,0,No,APROBADO
SOL-00798,2024-12-04,BARRANQUILLA,Vivienda,245200000,120,1.800.000,4,Tecnico,casado,1,No,Aprobado
SOL-01051,01/06/2025,cali,Vehiculo,34900000,60,3020000,3,Posgrado,Soltero,1,No,Aprobado
SOL-02645,2025-04-02,Bogotá D.C.,Vehiculo,20900000,24,$ 10490000,9,profesional,divorciado,,Si,Aprobado
SOL-02441,2025-04-28,Bogota,Vehiculo,26300000,60,3000000,3,Posgrado,Union libre,4,Si,Rechazado
SOL-00178,2024-11-04,Cali,Libre inversion,21900000,36,2620000,12,Técnico,Soltero,3,Sí,RECHAZADO
SOL-00954,28/03/2025,Cali,Vehiculo,39600000,48,$1.800.000,4,TECNICO,casado,1,No,Rechazado
SOL-01381,06/02/2024,Bogota,Vehiculo,48400000,48,1820000,1,Bachiller,UNION LIBRE,2,No,EN ESTUDIO
SOL-02090,2025-04-27,Bogotá,Libre inversion,10100000,48,1810000,5,bachiller,Soltero,2,No,Aprobado
SOL-01796,2025-01-10,cali,Libre inversion,12400000,36,$ 4570000,2,Tecnico,SOLTERO,4,Si,Rechazado
SOL-02110,2024-06-23,Cali,Vehiculo,23800000,48,1800000,11,Tecnico,Union libre,0,No,Rechazado
SOL-01875,2024-04-17,PEREIRA,Vehiculo,42000000,60,4300000,3,profesional,Soltero,2,Sí,Aprobado
SOL-00253,2024-09-05,Medellin,Vehiculo,27200000,36,1800000,21,Profesional,UNION LIBRE,0,0,Aprobado
SOL-01439,2024-08-26,BOGOTA,Libre inversion,14400000,48,5420000,2,Tec.,Soltero,1,1,Aprobado
SOL-00559,2025-05-22,cali,Libre inversion,20700000,12,3590000,1,Prof.,Casado,0,No,Aprobado
SOL-01578,2024-01-12,Bogota,Vehiculo,36200000,60,2420000,2,Posgrado,Soltero,N/A,Si,Aprobado
SOL-01901,2024-02-25,barranquilla,Libre inversion,13100000,24,2530000,2,PROFESIONAL,Soltero,2,No,Aprobado
SOL-00194,25/10/2024,Bogota,Vivienda,80700000,180,2550000,4,Técnico,Casado,0,No,En estudio
SOL-02916,2025-04-03,Pereira,Libre inversion,24100000,36,$ 2310000,10,Tecnico,Union libre,4,Si,En estudio
SOL-01508,06/05/2024,Medellin,Libre inversion,23800000,12,4700000,6,TECNICO,Casado,1,Si,Rechazado
SOL-02055,2024-04-27,Pereira,Vivienda,82900000,60,1800000,3,,Union libre,,Si,Aprobado
SOL-02040,2025-06-02,CALI,Vehiculo,57600000,24,1910000,3,Bachiller,Soltero,0,1,En estudio
SOL-00245,10/02/2025,bogota,Vivienda,187900000,240,3230000,3,tecnico,Soltero,0,si,aprobado
SOL-00446,14/12/2024,BARRANQUILLA,Vivienda,152200000,60,4370000,6,Tecnico,Soltero,1,1,APROBADO
SOL-00477,27/01/2025,Pereira,Vehiculo,24200000,48,3490000,7,Bachiller,Casado,1,No,Aprobado
SOL-00539,2024-02-04,Bogota,Libre inversion,21000000,12,6290000,2,profesional,soltero,0,No,aprobado
SOL-01331,2025-04-05,Bogotá D.C.,Vehiculo,43400000,48,3150000,7,Tecnico,Casado,2,No,En estudio
SOL-00256,24/03/2025,Medellin,Vivienda,143900000,180,$4.150.000,1,Profesional,Casado,2,No,Rechazado
SOL-00452,2024-06-19,CARTAGENA,Educacion,5900000,24,6920000,2,Profesional,Casado,0,Si,Rechazado
SOL-02784,2024-12-22,Medellin,Libre inversion,11700000,12,2020000,10,Profesional,Casado,1,no,RECHAZADO
SOL-01489,2024-11-16,barranquilla,Libre inversion,11200000,36,3670000,1,Tecnico,Soltero,0,No,Aprobado
SOL-01745,2024-09-02,medellin,Libre inversion,18400000,48,3180000,2,Tecnico,Divorciado,2,No,Aprobado
SOL-02368,2024-10-13,Bogota,Educacion,17200000,36,$ 1800000,2,Profesional,Casado,1,No,aprobado
SOL-01893,12/02/2024,Cali,Vivienda,237800000,240,11350000,1,Tecnico,Casado,0,No,Aprobado
SOL-02495,11/01/2024,Bogota,Educacion,5300000,36,1900000,4,Posgrado,Soltero,2,No,RECHAZADO
SOL-02509,2024-07-10,Cali,Vehiculo,39000000,24,2160000,5,Posgrado,CASADO,0,Sí,Aprobado
SOL-02357,2025-06-08,barranquilla,Educacion,17700000,12,8870000,2,Profesional,Casado,1,0,Aprobado
SOL-02897,2024-03-28,Cartagena,Vivienda,107400000,180,4900000,2,Prof.,Union libre,4,Si,En estudio
SOL-00949,2025-05-01,CALI,Educacion,8700000,12,2640000,4,Bachiller,Union libre,2,No,Aprobado
SOL-00511,28/04/2025,BOGOTA,Vivienda,125600000,180,1800000,1,Profesional,Casado,0,No,Aprobado
SOL-01394,22/02/2025,Pereira,Vivienda,130100000,120,2140000,3,Tecnico,Casado,1,No,APROBADO
SOL-01509,2024-12-06,BOGOTA,Vehiculo,32800000,48,$ 1800000,4,Tecnico,Soltero,1,Si,Aprobado
SOL-01876,2025-02-04,Bogota,Libre inversion,10800000,24,$4.940.000,4,Prof.,soltero,2,Si,Aprobado
SOL-02853,2024-01-10,cali,Libre inversion,13500000,48,1800000,3,Bachiller,Soltero,4,No,Aprobado
SOL-01332,14/01/2024,MEDELLIN,Libre inversion,19700000,12,3700000,,Profesional,Union libre,1,Si,Rechazado
SOL-01310,2025-05-11,Cartagena,Educacion,5800000,36,3370000,1,Bachiller,Union libre,4,no,En estudio
SOL-02955,2025-04-05,Barranquilla,Libre inversion,23000000,24,1800000,2,Profesional,Casado,3,Si,En estudio
SOL-02444,30/03/2025,Medellin,Vivienda,84600000,120,1840000,1,TECNICO,Union libre,0,Sí,Aprobado
SOL-02650,2025-05-24,Medellin,Vivienda,133600000,240,5430000,11,BACHILLER,casado,2,Si,En estudio
SOL-02454,2025-01-30,Pereira,Vehiculo,21300000,60,1800000,1,Profesional,Soltero,2,NO,APROBADO
SOL-01871,2024-10-11,medellin,Vehiculo,38100000,60,2870000,1,Bachiller,Soltero,0,si,aprobado
SOL-02607,2025-05-20,Barranquilla,Libre inversion,22400000,12,3800000,4,Prof.,Soltero,2,Si,Rechazado
SOL-02451,25/06/2025,Bogotá D.C.,Libre inversion,22800000,24,5130000,2,PROFESIONAL,Soltero,2,Si,Aprobado
SOL-02409,2025-06-18,Bogota,Vehiculo,28300000,48,5840000,2,Profesional,UNION LIBRE,0,NO,Rechazado
SOL-00622,2024-04-10,Medellin,Educacion,17400000,24,3.010.000,7,Bachiller,Union libre,1,1,Aprobado
SOL-01511,2025-06-04,Medellin,Educacion,11900000,12,4330000,1,POSGRADO,Unión libre,3,No,En estudio
SOL-02036,07/01/2024,Bogota,Educacion,12100000,36,5060000,9,Bachiller,Soltero,1,No,Aprobado
SOL-01672,03/02/2024,Bogota,Libre inversion,20100000,36,2640000,5,Profesional,SOLTERO,1,1,Aprobado
SOL-01701,2025-02-02,Bogota,Libre inversion,11500000,24,3250000,5,Tecnico,Union libre,2,si,En estudio
SOL-02428,08/02/2024,Bogotá D.C.,Vivienda,160900000,180,1870000,19,Profesional,Union libre,2,NO,RECHAZADO
SOL-01201,07/03/2025,Pereira,Libre inversion,19000000,48,9800000,4,Profesional,Divorciado,0,Si,Aprobado
SOL-02705,2024-05-12,Barranquilla,Vehiculo,28400000,48,3120000,15,POSGRADO,Casado,1,No,RECHAZADO
SOL-00664,2025-04-27,BOGOTA,Vehiculo,43400000,24,1980000,4,Tecnico,Casado,0,No,Rechazado
SOL-00775,19/05/2024,Pereira,Vivienda,183300000,240,3030000,4,POSGRADO,Union libre,0,No,Rechazado
SOL-00574,2025-02-09,Bogotá D.C.,Libre inversion,17800000,24,1860000,10,Tecnico,casado,0,No,Rechazado
SOL-01931,2024-08-03,Medellin,Vehiculo,55800000,24,3800000,2,Profesional,soltero,3,No,En estudio
SOL-02347,2025-02-01,Bogotá,Libre inversion,19800000,12,2180000,1,Posgrado,soltero,1,Si,Aprobado
SOL-02544,10/02/2024,Medellin,Vivienda,99100000,60,3610000,15,Profesional,Soltero,2,0,Rechazado
SOL-02699,2025-04-20,Barranquilla,Vehiculo,23300000,48,3.640.000,1,Tec.,union libre,1,No,En estudio
SOL-01919,2024-07-23,CALI,Libre inversion,20700000,48,1.800.000,6,Bach.,Soltero,0,Si,Aprobado
SOL-01122,2025-05-04,Bogota,Vivienda,112500000,60,3.380.000,0,Posgrado,Soltero,3,no,Aprobado
SOL-02028,2025-04-26,Barranquilla,Vivienda,155000000,60,$ 4100000,2,POSGRADO,soltero,0,No,APROBADO
SOL-02542,2024-12-06,Bogota,Libre inversion,18200000,12,2510000,3,Bach.,Casado,0,Si,Aprobado
SOL-01998,2024-05-21,Cali,Vehiculo,29800000,36,3630000,3,Posgrado,Casado,2,Si,Aprobado
SOL-00140,2024-06-20,bucaramanga,Vivienda,196000000,240,3510000,4,Tec.,casado,3,Si,Aprobado
SOL-02044,2025-04-05,Cali,Vivienda,115700000,60,5630000,1,POSGRADO,union libre,0,Si,Rechazado
SOL-00283,2024-10-14,Cali,Libre inversion,13500000,48,$ 2640000,N/A,Prof.,Soltero,0,No,Aprobado
SOL-00259,02/07/2024,Bogota,Libre inversion,9400000,12,14340000,2,Posgrado,soltero,4,No,Rechazado
SOL-00617,2025-05-07,Bogota,Vehiculo,31800000,24,1800000,1,Bachiller,casado,0,Si,APROBADO
SOL-01812,2025-05-30,bogota,Vehiculo,33300000,48,4.180.000,5,Bachiller,Union libre,2,NO,Aprobado
SOL-01798,2024-12-22,CARTAGENA,Libre inversion,10400000,36,2260000,2,Posgrado,Union libre,0,No,Aprobado
SOL-02113,2024-10-08,BOGOTA,Libre inversion,19600000,48,5050000,1,Tecnico,Soltero,3,Si,EN ESTUDIO
SOL-02737,2024-03-31,Barranquilla,Libre inversion,15600000,24,2160000,5,Tecnico,Soltero,0,1,Aprobado
SOL-00726,2025-03-01,Cartagena,Vivienda,81800000,60,3670000,1,bachiller,soltero,0,Si,Aprobado
SOL-01637,31/03/2024,Medellin,Vivienda,178800000,60,5920000,1,Profesional,Soltero,1,No,Aprobado
SOL-02117,2025-03-23,MEDELLIN,Vehiculo,51600000,36,9570000,5,POSGRADO,Soltero,1,1,Aprobado
SOL-00678,2025-06-09,CARTAGENA,Vehiculo,50300000,48,1800000,3,Profesional,Casado,2,No,Aprobado
SOL-02841,22/04/2024,CALI,Vivienda,102500000,180,2080000,4,TECNICO,CASADO,3,No,Aprobado
SOL-01153,30/05/2024,Cali,Libre inversion,24100000,24,3210000,0,Profesional,Soltero,3,No,Aprobado
SOL-01898,2025-06-05,PEREIRA,Educacion,3500000,12,1800000,N/A,Tecnico,Casado,1,SI,RECHAZADO
SOL-00056,21/11/2024,bogota,Libre inversion,10900000,48,$1.800.000,2,Tecnico,soltero,2,No,Rechazado
SOL-02007,2024-03-17,barranquilla,Libre inversion,19100000,12,3.310.000,8,Tecnico,Union libre,0,Si,APROBADO
SOL-02247,2024-10-20,Pereira,Vivienda,217000000,120,7320000,0,Posgrado,Soltero,0,1,Aprobado
SOL-01412,17/05/2024,Barranquilla,Vehiculo,30500000,24,2710000,12,Tecnico,Soltero,1,Si,Rechazado
SOL-02764,2025-01-27,cartagena,Vivienda,110900000,240,6810000,3,Técnico,Divorciado,0,si,Aprobado
SOL-01289,2024-10-08,Medellin,Vehiculo,55900000,60,5720000,0,Tecnico,CASADO,0,NO,En estudio
SOL-00167,17/02/2024,Medellin,Vehiculo,28200000,24,2880000,2,Profesional,CASADO,2,no,Aprobado
SOL-02885,2024-08-27,barranquilla,Vehiculo,34100000,60,2860000,17,Posgrado,Union libre,0,si,En estudio
SOL-00873,2025-05-09,BOGOTA,Vehiculo,48300000,24,2170000,3,Postgrado,Soltero,2,No,aprobado
SOL-01362,24/05/2024,Medellin,Vivienda,220600000,120,4.770.000,13,Prof.,SOLTERO,0,No,Rechazado
SOL-00888,28/09/2024,Medellin,Educacion,17400000,12,3080000,2,PROFESIONAL,Casado,0,No,Rechazado
SOL-00889,2025-02-17,CALI,Libre inversion,17900000,48,3420000,0,Bachiller,Soltero,0,No,Aprobado
SOL-02889,2024-01-12,Barranquilla,Vehiculo,46800000,36,4140000,2,Tecnico,Union libre,2,No,Rechazado
SOL-02427,2025-05-17,Bogota,Vehiculo,37900000,24,2270000,1,Tecnico,CASADO,2,Si,Aprobado
SOL-01820,2025-06-26,Medellin,Libre inversion,10600000,48,$ 4200000,1,Postgrado,Casado,0,NO,Rechazado
SOL-02459,2025-04-07,cali,Libre inversion,8300000,12,1800000,0,PROFESIONAL,Union libre,1,No,aprobado
SOL-00499,2024-05-06,Bogota,Vivienda,108700000,120,2700000,1,profesional,Soltero,0,Si,Aprobado
SOL-00715,2024-07-06,Bogotá,Educacion,7300000,24,8330000,4,Profesional,Union libre,1,Si,aprobado
SOL-02738,2025-05-08,Bucaramanga,Libre inversion,20600000,12,3290000,28,Profesional,Casado,0,Si,Aprobado
SOL-01057,2024-06-09,Bogota,Educacion,12900000,24,2060000,0,BACHILLER,Soltero,0,No,Aprobado
SOL-02751,2024-07-20,Bogota,Vehiculo,58100000,48,2060000,1,Tecnico,Divorciado,0,No,Aprobado
SOL-00365,2024-05-03,PEREIRA,Vehiculo,21600000,60,1800000,5,TECNICO,Casado,2,No,En estudio
SOL-01469,2024-06-01,Barranquilla,Educacion,15000000,12,$ 4100000,2,Profesional,union libre,0,NO,Aprobado
SOL-02320,2024-09-05,Bogota,Libre inversion,22500000,48,3260000,0,Bachiller,Soltero,1,No,Aprobado
SOL-01728,2024-11-11,Bucaramanga,Vehiculo,40700000,24,7.290.000,8,Prof.,union libre,1,No,Aprobado
SOL-02503,2024-09-20,Pereira,Libre inversion,16700000,36,4880000,7,Profesional,Union libre,2,No,Aprobado
SOL-02271,21/12/2024,cartagena,Libre inversion,24400000,24,2270000,8,Bachiller,Casado,1,0,Aprobado
SOL-00801,2025-04-27,Bogota,Vehiculo,33300000,60,2.080.000,2,Bachiller,Casado,1,0,Rechazado
SOL-00618,08/09/2024,MEDELLIN,Educacion,11500000,24,1800000,7,BACHILLER,Union libre,1,0,Rechazado
SOL-02012,25/03/2024,Cali,Libre inversion,15100000,12,3080000,3,Profesional,Unión libre,3,no,En estudio
SOL-00601,25/05/2025,Medellin,Libre inversion,19200000,24,$ 7800000,1,Profesional,SOLTERO,0,No,En estudio
SOL-00124,2024-06-27,Medellín,Libre inversion,11400000,12,5020000,0,posgrado,divorciado,0,No,Aprobado
SOL-01598,2024-05-15,Medellin,Vivienda,160100000,240,$1.800.000,N/A,Posgrado,Casado,0,No,Rechazado
SOL-00335,10/11/2024,BOGOTA,Vivienda,167600000,60,6980000,3,Bachiller,SOLTERO,0,No,En estudio
SOL-01858,06/11/2024,Bogota,Vivienda,90100000,60,$3.790.000,4,TECNICO,Soltero,3,SI,Aprobado
SOL-02284,2025-04-29,bogota,Vivienda,85300000,180,$ 2560000,2,Bachiller,Casado,1,no,Rechazado
SOL-00305,2024-01-27,Medellin,Vivienda,186400000,60,1800000,6,profesional,Soltero,1,Si,Aprobado
SOL-02417,12/02/2025,Bogota,Libre inversion,18200000,24,3590000,5,Bachiller,Casado,1,SI,Aprobado
SOL-00981,2024-01-13,Cali,Libre inversion,19200000,36,1800000,8,Bachiller,Union libre,1,Si,Rechazado
SOL-01689,25/02/2024,BUCARAMANGA,Libre inversion,11600000,36,4040000,2,bachiller,union libre,3,No,Rechazado
SOL-02680,20/05/2024,Bogota,Libre inversion,18600000,48,1800000,0,Profesional,Casado,0,No,Aprobado
SOL-02116,2025-01-12,BARRANQUILLA,Libre inversion,16200000,36,1800000,2,Posgrado,CASADO,2,Sí,Aprobado
SOL-00919,2025-04-22,Barranquilla,Vivienda,225700000,60,4160000,1,Profesional,DIVORCIADO,0,Si,Aprobado
SOL-01080,2024-11-21,Cali,Vivienda,166100000,120,$1.920.000,3,Tecnico,soltero,2,Si,Rechazado
SOL-00622,2024-04-10,Medellin,Educacion,17400000,24,3.010.000,7,Bachiller,Union libre,1,1,Aprobado
SOL-00582,2024-08-16,Bogotá D.C.,Vehiculo,30800000,36,3.710.000,1,posgrado,Soltero,3,No,En estudio
SOL-02910,31/01/2024,CALI,Libre inversion,24000000,24,3020000,2,Tecnico,Soltero,0,si,Rechazado
SOL-01617,16/05/2025,Cali,Vehiculo,35500000,60,1.800.000,7,Prof.,Soltero,0,0,aprobado
SOL-01275,2024-01-09,Medellin,Libre inversion,21900000,36,4670000,0,Bachiller,Casado,1,No,Rechazado
SOL-01285,2024-06-16,Medellin,Vehiculo,51300000,60,1800000,0,Profesional,Soltero,1,SI,Rechazado
SOL-01195,2024-12-23,BUCARAMANGA,Libre inversion,22300000,12,1800000,3,Profesional,Soltero,1,Si,Aprobado
SOL-00829,2024-08-28,bogota,Educacion,14800000,24,6240000,N/A,Profesional,Divorciado,2,Si,Aprobado
SOL-00992,09/03/2025,Bogota,Libre inversion,8100000,36,3950000,1,Tecnico,Casado,2,SI,RECHAZADO
SOL-01198,2025-05-22,cali,Educacion,3600000,36,$ 3680000,1,Bachiller,Soltero,0,No,Aprobado
SOL-01196,28/07/2024,BARRANQUILLA,Vehiculo,28200000,60,4420000,4,Profesional,Soltero,0,No,EN ESTUDIO
SOL-01825,13/12/2024,Medellin,Libre inversion,16000000,48,$ 3650000,1,Bach.,Casado,N/A,No,Aprobado
SOL-01880,2024-07-12,Cali,Libre inversion,9500000,36,$2.190.000,1,Posgrado,union libre,2,Si,Aprobado
SOL-01862,17/06/2024,Bogotá D.C.,Libre inversion,19300000,12,3990000,25,Bachiller,Soltero,3,No,Rechazado
SOL-01351,30/05/2024,Medellin,Libre inversion,17900000,36,1800000,0,Profesional,Soltero,2,No,en estudio
SOL-01528,2024-12-11,Cartagena,Libre inversion,16400000,48,4480000,2,Bachiller,Divorciado,1,No,Rechazado
SOL-01559,2024-09-22,Bogota,Educacion,6000000,12,2760000,4,Técnico,soltero,0,No,Aprobado
SOL-02407,2025-06-04,Medellin,Libre inversion,18600000,36,2380000, ,posgrado,Soltero,2,No,Aprobado
SOL-02242,2025-01-09,cali,Libre inversion,10400000,24,7560000,3,Posgrado,UNION LIBRE,3,No,Rechazado
SOL-00410,2025-02-26,Bogota,Vivienda,226800000,120,1810000,1,Posgrado,Union libre,3,Si,Aprobado
SOL-00676,11/09/2024,MEDELLIN,Vivienda,89100000,60,2930000,9,Tecnico,soltero,0,No,Aprobado
SOL-00298,25/02/2024,Cali,Vivienda,126700000,60,4520000,8,Tecnico,Divorciado,3,No,En estudio
SOL-00926,23/05/2025,Barranquilla,Libre inversion,14700000,12,4150000,5,TECNICO,Union libre,0,No,En estudio
SOL-00023,2025-02-02,Cartagena,Educacion,17200000,12,4060000,10,Profesional,Soltero,2,Si,Aprobado
SOL-02064,2024-11-26,Cali,Libre inversion,14700000,24,2350000,21,Profesional,SOLTERO,1,No,Aprobado
SOL-01990,2024-03-18,Bogota,Educacion,8900000,12,2500000,4,Técnico,divorciado,1,Sí,APROBADO
SOL-00729,2024-08-02,Medellín,Libre inversion,21700000,36,4090000,7,posgrado,Casado,0,Si,Aprobado
SOL-01622,20/06/2024,BUCARAMANGA,Vehiculo,35500000,48,4680000,3,Bachiller,Casado,2,1,Aprobado
SOL-01347,2024-04-06,cartagena,Vehiculo,44200000,48,$ 3900000,8,Tecnico,CASADO,0,No,Aprobado
SOL-01308,05/09/2024,Bucaramanga,Libre inversion,20100000,24,3740000,0,Profesional,Casado,0,Sí,rechazado
SOL-00894,2025-02-16,Bogota,Libre inversion,16200000,24,5550000,1,Profesional,Soltero,3,Si,Aprobado
SOL-00672,07/08/2024,Bucaramanga,Educacion,17400000,12,2360000,6,,Divorciado,2,NO,APROBADO
SOL-01673,2025-03-26,Barranquilla,Libre inversion,21600000,36,1800000,3,Posgrado,DIVORCIADO,1,si,Aprobado
SOL-01200,2024-02-06,bogota,Libre inversion,18200000,36,1.800.000,0,BACHILLER,soltero,1,Si,Rechazado
SOL-00182,2025-05-17,Medellin,Vehiculo,58700000,60,1960000,9,Bachiller,SOLTERO,1,SI,Aprobado
SOL-01750,2024-11-12,CALI,Vivienda,108900000,120,1840000,2,Profesional,Union libre,2,No,Aprobado
SOL-02943,2024-07-16,Barranquilla,Educacion,17800000,24,$ 1800000,9,BACHILLER,Casado,0,no,rechazado
SOL-00294,2024-03-03,cartagena,Libre inversion,18700000,24,2440000,14,Profesional,Soltero,,No,Aprobado
SOL-00202,2025-03-21,Medellin,Libre inversion,21400000,36,2230000,5,Tecnico,Union libre,1,No,Aprobado
SOL-02131,2024-10-16,Medellin,Libre inversion,13900000,12,3520000,3,Bachiller,divorciado,2,SI,Aprobado
SOL-00127,15/06/2024,bogota,Libre inversion,24400000,36,1800000,7,bachiller,Soltero,1,Si,aprobado
SOL-00532,2024-04-19,Medellin,Vivienda,107400000,120,2910000,1,Tecnico,union libre,1,0,Aprobado
SOL-01432,03/10/2024,Bogota,Educacion,9600000,36,1800000,9,Profesional,Casado,2,Si,Aprobado
SOL-00200,2024-11-23,BARRANQUILLA,Educacion,14600000,24,5010000,8,Posgrado,Union libre,1,Si,En estudio
SOL-01498,12/10/2024,BUCARAMANGA,Libre inversion,13500000,24,3940000,0,Tecnico,casado,3,No,Aprobado
SOL-02095,07/04/2025,medellin,Vivienda,119100000,240,2660000,7,tecnico,soltero,0,No,aprobado
SOL-01972,12/03/2025,Barranquilla,Libre inversion,20500000,12,4410000,0,Bachiller,Soltero,0,No,Rechazado
SOL-00693,01/03/2025,Pereira,Educacion,11700000,24,1800000,5,Bachiller,Casado,0,Si,Rechazado
SOL-00935,2024-05-04,barranquilla,Libre inversion,21500000,12,1800000,3,Posgrado,Union libre,0,No,Rechazado
SOL-00687,2024-03-10,Barranquilla,Vivienda,190800000,120,1800000,17,Técnico,Casado,2,0,Aprobado
SOL-00818,2024-02-10,CALI,Educacion,14000000,36,9450000,1,Bachiller,Divorciado,1,NO,APROBADO
SOL-00217,16/07/2024,Bucaramanga,Educacion,4700000,36,5620000,1,Profesional,Union libre,1,No,APROBADO
SOL-02830,18/12/2024,Barranquilla,Vehiculo,55000000,36,3870000,10,Bachiller,soltero,1,No,Rechazado
SOL-01278,2024-04-07,Bucaramanga,Educacion,13400000,36,3530000,6,Tecnico,Casado,3,Si,Aprobado
SOL-00153,2024-06-12,BARRANQUILLA,Vehiculo,49900000,36,2680000,,Tecnico,Soltero,4,no,Aprobado
SOL-02426,2024-10-30,Bogota,Vehiculo,52300000,48,5530000,1,Profesional,Union libre,0,Si,Aprobado
SOL-01842,2024-07-19,MEDELLIN,Libre inversion,18000000,24,$5.660.000,6,Prof.,soltero,1,Si,En estudio
SOL-02411,12/01/2024,bogota,Vivienda,176800000,240,3220000,2,Tecnico,Soltero,1,SI,rechazado
SOL-00966,2024-04-07,Bogota,Vehiculo,26200000,60,2900000,6,Profesional,Union libre,1,No,rechazado
SOL-00479,04/08/2024,Barranquilla,Vivienda,151700000,60,2880000,0,POSGRADO,Union libre,2,No,En estudio
SOL-01283,2025-01-04,Barranquilla,Vehiculo,41600000,24,2740000,5,TECNICO,divorciado,2,no,APROBADO
SOL-01605,12/09/2024,cartagena,Libre inversion,9400000,36,$ 3190000,6,Profesional,Casado,3,No,Aprobado
SOL-02254,2024-09-28,bucaramanga,Vehiculo,50300000,36,3750000,7,bachiller,casado,0,No,Rechazado
SOL-01667,06/03/2025,CALI,Libre inversion,10200000,48,$1.800.000,2,Profesional,soltero,N/A,No,Aprobado
SOL-02851,2024-11-23,Bogota,Libre inversion,21000000,24,2070000,8,Profesional,Soltero,0,si,Rechazado
SOL-01151,2024-10-19,CALI,Libre inversion,15900000,36,6950000,3,Técnico,Soltero,2,si,Aprobado
SOL-00813,2024-05-10,CALI,Vehiculo,48300000,60,$ 1800000,0,Tec.,Casado,N/A,NO,Rechazado
SOL-02726,04/02/2024,bogota,Vehiculo,39100000,36,2020000,11,Tec.,Soltero,1,No,En estudio
SOL-01555,22/06/2025,cali,Libre inversion,21100000,12,1850000,4,Técnico,Union libre,0,Sí,Aprobado
SOL-00251,2024-02-12,Bogotá D.C.,Vivienda,152800000,180,7340000,2,Profesional,Union libre,0,no,En estudio
SOL-00844,2024-09-03,Barranquilla,Vivienda,210300000,60,4400000,5,Profesional,Union libre,0,No,En estudio
SOL-02408,29/12/2024,BOGOTA,Educacion,5000000,36,5950000,14,Bachiller,CASADO,3,1,Aprobado
SOL-01265,04/05/2025,cali,Libre inversion,9100000,48,$ 4540000,1,Tecnico,Soltero,1,Si,Rechazado
SOL-01009,17/06/2024,Bogotá,Vivienda,223300000,60,1800000,3,Prof.,Casado,1,No,Aprobado
SOL-00328,03/03/2025,Medellin,Libre inversion,13900000,36,6550000,14,Tec.,Soltero,0,No,Aprobado
SOL-00968,2024-09-21,Medellin,Libre inversion,14000000,12,4950000,3,Profesional,Union libre,3,No,Aprobado
SOL-00950,26/06/2024,Bogota,Educacion,6800000,24,1800000,1,Bachiller,soltero,N/A,No,EN ESTUDIO
SOL-02834,2024-09-07,Bogota,Vivienda,216200000,180,3300000,0,posgrado,Casado,1,Si,Aprobado
SOL-00973,2025-06-09,Medellín,Libre inversion,19100000,24,$1.800.000,4,Bachiller,Casado,3,Sí,En estudio
SOL-01897,2025-06-29,pereira,Libre inversion,10100000,48,9640000,11,Tecnico,Soltero,2,No,APROBADO
SOL-00188,2025-03-06,bucaramanga,Libre inversion,19600000,36,6250000,14,Tecnico,Casado,1,1,APROBADO
SOL-00247,01/03/2025,Bucaramanga,Libre inversion,23600000,24,3260000,1,TECNICO,Soltero,1,Si,Aprobado
SOL-02103,2025-02-01,Medellin,Libre inversion,10200000,24,3450000,13,Tecnico,SOLTERO,3,1,En estudio
SOL-02523,2024-10-13,Cali,Vivienda,216500000,240,4790000,4,profesional,Union libre,0,no,aprobado
SOL-02936,08/03/2024,Barranquilla,Vehiculo,32300000,48,2140000,,profesional,Unión libre,1,SI,RECHAZADO
SOL-02100,2025-05-04,Bogota,Vivienda,225800000,120,$ 1800000,1,Bachiller,Casado,1,No,En estudio
SOL-02339,2024-02-01,Bogota,Vehiculo,30900000,24,2440000,2,Profesional,Soltero,1,No,Aprobado
SOL-01327,14/02/2024,Cali,Vivienda,132700000,60,7900000,0,Tecnico,Soltero,1,Si,aprobado
SOL-00284,2024-08-11,Bogotá,Libre inversion,14200000,48,$4.940.000,10,Posgrado,Casado,0,No,Rechazado
SOL-02329,2024-07-08,Medellin,Vehiculo,32600000,48,2.830.000,4,BACHILLER,Casado,2,Si,aprobado
SOL-00158,13/01/2024,PEREIRA,Libre inversion,12100000,12,2750000,4,Bachiller,Divorciado,2,No,Aprobado
SOL-02716,2024-07-28,Bogota,Vehiculo,34700000,36,10760000,5,profesional,Soltero,0,0,Rechazado
SOL-01506,11/04/2025,Bogotá D.C.,Vivienda,108300000,120,5100000,0,bachiller,Union libre,1,No,Aprobado
SOL-00904,2024-02-19,cartagena,Libre inversion,21000000,48,1800000,0,Tecnico,Union libre,1,NO,Aprobado
SOL-01346,2025-02-28,Bogotá D.C.,Libre inversion,20700000,48,3860000,2,Bachiller,Casado,2,No,Aprobado
SOL-01270,14/06/2025,Medellin,Educacion,10500000,12,10330000,10,Bachiller,DIVORCIADO,2,Sí,Aprobado
SOL-02414,2024-01-07,bogota,Vivienda,235300000,120,5480000,8,Técnico,SOLTERO,0,Si,Rechazado
SOL-00976,28/09/2024,Barranquilla,Vivienda,150300000,180,4.820.000,0,TECNICO,Casado,3,0,RECHAZADO
SOL-02177,07/12/2024,Barranquilla,Libre inversion,24900000,24,1930000,8,Profesional,Casado,0,No,Aprobado
SOL-01646,2024-04-10,Cali,Educacion,14400000,12,2130000,1,Bachiller,Casado,2,Si,Aprobado
SOL-01680,2024-11-29,Cali,Libre inversion,11100000,48,3390000,4,posgrado,Union libre,1,Si,Aprobado
SOL-02682,27/05/2024,Cali,Vivienda,106700000,60,4490000,1,Profesional,Soltero,1,No,Aprobado
SOL-00123,2025-02-15,Bogota,Vivienda,119600000,240,3590000,2,Profesional,Casado,1,No,Aprobado
SOL-01073,2024-05-22,Bogota,Vivienda,138800000,120,1800000,3,Tecnico,casado,1,Si,En estudio
SOL-01535,2024-09-07,Pereira,Vivienda,120400000,240,2.200.000,17,Posgrado,Soltero,4,Si,Aprobado
SOL-01305,2024-09-20,Bogotá,Libre inversion,11300000,36,2040000,2,Bachiller,Casado,N/A,No,Rechazado
SOL-02460,23/02/2024,Medellin,Libre inversion,16600000,24,4220000,1,POSGRADO,Unión libre,1,SI,En estudio
SOL-02555,17/05/2024,Cartagena,Libre inversion,15900000,12,5790000,3,Posgrado,Soltero,0,Si,Aprobado
SOL-00418,2025-05-04,Bogota,Vivienda,181900000,60,$ 7230000,11,bachiller,union libre,2,no,Rechazado
SOL-02518,2024-10-13,Barranquilla,Libre inversion,18200000,36,1800000,4,Bachiller,Casado,1,si,Rechazado
SOL-00870,09/03/2024,Medellin,Vehiculo,41200000,48,1850000,15,Profesional,divorciado,4,No,Aprobado
SOL-02469,2024-12-25,Barranquilla,Vivienda,125800000,240,4440000,1,POSGRADO,Union libre,3,Sí,APROBADO
SOL-01031,11/02/2025,Bogotá,Vivienda,122900000,60,4350000,3,tecnico,Casado,0,Si,Aprobado
SOL-02992,2024-09-24,Barranquilla,Libre inversion,21100000,48,2.720.000,2,Tecnico,Casado,1,0,aprobado
SOL-02202,2024-10-21,Bogota,Libre inversion,18200000,24,4040000,3,Profesional,Soltero,2,No,En estudio
SOL-00757,2025-03-18,Bogota,Vehiculo,52800000,24,2400000,5,Profesional,Union libre,,Si,Aprobado
SOL-01702,2024-11-23,BUCARAMANGA,Libre inversion,16200000,36,$ 2830000,1,Prof.,soltero,2,no,Rechazado
SOL-01543,21/04/2024,CARTAGENA,Libre inversion,23700000,24,1870000,3,Bachiller,Soltero,1,si,Aprobado
SOL-01157,21/06/2025,Medellin,Vehiculo,29200000,48,$1.800.000,9,Técnico,Divorciado,2,no,Aprobado
SOL-01109,2024-02-09,MEDELLIN,Vehiculo,53200000,48,11110000,12,Bach.,Casado,1,No,Rechazado
SOL-00068,2024-11-27,Bogota,Vehiculo,45900000,48,2950000,13,,Union libre,N/A,0,En estudio
SOL-02285,2024-05-24,Cartagena,Vehiculo,58300000,36,2780000,,Tec.,Casado,0,1,Aprobado
SOL-00333,25/10/2024,Cali,Libre inversion,17300000,48,4380000,2,PROFESIONAL,Casado,1,No,En estudio
SOL-01593,03/02/2024,MEDELLIN,Vehiculo,20300000,36,2630000,3,Bachiller,Soltero,0,SI,Aprobado
SOL-00337,09/11/2024,Medellin,Libre inversion,13100000,24,1.800.000,0,Bach.,Casado,0,No,Aprobado
SOL-00913,2024-10-23,Cali,Libre inversion,17200000,48,4970000,2,Tecnico,Union libre,2,Si,Aprobado
SOL-01576,19/06/2025,Medellin,Educacion,13100000,24,4930000,1,Bachiller,Union libre,0,0,Aprobado
SOL-01537,12/10/2024,CARTAGENA,Educacion,15200000,36,2180000,1,Tecnico,SOLTERO,3,SI,En estudio
SOL-02174,2024-07-03,Pereira,Libre inversion,16200000,12,3960000, ,Tecnico,Soltero,2,No,Rechazado
SOL-00473,2024-09-25,Bogota,Vehiculo,38400000,24,5280000,1,profesional,Casado,0,Si,En estudio
SOL-00902,2025-06-10,Pereira,Educacion,4800000,24,$ 2450000,4,POSGRADO,divorciado,1,No,aprobado
SOL-01407,2025-04-04,Bogota,Libre inversion,19100000,48,4120000,1,PROFESIONAL,Casado,1,Si,rechazado
SOL-00866,15/02/2024,pereira,Educacion,11900000,12,3280000,1,profesional,Casado,2,no,En estudio
SOL-01536,28/05/2025,Barranquilla,Vivienda,118600000,60,$3.830.000,2,Profesional,Union libre,1,Si,Rechazado
SOL-00885,2024-12-02,Bogota,Vehiculo,41300000,48,2630000,4,POSGRADO,Casado,0,No,En estudio
SOL-00478,2024-07-19,Cartagena,Vivienda,180800000,240,1850000,10,profesional,Union libre,2,Si,Aprobado
SOL-01330,25/06/2025,medellin,Vehiculo,34000000,36,3250000,6,Profesional,Union libre,2,no,Rechazado
SOL-01567,2025-05-22,BOGOTA,Vivienda,184400000,180,2490000,4,Tecnico,SOLTERO,0,No,Aprobado
SOL-01343,2024-12-24,cali,Vehiculo,51000000,24,3550000,2,TECNICO,Soltero,1,No,Rechazado
SOL-00742,2024-07-23,Pereira,Educacion,6000000,24,5780000,0,Tecnico,Soltero,3,Si,aprobado
SOL-02799,16/06/2025,Cali,Educacion,11200000,12,2130000, ,,Union libre,1,No,Aprobado
SOL-01341,2025-04-04,bucaramanga,Vivienda,217500000,60,2350000,4,Bach.,SOLTERO,2,No,Aprobado
SOL-02651,2024-01-30,CALI,Vivienda,123800000,120,2400000,3,Bachiller,SOLTERO,0,Sí,Aprobado
SOL-00133,2024-07-12,Bogota,Educacion,14800000,24,4640000,,Prof.,Casado,0,Si,rechazado
SOL-02804,27/03/2025,Pereira,Libre inversion,12100000,24,3760000,1,Tecnico,Divorciado,,Sí,Rechazado
SOL-02617,02/01/2025,Bogota,Vehiculo,35700000,36,1920000,7,TECNICO,Casado,0,No,Aprobado
SOL-00982,22/11/2024,Bogota,Libre inversion,18400000,36,1920000,4,Tecnico,Union libre,2,Si,aprobado
SOL-01234,2024-09-05,bogota,Vehiculo,43400000,60,3460000,7,Prof.,Union libre,0,Si,Rechazado
SOL-02080,2024-06-04,Medellín,Vehiculo,37000000,24,3690000,8,TECNICO,Union libre,1,No,Aprobado
SOL-01629,05/08/2024,Bucaramanga,Libre inversion,14900000,36,3510000,12,Profesional,Soltero,1,No,Aprobado
SOL-02277,2025-02-06,Bucaramanga,Vehiculo,24100000,24,2880000,5,Tecnico,Soltero,0,Si,Aprobado
SOL-01757,19/10/2024,medellin,Vehiculo,33200000,48,2470000,3,posgrado,Soltero,1,No,Rechazado
SOL-02496,2024-02-29,Barranquilla,Vehiculo,29000000,60,9010000,4,Profesional,casado,1,Si,Aprobado
SOL-01150,04/06/2024,Barranquilla,Vehiculo,20800000,36,4.570.000,2,Profesional,Soltero,3,SI,rechazado
SOL-02461,17/03/2024,bogota,Educacion,16400000,12,$ 1800000,4,Bachiller,casado,2,No,Aprobado
SOL-02356,2024-10-19,Medellin,Vehiculo,56900000,60,3660000,1,Tecnico,Union libre,0,NO,Aprobado
SOL-02552,2025-01-24,Bogota,Educacion,15100000,12,1800000,0,Tecnico,Soltero,3,No,Rechazado
SOL-00257,2024-05-19,BUCARAMANGA,Libre inversion,24300000,24,1800000,4,Bachiller,Union libre,2,0,APROBADO
SOL-00551,2024-11-04,Bogota,Vivienda,83900000,180,3.420.000,4,Posgrado,Casado,3,Si,En estudio
SOL-00634,06/08/2024,Medellin,Vehiculo,37600000,60,6970000,3,Bachiller,Soltero,0,no,Aprobado
SOL-00899,20/01/2024,Cartagena,Libre inversion,13800000,36,$3.340.000,1,Tecnico,Soltero,1,Si,Aprobado
SOL-00290,11/06/2025,Bogota,Vivienda,169200000,180,2700000,1,Tecnico,union libre,4,No,Rechazado
SOL-02433,2024-03-29,cartagena,Libre inversion,15400000,48,3190000,6,tecnico,Soltero,2,No,En estudio
SOL-00778,2024-11-23,Pereira,Libre inversion,8200000,24,5300000,3,Profesional,Casado,1,No,Aprobado
SOL-02393,2025-02-01,Barranquilla,Educacion,17700000,12,2380000,1,Tecnico,Unión libre,1,No,Aprobado
SOL-00054,2024-04-16,Barranquilla,Vivienda,243000000,240,5520000,6,Bach.,Soltero,1,no,En estudio
SOL-01808,2024-07-20,Cali,Libre inversion,9600000,48,2400000,0,Profesional,Soltero,0,Si,aprobado
SOL-02188,08/06/2024,Medellin,Vivienda,104600000,240,1.900.000,1,Tecnico,soltero,1,Si,En estudio
SOL-00558,2024-06-30,Bogota,Educacion,10100000,12,5520000,6,Prof.,Soltero,1,1,En estudio
SOL-02801,01/06/2025,Barranquilla,Libre inversion,23900000,36,$ 1830000,3,Profesional,Soltero,2,0,En estudio
SOL-01986,2025-03-12,Medellin,Vivienda,182100000,60,2640000,2,Tec.,Casado,4,si,En estudio
SOL-00041,12/04/2025,Medellin,Vehiculo,50900000,24,$ 2570000,2,Profesional,casado,2,Si,Rechazado
SOL-02216,15/03/2024,CALI,Vivienda,81300000,180,2570000,8,Profesional,Union libre,3,Si,Aprobado
SOL-01173,2025-04-23,Cali,Educacion,6500000,24,2780000,1,BACHILLER,Soltero,3,NO,En estudio
SOL-00262,2025-06-08,Cartagena,Libre inversion,23900000,48,$3.320.000,2,Profesional,union libre,2,Si,Aprobado
SOL-02162,2025-06-17,CALI,Educacion,16900000,12,6280000,0,Prof.,Union libre,2,No,Aprobado
SOL-02662,18/05/2025,Bucaramanga,Vivienda,205800000,240,5870000,2,Tecnico,Union libre,0,Si,Aprobado
SOL-00084,2024-06-20,Cartagena,Vehiculo,52700000,48,2980000,3,Profesional,UNION LIBRE,0,Si,Aprobado
SOL-02435,2025-02-08,Bogota,Educacion,8700000,12,5000000,1,Prof.,Casado,0,No,En estudio
SOL-02456,2024-03-14,Medellin,Vehiculo,36000000,36,1800000,13,POSGRADO,Union libre,2,No,aprobado
SOL-01890,17/01/2024,Medellín,Educacion,8700000,24,2520000,9,Bachiller,Casado,0,Si,Aprobado
SOL-02061,2024-08-06,Bogotá D.C.,Libre inversion,18100000,36,3610000,2,Tecnico,Casado,3,no,Rechazado
SOL-02452,2024-11-02,bogota,Vehiculo,59300000,60,1800000,3,Prof.,Divorciado,0,No,Aprobado
SOL-00209,20/03/2024,Cali,Vehiculo,36600000,36,2840000,0,Bach.,Soltero,1,NO,Rechazado
SOL-02694,05/09/2024,barranquilla,Educacion,4700000,24,2.300.000,4,PROFESIONAL,casado,2,Si,En estudio
SOL-01914,2025-02-13,cartagena,Vivienda,153200000,240,$2.810.000,0,Bachiller,CASADO,2,Si,APROBADO
SOL-01607,2025-04-11,MEDELLIN,Vivienda,194800000,60,6700000,15,Profesional,Casado,2,No,En estudio
SOL-01021,28/04/2024,Bogotá,Vehiculo,50700000,24,5170000,3,Bachiller,DIVORCIADO,4,0,Aprobado
SOL-02693,24/01/2025,barranquilla,Libre inversion,18700000,24,7740000,1,Bachiller,CASADO,3,No,En estudio
SOL-01404,2024-01-12,Bogota,Vivienda,123300000,180,2950000,6,Tecnico,Union libre,0,No,Rechazado
SOL-02076,2024-03-21,Bogotá,Libre inversion,14100000,36,3720000,10,PROFESIONAL,Soltero,1,Si,Rechazado
SOL-00210,23/02/2025,Cartagena,Vehiculo,53800000,36,5280000,1,BACHILLER,Casado,0,No,Aprobado
SOL-00154,2024-03-28,Pereira,Educacion,6000000,12,$ 3650000,6,Postgrado,SOLTERO,1,Si,Rechazado
SOL-02337,19/11/2024,Medellín,Vivienda,204800000,180,3580000,1,Profesional,Soltero,0,no,Rechazado
SOL-01591,2024-07-13,cartagena,Vivienda,179000000,60,3880000,1,Bachiller,Casado,4,No,Aprobado
SOL-01148,2024-11-17,Medellin,Educacion,13700000,24,4290000,0,profesional,Unión libre,0,Si,Aprobado
SOL-01968,07/03/2024,BUCARAMANGA,Educacion,7900000,12,7460000,13,Bachiller,Union libre,2,No,aprobado
SOL-01634,2025-03-01,Medellin,Educacion,5900000,24,1850000,3,bachiller,Unión libre,1,No,Aprobado
SOL-00598,2024-10-06,Bogotá,Libre inversion,13600000,24,2430000,3,Posgrado,Soltero,2,1,Aprobado
SOL-01932,2025-01-30,Bogota,Libre inversion,18400000,24,4060000,4,Profesional,Divorciado,0,NO,APROBADO
SOL-01657,03/06/2025,Barranquilla,Libre inversion,16100000,48,10830000,1,Profesional,Casado,0,No,En estudio
SOL-00681,02/08/2024,Barranquilla,Vivienda,163900000,240,3220000,14,Posgrado,Soltero,0,no,Aprobado
SOL-01566,2025-04-09,Barranquilla,Libre inversion,22600000,36,4020000,2,Profesional,Soltero,0,NO,en estudio
SOL-01329,07/04/2024,Medellin,Libre inversion,20200000,12,1800000,4,Bachiller,Casado,0,Si,Aprobado
SOL-01519,2024-07-15,BARRANQUILLA,Libre inversion,23700000,24,$ 2950000,8,bachiller,Casado,1,no,Rechazado
SOL-02506,2025-04-16,pereira,Educacion,15100000,36,2.000.000,1,Bachiller,Union libre,2,No,Rechazado
SOL-00222,24/12/2024,Barranquilla,Libre inversion,12400000,24,1800000,0,Profesional,Soltero,2,No,EN ESTUDIO
SOL-00226,2024-12-31,Cali,Libre inversion,13100000,12,2650000,5,Postgrado,Casado,0,Si,En estudio
SOL-02879,03/05/2025,MEDELLIN,Vehiculo,58300000,48,1800000,N/A,,Union libre,0,No,Rechazado
SOL-02392,2025-03-10,Bogotá D.C.,Vivienda,171200000,120,3390000,1,Prof.,Soltero,1,No,Aprobado
SOL-01761,2024-03-16,BOGOTA,Libre inversion,13400000,24,8890000,13,Posgrado,Casado,3,No,rechazado
SOL-01361,13/07/2024,Bogota,Vivienda,199000000,60,$3.170.000,3,Posgrado,Union libre,N/A,No,Aprobado
SOL-02909,2024-01-27,Medellín,Educacion,17500000,36,2020000,1,Tecnico,Union libre,1,Si,APROBADO
SOL-02620,2024-06-20,Bogota,Vivienda,100000000,120,4270000,2,Posgrado,Casado,0,No,Aprobado
SOL-01493,2024-05-15,Barranquilla,Vivienda,156700000,240,2110000,7,Tecnico,UNION LIBRE,2,No,En estudio
SOL-02224,2025-04-25,BOGOTA,Libre inversion,19700000,24,1800000,1,Técnico,Casado,0,Si,Aprobado
SOL-02237,2024-01-18,Bogota,Educacion,10500000,12,3260000,8,tecnico,CASADO,1,No,En estudio
SOL-02010,2025-01-22,Medellín,Libre inversion,13600000,36,2630000,3,Bachiller,Soltero,0,no,Aprobado
SOL-00206,02/12/2024,Bogotá,Libre inversion,15800000,48,5560000,1,Profesional,Union libre,2,Si,Aprobado
SOL-01028,27/04/2024,Bogota,Vivienda,191100000,240,2.210.000,5,BACHILLER,soltero,0,Si,Aprobado
SOL-02745,29/05/2025,Cali,Educacion,4300000,12,6010000,6,Bachiller,Soltero,1,0,rechazado
SOL-02109,2024-06-16,bogota,Libre inversion,18700000,24,2600000,2,Bachiller,Soltero,1,NO,Aprobado
SOL-01047,2024-02-04,Bogota,Vivienda,163400000,60,$3.520.000,1,Tecnico,casado,1,Si,en estudio
SOL-00694,16/10/2024,Medellin,Libre inversion,21800000,48,3190000,7,posgrado,Casado,0,No,Aprobado
SOL-02396,2024-06-12,pereira,Libre inversion,12100000,48,3.270.000,1,Profesional,Soltero,2,Si,APROBADO
SOL-02360,09/06/2024,Cartagena,Educacion,9000000,36,2000000,1,Bachiller,Soltero,0,No,Aprobado
SOL-01187,2024-02-18,Pereira,Vehiculo,53700000,48,5150000,2,Bachiller,Casado,1,no,Aprobado
SOL-01370,2024-10-22,Medellin,Educacion,4900000,12,6300000,4,Bachiller,Soltero,4,Si,Rechazado
SOL-01908,2024-10-25,Medellin,Libre inversion,18500000,36,3480000,3,Tecnico,Casado,0,No,Rechazado
SOL-00017,2025-04-14,Bogota,Vivienda,119800000,180,1800000,14,Profesional,Union libre,3,Si,Aprobado
SOL-01900,25/05/2024,Bucaramanga,Libre inversion,22500000,48,2840000,3,posgrado,Union libre,1,si,Aprobado
SOL-01677,2025-06-10,cali,Libre inversion,12200000,48,5.110.000,1,Tecnico,casado,3,si,Rechazado
SOL-01185,23/06/2024,Cali,Vivienda,117300000,120,4050000,2,Profesional,Union libre,1,Si,Aprobado
SOL-00657,02/04/2024,Pereira,Educacion,17500000,24,5570000,1,Bachiller,Union libre,1,Si,Aprobado
SOL-01572,10/03/2025,medellin,Vivienda,103300000,120,1800000,4,Profesional,DIVORCIADO,2,No,aprobado
SOL-01738,2024-02-17,Bogota,Libre inversion,14400000,36,3820000,3,Bachiller,Casado,2,Si,Rechazado
SOL-01420,2024-07-28,Cali,Educacion,15500000,36,3280000,8,TECNICO,Casado,N/A,No,Aprobado
SOL-00400,13/07/2024,PEREIRA,Vivienda,215100000,60,2990000,9,Tecnico,Union libre,2,Si,Rechazado
SOL-00619,2024-02-09,MEDELLIN,Educacion,6500000,12,2160000,0,Profesional,Soltero,0,No,Rechazado
SOL-00509,2024-05-02,cali,Vehiculo,52900000,48,8580000,7,Tecnico,soltero,0,No,Rechazado
SOL-00868,24/05/2025,Bogotá D.C.,Educacion,13800000,24,2.550.000,,profesional,soltero,1,No,Aprobado
SOL-00887,2024-02-20,Bogota,Vivienda,249900000,60,1.800.000,0,Profesional,Divorciado,0,Si,Aprobado
SOL-02111,01/11/2024,Cali,Libre inversion,13300000,48,5780000,3,Bachiller,Casado,2,Si,Aprobado
SOL-00600,2025-01-22,Bogota,Vehiculo,57300000,48,1800000,4,TECNICO,Casado,2,No,aprobado
SOL-02155,2024-04-04,Bogota,Libre inversion,15700000,36,$2.230.000, ,Profesional,Casado,0,No,aprobado
SOL-00458,2024-10-29,Barranquilla,Vehiculo,39300000,48,3330000,10,Tecnico,Union libre,2,no,Aprobado
SOL-01118,2024-10-02,CALI,Vivienda,177400000,240,1800000,4,BACHILLER,Casado,3,0,En estudio
SOL-00871,21/06/2024,CALI,Libre inversion,21300000,36,4460000,4,Bach.,Soltero,0,No,Aprobado
SOL-00791,18/06/2024,MEDELLIN,Educacion,16000000,24,1800000,6,bachiller,casado,0,No,Aprobado
SOL-00955,21/05/2025,MEDELLIN,Educacion,8600000,36,2.070.000,9,Profesional,Soltero,1,No,Aprobado
SOL-00651,2024-02-28,CALI,Educacion,6700000,12,1800000,2,Tecnico,Soltero,1,Si,Aprobado
SOL-00734,2025-04-22,Cartagena,Libre inversion,11500000,24,2160000,2,tecnico,Soltero,0,No,Aprobado
SOL-02842,03/02/2024,Barranquilla,Libre inversion,24200000,36,8650000,0,Bachiller,Unión libre,1,No,Aprobado
SOL-00380,2024-06-24,barranquilla,Libre inversion,19200000,24,$1.800.000,1,BACHILLER,SOLTERO,1,SI,Aprobado
SOL-00957,21/04/2025,Bogota,Vivienda,181400000,60,2030000,3,Bachiller,Casado,0,No,En estudio
SOL-00172,2024-11-26,cali,Libre inversion,14900000,12,1800000,2,Profesional,Soltero,0,si,Aprobado
SOL-01945,26/05/2025,Bogota,Vehiculo,46600000,24,3700000,1,Posgrado,SOLTERO,2,0,aprobado
SOL-00660,2025-03-22,BUCARAMANGA,Educacion,9000000,36,7470000,2,BACHILLER,Divorciado,0,No,Rechazado
SOL-02121,2025-01-24,Cali,Educacion,12600000,24,5740000,1,Profesional,Casado,2,No,Aprobado
SOL-01095,11/06/2024,Barranquilla,Libre inversion,21900000,24,3100000,4,Profesional,Soltero,1,No,Rechazado
SOL-02479,2024-03-14,bucaramanga,Libre inversion,12000000,24,3190000,20,Tecnico,Casado,0,No,Aprobado
SOL-00643,08/02/2025,barranquilla,Educacion,4300000,24,1800000,1,Posgrado,Union libre,3,Si,aprobado
SOL-00169,2024-07-15,Medellin,Vivienda,231900000,60,7.040.000,1,Bachiller,Union libre,0,No,Aprobado
SOL-01518,2025-04-26,barranquilla,Vehiculo,59100000,60,5650000,2,Profesional,union libre,0,NO,En estudio
SOL-01801,02/02/2024,Bogota,Libre inversion,12300000,48,,,Bachiller,Casado,0,si,Aprobado
SOL-02385,2025-03-18,Barranquilla,Libre inversion,15100000,24,2010000,2,Tecnico,casado,3,Si,aprobado
SOL-01918,2024-05-08,Bogota,Libre inversion,10300000,36,2260000,1,Profesional,Casado,0,No,En estudio
SOL-00273,21/01/2025,Bogota,Educacion,9900000,36,3570000,0,Profesional,DIVORCIADO,3,Si,Rechazado
SOL-01216,2024-05-10,Cartagena,Libre inversion,18700000,12,$3.440.000,5,Bach.,UNION LIBRE,1,No,Aprobado
SOL-01119,2024-09-16,Medellin,Libre inversion,23900000,48,$2.770.000,3,tecnico,Divorciado,1,No,En estudio
SOL-02501,2024-05-07,CARTAGENA,Educacion,16800000,36,4370000, ,Posgrado,Union libre,3,No,En estudio
SOL-01067,02/01/2025,Cali,Educacion,17500000,36,3.730.000,24,Profesional,Casado,0,NO,RECHAZADO
SOL-02105,2024-05-10,medellin,Libre inversion,12700000,12,5180000,7,Prof.,casado,0,no,Rechazado
SOL-02265,18/04/2025,BOGOTA,Libre inversion,21800000,48,4650000,0,Bachiller,Soltero,1,Si,APROBADO
SOL-02334,2024-06-28,Bogotá,Vehiculo,21500000,36,5750000,2,Bachiller,Soltero,0,Si,Aprobado
SOL-01913,2024-12-20,Bogota,Vehiculo,26700000,60,1800000,1,Bachiller,Soltero,0,No,Aprobado
SOL-00039,2024-03-20,CALI,Libre inversion,17200000,12,$ 3170000,N/A,Postgrado,Soltero,2,Si,Aprobado
SOL-00307,2024-06-01,Medellin,Vehiculo,21600000,24,$ 3840000,2,Profesional,UNION LIBRE,0,Si,Rechazado
SOL-00007,13/02/2024,bucaramanga,Vehiculo,57200000,24,2250000,13,Posgrado,Soltero,0,Si,En estudio
SOL-00782,2025-02-18,Medellin,Vehiculo,33700000,48,9520000,4,Posgrado,Union libre,3,si,rechazado
SOL-01191,21/03/2025,bogota,Libre inversion,12400000,48,1800000,0,Bach.,soltero,0,No,Aprobado
SOL-00535,2024-04-21,BOGOTA,Libre inversion,15400000,12,5200000,2,Bach.,Divorciado,1,No,Aprobado
SOL-00584,12/07/2024,Bogotá D.C.,Vivienda,93400000,60,$ 1800000,0,Profesional,Divorciado,0,Si,Aprobado
SOL-02412,2025-01-08,barranquilla,Vehiculo,56000000,60,3890000,0,PROFESIONAL,CASADO,0,No,Aprobado
SOL-02962,04/09/2024,Cartagena,Vehiculo,22700000,24,1800000,0,PROFESIONAL,Divorciado,1,No,Aprobado
SOL-02554,30/04/2024,barranquilla,Vehiculo,50000000,48,1970000,1,Profesional,Union libre,1,Si,Aprobado
SOL-02768,17/06/2024,PEREIRA,Vehiculo,52400000,36,1800000,4,Prof.,soltero,3,SI,Aprobado
SOL-02774,17/05/2024,CARTAGENA,Vehiculo,45600000,36,5.780.000,1,bachiller,Union libre,1,si,Rechazado
SOL-00317,11/03/2024,Bogotá D.C.,Vehiculo,59400000,24,4170000,1,Profesional,Union libre,4,No,Rechazado
SOL-01795,27/11/2024,Medellin,Vehiculo,43000000,24,5220000,3,Tecnico,casado,0,Si,En estudio
SOL-00272,2024-12-21,Bogota,Vehiculo,51600000,48,1800000,1,Tecnico,Soltero,0,0,Aprobado
SOL-00549,2024-02-28,Cartagena,Vivienda,166200000,60,3380000,2,Tecnico,Soltero,0,No,Rechazado
SOL-01693,2024-06-19,Bogota,Vehiculo,39000000,60,$3.750.000,3,Profesional,Soltero,2,No,Aprobado
SOL-01720,28/07/2024,BUCARAMANGA,Vivienda,223800000,60,8200000,11,Técnico,Casado,0,no,En estudio
SOL-02778,28/04/2025,Pereira,Vehiculo,56800000,48,$4.540.000,3,Prof.,Soltero,2,No,aprobado
SOL-02788,2024-06-03,Bogota,Vivienda,117900000,120,4.890.000,14,Bachiller,UNION LIBRE,0,No,Rechazado
SOL-00599,2024-11-15,Cali,Vehiculo,34800000,24,$ 1800000,2,tecnico,Union libre,1,No,Aprobado
SOL-01690,14/01/2025,Pereira,Educacion,9800000,24,6520000,13,Bachiller,Casado,1,No,Aprobado
SOL-00895,2025-02-21,Barranquilla,Libre inversion,19700000,36,2410000,1,TECNICO,Divorciado,1,no,Aprobado
SOL-02630,2024-12-29,Barranquilla,Libre inversion,11100000,12,3430000,5,Profesional,Casado,0,Si,Rechazado
SOL-01776,18/07/2024,Cali,Libre inversion,10800000,36,3820000,4,Profesional,Soltero,1,no,En estudio
SOL-00571,2025-06-20,Bogota,Libre inversion,21500000,48,1800000,6,Tecnico,Union libre,2,1,Rechazado
SOL-02000,2024-09-01,Medellín,Educacion,5100000,24,1800000,4,Profesional,Casado,0,Si,Rechazado
SOL-02123,2024-09-04,BUCARAMANGA,Vehiculo,50400000,24,4980000,13,bachiller,soltero,1,No,rechazado
SOL-00062,2024-04-24,Barranquilla,Vehiculo,54400000,48,6020000,0,Profesional,soltero,N/A,No,Rechazado
SOL-01248,01/09/2024,Cali,Vivienda,80000000,180,6320000,3,PROFESIONAL,union libre,3,Si,En estudio
SOL-01386,28/02/2025,Bogota,Libre inversion,19400000,48,1800000,2,profesional,Casado,3,No,En estudio
SOL-01260,2024-07-11,MEDELLIN,Libre inversion,15400000,36,4.210.000,8,bachiller,Soltero,0,No,rechazado
SOL-00810,2024-01-30,Medellin,Vivienda,93600000,180,4350000,2,Tecnico,Soltero,1,NO,Aprobado
SOL-01050,2024-07-11,Bogotá D.C.,Educacion,9000000,24,1800000,N/A,TECNICO,Soltero,2,0,En estudio
SOL-02465,14/08/2024,Cali,Vehiculo,49000000,36,$3.680.000,2,Tec.,Soltero,0,no,APROBADO
SOL-00108,2024-09-27,Cartagena,Libre inversion,11600000,12,3120000,4,Profesional,Divorciado,0,SI,Aprobado
SOL-02154,2024-07-21,bucaramanga,Educacion,6600000,24,12120000,3,Postgrado,Soltero,2,No,Aprobado
SOL-00674,28/03/2025,Barranquilla,Vehiculo,42200000,24,4650000,5,Bachiller,Soltero,1,si,Rechazado
SOL-00666,2024-08-06,Cartagena,Libre inversion,24600000,24,1800000,5,Tecnico,CASADO,0,Si,Rechazado
SOL-00510,2024-12-06,BUCARAMANGA,Libre inversion,20900000,36,2460000,0,BACHILLER,CASADO,0,Si,Aprobado
SOL-02180,18/02/2025,medellin,Libre inversion,13700000,48,2700000,5,Bachiller,Soltero,1,SI,Rechazado
SOL-01641,2024-05-27,barranquilla,Educacion,11200000,12,1800000,1,Bachiller,DIVORCIADO,0,Si,Rechazado
SOL-02832,2024-04-14,MEDELLIN,Vehiculo,52800000,48,2400000,0,POSGRADO,Casado,3,No,Aprobado
SOL-01533,10/02/2024,Medellin,Libre inversion,14400000,12,3110000,1,PROFESIONAL,soltero,0,Sí,Rechazado
SOL-00867,2024-01-12,BOGOTA,Vehiculo,48000000,60,2320000,3,Bach.,Union libre,0,Si,En estudio
SOL-01856,2024-07-07,Cali,Vehiculo,49400000,48,1940000,13,Técnico,Soltero,1,Si,rechazado
SOL-01737,17/03/2025,Cali,Vivienda,225700000,240,2420000,7,Bach.,Soltero,,No,Aprobado
SOL-02668,2024-12-19,Barranquilla,Educacion,3400000,36,1800000,19,profesional,Soltero,N/A,Si,Aprobado
SOL-01061,2024-02-13,BUCARAMANGA,Libre inversion,10400000,24,2250000,4,Posgrado,casado,1,NO,En estudio
SOL-02106,2025-05-03,Cali,Vehiculo,47500000,24,1970000,7,Profesional,Union libre,1,No,Aprobado
SOL-02750,2024-07-05,Cali,Vivienda,118100000,180,1800000,3,Profesional,Soltero,3,No,aprobado
SOL-01974,2024-03-15,BOGOTA,Libre inversion,20700000,24,8230000,7,Profesional,Union libre,0,Si,Aprobado
SOL-00590,2025-02-12,CALI,Libre inversion,20000000,12,5710000,17,Profesional,Casado,0,Sí,Aprobado
SOL-02423,2024-10-11,Bogotá D.C.,Vivienda,199600000,240,6840000,9,Bachiller,Union libre,1,si,Aprobado
SOL-02631,06/05/2025,pereira,Libre inversion,8800000,12,4310000,12,Bachiller,Casado,4,No,Aprobado
SOL-00087,27/02/2024,barranquilla,Libre inversion,19400000,12,6650000,5,Posgrado,Union libre,0,Si,Aprobado
SOL-02914,2024-07-19,Bucaramanga,Libre inversion,21500000,12,2350000,3,Posgrado,Casado,2,Sí,rechazado
SOL-00772,15/06/2024,PEREIRA,Educacion,14700000,36,8610000,8,bachiller,Soltero,,No,En estudio
SOL-02394,28/07/2024,Barranquilla,Vehiculo,36900000,24,$1.800.000,3,TECNICO,Soltero,0,NO,Aprobado
SOL-01250,2025-02-04,Bogota,Libre inversion,24400000,48,4070000,5,Bachiller,Casado,4,no,aprobado
SOL-00709,2024-09-29,Bogotá,Educacion,14300000,12,7490000,1,Posgrado,Soltero,0,Si,En estudio
SOL-02416,2025-02-11,BUCARAMANGA,Vehiculo,31300000,60,1.800.000,0,Bachiller,Divorciado,2,Si,RECHAZADO
SOL-01861,2025-04-02,Medellin,Vivienda,207300000,240,2620000,2,TECNICO,Soltero,0,No,Aprobado
SOL-02129,05/01/2024,Bogotá D.C.,Vehiculo,49300000,60,$ 2570000,8,Bachiller,divorciado,0,0,Aprobado
SOL-02663,09/08/2024,Cali,Libre inversion,18300000,12,4960000,6,Bachiller,Soltero,2,No,Rechazado
SOL-00419,2024-04-20,Medellín,Libre inversion,24800000,36,2280000,2,profesional,Union libre,1,No,Aprobado
SOL-01462,12/10/2024,Medellín,Libre inversion,24600000,12,7880000,7,posgrado,Soltero,1,Si,Rechazado
SOL-01485,18/05/2024,Medellin,Libre inversion,13500000,12,1800000,5,Tecnico,Casado,0,No,Aprobado
SOL-02789,2025-01-10,Cali,Vehiculo,51900000,48,3.930.000,6,Posgrado,Union libre,1,Si,En estudio
SOL-02901,13/04/2024,barranquilla,Vivienda,215400000,240,3110000, ,Profesional,Soltero,2,No,En estudio
SOL-00852,06/05/2024,Bogota,Vivienda,244400000,240,2390000,10,Profesional,Union libre,1,No,Aprobado
SOL-01005,2024-11-14,CALI,Libre inversion,9000000,36,3920000,6,Bach.,Soltero,1,Si,Rechazado
SOL-01997,2025-01-05,PEREIRA,Libre inversion,10300000,48,1820000,7,Profesional,Divorciado,3,0,Aprobado
SOL-01835,05/06/2024,CALI,Libre inversion,16700000,24,1830000,0,Tecnico,Union libre,2,No,Aprobado
SOL-02388,2024-02-14,Bucaramanga,Vivienda,114500000,180,6090000,6,Bachiller,Casado,2,No,aprobado
SOL-00437,2024-09-08,Medellin,Vehiculo,43300000,60,$1.800.000,11,bachiller,Casado,0,No,Aprobado
SOL-01317,11/01/2024,Cartagena,Libre inversion,8200000,36,3460000,0,Profesional,Casado,1,Si,aprobado
SOL-01624,03/04/2025,Bogotá D.C.,Libre inversion,24600000,36,3850000,6,Posgrado,Soltero,0,No,Aprobado
SOL-01481,28/03/2024,Bogotá,Vehiculo,56400000,36,4760000,10,Tecnico,Union libre,0,No,Rechazado
SOL-01649,11/06/2024,BOGOTA,Vehiculo,37400000,48,4970000,0,Tecnico,Casado,0,Si,Aprobado
SOL-01004,25/05/2024,Bogotá D.C.,Vehiculo,21900000,60,2.010.000,4,PROFESIONAL,Union libre,0,no,En estudio
SOL-01279,2024-09-02,Medellin,Vivienda,110800000,180,1890000,0,Bachiller,Soltero,1,No,en estudio
SOL-01824,2024-05-12,Cali,Vivienda,177900000,60,2.100.000,2,Tecnico,Union libre,1,si,Aprobado
SOL-02448,2024-06-25,Medellín,Libre inversion,13700000,36,7570000,1,Posgrado,Union libre,0,no,Aprobado
SOL-02903,2024-01-14,BARRANQUILLA,Educacion,8000000,12,$4.190.000,N/A,bachiller,Soltero,3,No,Aprobado
SOL-01837,2024-10-16,Bogota,Libre inversion,17500000,36,3320000,6,POSGRADO,Casado,1,si,Aprobado
SOL-02859,2024-01-07,bogota,Libre inversion,23300000,24,3010000,3,Tecnico,Casado,0,Si,Aprobado
SOL-01547,2024-11-13,Medellin,Libre inversion,23300000,48,9.100.000,7,Posgrado,Union libre,2,NO,Aprobado
SOL-00336,17/01/2024,Cali,Libre inversion,12800000,24,5570000, ,Posgrado,Soltero,4,NO,Aprobado
SOL-00089,2024-08-22,Medellin,Libre inversion,24100000,24,2040000,5,Profesional,Union libre,3,No,APROBADO
SOL-00875,2024-01-04,Bucaramanga,Vivienda,189700000,60,2190000,2,Tec.,casado,2,No,Aprobado
SOL-02645,2025-04-02,Bogotá D.C.,Vehiculo,20900000,24,$ 10490000,9,profesional,divorciado,,Si,Aprobado
SOL-00544,2025-05-27,Bogota,Libre inversion,24100000,12,2090000,2,TECNICO,Soltero,0,No,RECHAZADO
SOL-01242,2025-02-14,Cartagena,Libre inversion,17800000,24,2130000,10,Profesional,Unión libre,3,SI,Aprobado
SOL-01881,2024-04-02,Medellin,Vivienda,213800000,60,$2.190.000,2,Bachiller,SOLTERO,1,0,Rechazado
SOL-02911,2024-01-20,Cali,Libre inversion,11700000,48,2380000,6,BACHILLER,Casado,4,Si,Rechazado
SOL-02511,30/05/2024,Barranquilla,Educacion,9500000,24,2690000,13,Tec.,Union libre,3,Si,aprobado
SOL-00320,2025-02-18,Medellin,Libre inversion,9200000,24,1990000,0,Tecnico,Divorciado,0,no,aprobado
SOL-00520,2024-11-01,Bucaramanga,Libre inversion,23700000,36,2720000,1,,Divorciado,0,No,Aprobado
SOL-02715,18/01/2024,MEDELLIN,Libre inversion,15400000,12,5040000,16,bachiller,Union libre,1,Si,Rechazado
SOL-00879,2024-05-02,MEDELLIN,Vivienda,85500000,60,3510000,4,Técnico,SOLTERO,0,No,En estudio
SOL-00826,2025-05-10,Cali,Libre inversion,18800000,36,$2.230.000,6,bachiller,Divorciado,,No,Rechazado
SOL-01291,12/02/2024,BOGOTA,Educacion,6400000,24,1800000,1,Posgrado,Union libre,3,Si,Aprobado
SOL-02586,2024-08-27,Barranquilla,Vehiculo,32700000,48,3880000,1,Bachiller,SOLTERO,4,Si,Aprobado
SOL-02565,2024-08-06,BARRANQUILLA,Educacion,4300000,12,$1.910.000,4,Profesional,Union libre,,0,Aprobado
SOL-00139,07/02/2025,Bogota,Libre inversion,14600000,24,5440000,10,Tec.,CASADO,3,No,Aprobado
SOL-00164,2025-01-02,Bogotá,Libre inversion,11900000,48,8250000,8,Tec.,Casado,0,Sí,Aprobado
SOL-01619,2025-05-12,Cartagena,Educacion,9900000,24,12.920.000,1,BACHILLER,Casado,0,No,En estudio
SOL-02848,2025-04-22,Bogota,Libre inversion,8200000,36,2750000,12,Bachiller,Unión libre,2,Si,Aprobado
SOL-01792,11/03/2025,Cali,Libre inversion,10400000,36,$5.630.000,1,Bachiller,Casado,0,No,Aprobado
SOL-01046,21/05/2025,barranquilla,Libre inversion,16000000,48,4600000,4,TECNICO,Casado,1,No,Aprobado
SOL-00961,2024-02-18,Barranquilla,Libre inversion,19100000,36,4220000,2,Profesional,Casado,0,no,Aprobado
SOL-01751,2025-04-02,Bogota,Libre inversion,19500000,12,1800000,3,Posgrado,Casado,3,No,Aprobado
SOL-02587,28/06/2024,bucaramanga,Libre inversion,16500000,12,1910000,3,Bachiller,Soltero,1,No,Aprobado
SOL-02880,2024-03-29,barranquilla,Vivienda,181000000,240,2400000,3,Posgrado,DIVORCIADO,N/A,Si,en estudio
SOL-01505,2025-02-12,CALI,Vehiculo,53000000,24,2930000,2,Posgrado,Union libre,2,No,Aprobado
SOL-02418,2024-06-20,Bogota,Libre inversion,10100000,12,1.800.000,2,Bachiller,Soltero,2,0,Aprobado
SOL-02980,2024-09-08,Bucaramanga,Vehiculo,42000000,60,1800000,13,profesional,Union libre,2,Si,En estudio
SOL-01060,2025-05-26,Cali,Educacion,12300000,36,4880000,N/A,Profesional,Casado,0,SI,Aprobado
SOL-02742,2025-06-08,Barranquilla,Libre inversion,17600000,36,1800000,5,posgrado,Soltero,1,No,En estudio
SOL-00656,16/09/2024,Bogotá,Educacion,6200000,12,$4.250.000,2,Tec.,Union libre,1,Si,Aprobado
SOL-02065,2025-02-16,cali,Vehiculo,31900000,24,4500000,3,Bachiller,divorciado,1,Si,Rechazado
SOL-02346,2025-04-08,cartagena,Educacion,4000000,36,$ 3680000,3,Bachiller,Soltero,2,No,En estudio
SOL-00138,03/02/2025,cali,Libre inversion,8700000,24,1800000,7,Tecnico,Union libre,,Si,Aprobado
SOL-02387,2024-04-06,CALI,Vehiculo,59300000,60,3030000,1,Profesional,Soltero,0,0,Aprobado
SOL-01977,2024-07-24,bucaramanga,Libre inversion,8800000,12,2540000,0,Bachiller,Soltero,1,No,rechazado
SOL-01582,03/02/2024,CALI,Libre inversion,15100000,24,$ 2870000,2,Prof.,Union libre,1,1,rechazado
SOL-00698,2024-03-28,Barranquilla,Vehiculo,22100000,36,1930000,6,Tecnico,UNION LIBRE,2,NO,En estudio
SOL-01098,2024-10-05,Cali,Vivienda,98500000,240,$ 2680000,7,Tec.,Soltero,2,NO,En estudio
SOL-02302,2024-09-04,Bogotá D.C.,Libre inversion,24900000,36,1800000,8,Bachiller,Union libre,2,0,aprobado
SOL-02636,24/04/2025,Bogota,Vivienda,113800000,240,2320000,2,BACHILLER,casado,0,No,Aprobado
SOL-01393,2024-04-21,Cartagena,Vivienda,150500000,60,$1.800.000,4,Bachiller,Divorciado,2,SI,APROBADO
SOL-02946,28/04/2024,MEDELLIN,Libre inversion,19000000,48,7.190.000,N/A,Profesional,Soltero,1,No,Aprobado
SOL-01267,2024-02-13,Bogota,Educacion,5700000,12,2770000,7,Profesional,soltero,1,Si,Aprobado
SOL-00136,14/07/2024,Medellin,Libre inversion,21700000,24,6430000, ,bachiller,casado,2,NO,En estudio
SOL-01170,10/08/2024,Bogota,Educacion,9100000,24,4010000,0,Tecnico,Casado,1,No,aprobado
SOL-02136,2024-02-08,Bogota,Vivienda,189800000,240,1800000, ,Bach.,divorciado,1,No,APROBADO
SOL-01504,2024-03-28,BOGOTA,Vivienda,198500000,60,4980000,2,Profesional,soltero,1,No,Aprobado
SOL-01363,12/03/2025,Cali,Libre inversion,21900000,12,6990000,1,Profesional,SOLTERO,0,0,Aprobado
SOL-02425,2024-07-01,Bogota,Libre inversion,8600000,48,3100000,4,Prof.,Casado,2,No,Rechazado
SOL-00149,2025-06-01,Medellin,Libre inversion,22200000,24,$ 1800000,6,Posgrado,Soltero,2,Si,Aprobado
SOL-00304,23/06/2024,pereira,Vehiculo,38400000,48,4750000,0,Bachiller,soltero,1,No,aprobado
SOL-01018,2024-08-23,PEREIRA,Educacion,12600000,24,3310000, ,TECNICO,Union libre,0,No,Aprobado
SOL-01925,2025-05-07,cartagena,Libre inversion,18000000,48,$3.270.000,0,Bachiller,divorciado,0,Si,Rechazado
SOL-01053,2024-08-30,Bogotá,Educacion,8400000,12,5760000,8,Técnico,Soltero,0,Si,Rechazado
SOL-02753,15/01/2024,Bogotá,Libre inversion,24700000,36,5450000,2,bachiller,Soltero,0,NO,rechazado
SOL-02381,2025-04-19,Medellín,Educacion,12900000,12,2490000, ,Tecnico,Casado,1,NO,Rechazado
SOL-01905,2025-06-13,Bogota,Vehiculo,44100000,60,$3.670.000,6,Tecnico,Casado,0,No,Aprobado
SOL-02839,02/03/2025,barranquilla,Vehiculo,44700000,48,8310000,5,tecnico,Casado,N/A,No,Aprobado
SOL-00199,2025-02-23,bogota,Libre inversion,17000000,12,14680000,2,tecnico,Divorciado,1,No,En estudio
SOL-01769,2025-03-26,Cali,Libre inversion,18800000,24,5750000,1,Profesional,SOLTERO,1,No,Aprobado
SOL-02241,28/05/2025,Medellin,Vehiculo,32900000,24,1960000,4,Bachiller,Soltero,3,no,Aprobado
SOL-00405,2024-01-13,CALI,Vehiculo,23200000,36,7940000,,Profesional,Soltero,0,1,Rechazado
SOL-02679,15/03/2025,Medellín,Educacion,3100000,36,1900000,1,TECNICO,Casado,3,No,Aprobado
SOL-02109,2024-06-16,bogota,Libre inversion,18700000,24,2600000,2,Bachiller,Soltero,1,NO,Aprobado
SOL-00484,2025-06-01,pereira,Vehiculo,35500000,24,1810000,11,Profesional,divorciado,2,No,Aprobado
SOL-01183,2025-05-15,Bogotá D.C.,Libre inversion,15000000,36,4220000,1,Bachiller,Divorciado,3,NO,Rechazado
SOL-01340,01/06/2024,Pereira,Educacion,10800000,36,8280000,4,Posgrado,Union libre,2,Si,Rechazado
SOL-01281,2024-01-17,Cartagena,Vehiculo,58900000,48,$1.800.000,0,Bachiller,Soltero,2,No,Aprobado
SOL-01032,24/06/2025,bogota,Libre inversion,10600000,12,3730000,13,Profesional,CASADO,1,Si,Rechazado
SOL-00792,2025-01-08,Medellín,Vivienda,171800000,180,2420000,3,PROFESIONAL,Soltero,0,No,Aprobado
SOL-00800,2024-11-27,Bogota,Vehiculo,24000000,48,10500000,3,bachiller,Union libre,0,No,Rechazado
SOL-01202,2024-10-17,BOGOTA,Vehiculo,34800000,24,3270000,12,Posgrado,Union libre,3,Si,Aprobado
SOL-00423,2024-05-28,Bogota,Libre inversion,16900000,24,1840000,0,Tecnico,Casado,4,si,Aprobado
SOL-02139,14/12/2024,Barranquilla,Vivienda,151200000,180,2840000,0,Tecnico,Soltero,2,si,APROBADO
SOL-01884,2025-06-10,CALI,Vivienda,104200000,60,1860000,4,Tecnico,Divorciado,1,Si,RECHAZADO
SOL-02974,2024-02-18,cali,Vivienda,179900000,240,3340000,8,Profesional,SOLTERO,4,No,En estudio
SOL-01480,2024-05-25,Barranquilla,Educacion,14800000,12,2840000,12,Tecnico,soltero,4,no,En estudio
SOL-01929,2024-12-13,Medellín,Libre inversion,9100000,24,3430000,3,Tecnico,Soltero,0,no,Rechazado
SOL-02540,2024-06-21,Bogota,Libre inversion,19100000,12,3190000,0,Profesional,Soltero,1,Si,Rechazado
SOL-01530,2025-06-05,Cali,Libre inversion,12500000,24,4680000,0,Profesional,soltero,0,Si,aprobado
SOL-00903,2024-05-30,Bogotá,Libre inversion,10600000,12,5.520.000,1,Profesional,Casado,2,Sí,Rechazado
SOL-00686,2024-03-21,cali,Vehiculo,44700000,48,5340000,1,posgrado,Soltero,1,No,RECHAZADO
SOL-01552,04/11/2024,Pereira,Vehiculo,25600000,24,$1.980.000,2,Postgrado,Soltero,2,1,Rechazado
SOL-00160,2024-06-11,Bogota,Vivienda,110900000,120,1810000,1,Bachiller,Unión libre,2,No,Aprobado
SOL-01000,2024-03-30,Barranquilla,Vivienda,192100000,180,1800000,0,Posgrado,CASADO,2,Si,Aprobado
SOL-02895,28/01/2025,Pereira,Libre inversion,15900000,36,2420000,3,Profesional,Casado,0,Si,Aprobado
SOL-02844,14/09/2024,Bogota,Libre inversion,11000000,12,2700000,1,Profesional,soltero,N/A,Sí,Aprobado
SOL-02251,04/03/2025,cali,Vehiculo,24200000,36,1800000,9,Tecnico,divorciado,3,1,Rechazado
SOL-00113,2025-03-12,MEDELLIN,Libre inversion,10300000,24,11090000,3,Técnico,soltero,4,No,Rechazado
SOL-02870,15/02/2024,Bucaramanga,Libre inversion,15300000,12,2860000,7,Prof.,Casado,4,NO,Aprobado
SOL-01447,2024-07-14,Bogotá D.C.,Vehiculo,26000000,36,5050000,3,posgrado,Unión libre,4,No,Rechazado
SOL-01953,2024-11-15,Bogota,Vehiculo,35900000,48,3900000,8,profesional,Casado,0,Si,Aprobado
SOL-00923,2024-09-10,Medellin,Libre inversion,19300000,48,2920000,0,Profesional,Union libre,1,No,APROBADO
SOL-01625,08/04/2024,Pereira,Vivienda,113700000,120,4720000,0,Profesional,Casado,0,No,Rechazado
SOL-02601,2024-06-19,bogota,Libre inversion,17300000,36,2330000,8,Bachiller,Union libre,1,Si,Rechazado
SOL-01320,02/05/2025,Cali,Libre inversion,20600000,36,9460000,5,tecnico,Soltero,3,No,RECHAZADO
SOL-01664,2024-09-04,Bucaramanga,Vivienda,113000000,60,5390000,7,Postgrado,Soltero,2,Si,en estudio
SOL-00816,28/01/2025,Pereira,Vivienda,211300000,120,2600000,6,Profesional,Divorciado,1,No,Aprobado
SOL-02267,2024-12-17,MEDELLIN,Vivienda,123600000,180,4160000,10,PROFESIONAL,Union libre,0,Si,Rechazado
SOL-01474,06/06/2024,Cali,Vivienda,218700000,240,5210000,0,Bachiller,Soltero,0,Si,Aprobado
SOL-01774,2024-08-22,Bogota,Libre inversion,24800000,48,$5.040.000,2,Profesional,Casado,2,Sí,Rechazado
SOL-00680,2025-05-27,Medellin,Vehiculo,31100000,24,2190000,3,Bachiller,Casado,0,no,Aprobado
SOL-02905,2025-04-02,PEREIRA,Vivienda,103600000,180,1800000,1,Bachiller,Casado,3,SI,Rechazado
SOL-01094,13/04/2024,Bogota,Vehiculo,45000000,24,8320000,2,posgrado,Union libre,3,Sí,Aprobado
SOL-00081,2024-08-11,barranquilla,Vivienda,243700000,60,2030000,1,Posgrado,SOLTERO,2,No,Aprobado
SOL-01951,2024-12-08,Bucaramanga,Libre inversion,9700000,36,2.810.000,6,Bach.,Divorciado,0,Si,Aprobado
SOL-01240,2024-01-31,CALI,Educacion,7800000,36,3810000,1,Profesional,Casado,4,no,aprobado
SOL-00330,2024-07-18,Bogotá D.C.,Vehiculo,59800000,60,3430000,1,profesional,Divorciado,1,Si,Rechazado
SOL-00243,2025-06-27,Barranquilla,Vehiculo,58700000,24,4.250.000,4,Prof.,Soltero,3,No,Aprobado
SOL-00642,2025-04-05,Bogotá,Vehiculo,28900000,36,2800000,0,Prof.,Union libre,0,No,rechazado
SOL-00697,2024-11-16,Bogotá,Vivienda,207600000,60,10400000,14,POSGRADO,Union libre,0,No,Rechazado
SOL-02258,2024-12-28,bogota,Vehiculo,26000000,48,3570000,16,bachiller,casado,2,No,Aprobado
SOL-00754,02/05/2025,Medellin,Vehiculo,56300000,60,$ 1800000,0,Bachiller,Union libre,0,Si,APROBADO
SOL-00436,17/05/2025,Medellin,Libre inversion,17200000,48,4400000,1,Bachiller,Union libre,3,NO,Aprobado
SOL-01564,22/01/2025,Bogota,Vehiculo,54200000,48,3.520.000,5,Profesional,Union libre,0,NO,Aprobado
SOL-01935,17/08/2024,Cartagena,Vivienda,248200000,180,3200000,3,Posgrado,soltero,1,No,Rechazado
SOL-02783,2025-01-03,Barranquilla,Vehiculo,56800000,36,1800000,2,Bachiller,Casado,3,Si,aprobado
SOL-01713,2025-03-01,Cali,Libre inversion,20200000,12,$ 1940000,0,bachiller,Casado,0,Si,En estudio
SOL-00552,19/11/2024,Cali,Libre inversion,17900000,24,2960000,11,Tecnico,Divorciado,0,No,Aprobado
SOL-02626,2024-12-05,Barranquilla,Libre inversion,13400000,12,1800000,6,Profesional,Casado,4,No,Aprobado
SOL-00602,2025-02-10,Cali,Vivienda,193600000,180,3270000,N/A,Bachiller,Soltero,0,Si,En estudio
SOL-01965,11/06/2025,Bogotá,Educacion,13600000,24,$ 5260000,2,Profesional,Union libre,0,1,Aprobado
SOL-01014,2024-07-29,Cali,Vehiculo,26300000,60,2700000,8,Bachiller,SOLTERO,1,si,En estudio
SOL-02806,03/02/2025,Barranquilla,Vehiculo,57500000,36,6720000,7,Tecnico,DIVORCIADO,1,Sí,Aprobado
SOL-01428,2025-05-18,Medellín,Educacion,11300000,36,$1.800.000,11,Bachiller,Union libre,0,SI,Rechazado
SOL-02013,2024-02-25,pereira,Vehiculo,45600000,36,2040000,2,posgrado,Divorciado,4,Si,Rechazado
SOL-01387,2024-12-18,BUCARAMANGA,Educacion,16900000,12,2890000,14,Tecnico,Soltero,2,Si,rechazado
SOL-01296,2024-08-02,Medellin,Vehiculo,52400000,24,2180000,3,Bachiller,casado,1,no,Rechazado
SOL-00467,2024-10-28,Bogotá,Vivienda,126800000,240,$1.800.000,19,Profesional,Unión libre,1,No,Aprobado
SOL-01500,17/04/2025,Cartagena,Educacion,15500000,36,$1.800.000,7,Posgrado,Casado,1,Sí,Rechazado
SOL-02592,2024-12-19,Cartagena,Vehiculo,39900000,24,$ 6060000,6,Profesional,Soltero,2,Si,Aprobado
SOL-02961,2024-04-01,Bucaramanga,Libre inversion,8900000,12,4440000,6,Tecnico,Union libre,1,0,Rechazado
SOL-00278,2024-07-07,Pereira,Educacion,7300000,24,$ 5750000,2,Profesional,Soltero,0,Si,Aprobado
SOL-01070,2025-02-16,Cartagena,Libre inversion,23400000,12,3530000,4,Tecnico,Casado,0,0,Rechazado
SOL-01549,2024-04-18,CALI,Educacion,14000000,12,1800000,0,Tecnico,Divorciado,1,NO,Rechazado
SOL-01025,13/03/2024,Pereira,Vivienda,178700000,180,1800000,4,Tec.,Divorciado,1,No,RECHAZADO
SOL-01466,2024-12-07,Cartagena,Libre inversion,16000000,48,4540000,1,Profesional,soltero,N/A,Si,Aprobado
SOL-00941,2025-04-26,Bogotá,Vivienda,212600000,120,1800000,0,Bach.,Casado,2,No,Aprobado
SOL-01467,2025-01-10,Bucaramanga,Libre inversion,17200000,24,5550000,1,tecnico,Union libre,1,1,RECHAZADO
SOL-01324,2025-01-07,BARRANQUILLA,Vivienda,190600000,120,6940000,2,Tecnico,Casado,2,0,Aprobado
SOL-01400,2025-01-23,Medellin,Libre inversion,24800000,12,3470000,5,Tecnico,Soltero,1,0,Aprobado
SOL-02502,02/11/2024,Medellin,Vehiculo,52100000,36,$1.920.000,4,Profesional,Union libre,2,0,En estudio
SOL-01450,16/02/2025,pereira,Libre inversion,11500000,24,3270000,6,Prof.,Soltero,0,no,Aprobado
SOL-00907,2024-06-28,MEDELLIN,Libre inversion,20400000,48,3510000,3,Técnico,Soltero,4,Si,Aprobado
SOL-02696,2024-03-20,Pereira,Vivienda,162500000,60,1920000,1,Profesional,Soltero,2,0,Aprobado
SOL-01896,28/03/2024,bucaramanga,Libre inversion,12100000,24,2030000,1,Prof.,soltero,3,Si,Aprobado
SOL-00389,2024-10-05,Bogota,Vehiculo,31200000,36,7680000, ,PROFESIONAL,Casado,0,Si,RECHAZADO
SOL-02071,2025-02-12,barranquilla,Educacion,9100000,24,5670000,14,bachiller,Divorciado,4,No,en estudio
SOL-02386,19/01/2025,Bucaramanga,Libre inversion,23400000,24,3840000,1,BACHILLER,Casado,0,Si,Rechazado
SOL-02173,07/02/2025,Bogotá D.C.,Libre inversion,23700000,24,1800000,3,Bachiller,DIVORCIADO,3,No,Rechazado
SOL-00881,2024-08-21,CARTAGENA,Libre inversion,9900000,12,2150000,2,POSGRADO,casado,2,Si,aprobado
SOL-02755,15/10/2024,bucaramanga,Vehiculo,40300000,60,2030000,4,Tecnico,Union libre,3,Si,APROBADO
SOL-00051,25/06/2025,Bogota,Educacion,13200000,36,4350000,3,Bachiller,Casado,3,No,Aprobado
SOL-01888,2024-01-09,Medellin,Libre inversion,14900000,12,$1.800.000,3,Bachiller,Soltero,2,No,Aprobado
SOL-01703,02/09/2024,Cali,Libre inversion,17800000,12,3120000,4,TECNICO,Soltero,4,No,aprobado
SOL-00134,2024-02-02,Bogota,Libre inversion,21900000,12,1800000,1,Profesional,Union libre,0,No,En estudio
SOL-01106,2024-08-29,Cali,Vehiculo,31800000,24,$ 5650000,0,Profesional,Soltero,0,No,Rechazado
SOL-00704,02/02/2025,Bogotá D.C.,Libre inversion,12900000,48,$ 2090000,7,POSGRADO,Divorciado,0,No,Rechazado
SOL-00483,2024-01-05,Medellin,Libre inversion,9200000,12,3970000,0,POSGRADO,Union libre,4,No,Rechazado
SOL-01146,2024-12-12,medellin,Vehiculo,50200000,48,1800000,2,Bachiller,CASADO,0,no,Aprobado
SOL-02039,2025-03-16,Bogota,Educacion,11500000,24,6850000, ,Bach.,Casado,1,No,Aprobado
SOL-02964,2024-01-02,Medellin,Libre inversion,19600000,36,2840000,0,Tecnico,Soltero,2,no,En estudio
SOL-00067,2024-10-16,Medellín,Educacion,3800000,24,2610000,10,Bachiller,Union libre,0,1,APROBADO
SOL-02314,2024-05-01,cartagena,Libre inversion,21200000,48,1800000,1,profesional,union libre,2,No,rechazado
SOL-02657,2024-12-22,cali,Educacion,12300000,24,$ 5950000,3,Tecnico,Soltero,0,No,Rechazado
SOL-00908,2024-12-27,Cartagena,Libre inversion,24800000,24,$2.640.000,16,Profesional,Casado,1,no,En estudio
SOL-00032,2025-03-27,CARTAGENA,Libre inversion,12100000,36,$4.020.000,7,Bach.,Casado,1,si,En estudio
SOL-02856,2025-06-05,Cartagena,Vehiculo,41400000,60,5290000,13,Profesional,Union libre,0,No,Aprobado
SOL-00011,2025-03-30,BOGOTA,Libre inversion,17300000,12,1800000,4,POSGRADO,SOLTERO,3,NO,RECHAZADO
SOL-00065,2025-06-07,Bogota,Libre inversion,12200000,24,8090000,2,Profesional,Casado,4,No,Aprobado
SOL-00777,2024-10-19,MEDELLIN,Vivienda,234400000,240,2210000,1,Tecnico,Soltero,0,No,Aprobado
SOL-00078,2025-05-07,Bogota,Vivienda,212500000,120,3440000, ,Bachiller,Casado,1,No,APROBADO
SOL-00492,2024-01-14,Bogota,Libre inversion,18500000,12,6950000,0,Profesional,Soltero,0,No,Rechazado
SOL-02639,16/03/2025,Cali,Libre inversion,21000000,36,4100000,10,Tec.,Soltero,0,Si,Aprobado
SOL-02114,2024-12-29,Cartagena,Educacion,5000000,24,5130000,N/A,PROFESIONAL,Soltero,0,Si,En estudio
SOL-02780,2024-12-10,Bucaramanga,Libre inversion,17200000,12,3190000,0,Profesional,Soltero,1,No,En estudio
SOL-02345,19/07/2024,cali,Vivienda,85500000,120,$ 3530000,N/A,Tecnico,Soltero,1,No,En estudio
SOL-00592,2024-09-28,Cali,Vivienda,105800000,60,1800000,1,Profesional,Union libre,2,No,Aprobado
SOL-01286,04/05/2024,medellin,Vehiculo,47300000,60,2890000,1,Profesional,Soltero,3,Si,En estudio
SOL-02538,18/03/2025,Barranquilla,Vivienda,158600000,240,2880000,1,Bachiller,soltero,1,Si,Aprobado
SOL-00725,20/06/2024,Bogota,Vehiculo,57900000,60,3.440.000,2,Tecnico,Soltero,2,No,En estudio
SOL-02536,2024-08-09,Bogota,Vivienda,149800000,120,1870000,9,Tecnico,Casado,0,No,Rechazado
SOL-01213,2024-08-23,Pereira,Libre inversion,8600000,48,6290000,7,Técnico,Casado,4,no,Aprobado
SOL-02300,27/01/2025,bogota,Libre inversion,13700000,48,$4.150.000,1,Bach.,Soltero,1,No,APROBADO
SOL-02596,26/02/2025,bucaramanga,Libre inversion,11400000,24,2310000,1,Prof.,Union libre,0,No,Aprobado
SOL-01638,2024-05-22,BOGOTA,Vehiculo,57600000,36,$ 2440000,2,Bach.,CASADO,1,No,Aprobado
SOL-02876,07/02/2024,Medellín,Libre inversion,22400000,12,$2.350.000,1,Profesional,Casado,2,0,En estudio
SOL-02956,29/03/2025,Cali,Vehiculo,46900000,24,2400000, ,Bachiller,Soltero,3,No,Aprobado
SOL-00983,2024-10-22,cali,Libre inversion,10900000,12,$ 2940000,N/A,TECNICO,Soltero,1,Sí,Rechazado
SOL-00707,2024-12-22,Cali,Vivienda,127800000,180,2620000,2,Técnico,Casado,2,No,rechazado
SOL-01688,15/04/2024,BARRANQUILLA,Vehiculo,25300000,60,1800000,4,Tecnico,Soltero,1,NO,En estudio
SOL-02891,2024-10-26,Medellin,Vivienda,183800000,120,1940000,7,TECNICO,UNION LIBRE,0,1,En estudio
SOL-00274,2025-01-27,Bogotá,Libre inversion,20500000,12,1970000,10,Profesional,Casado,3,Si,en estudio
SOL-01710,22/07/2024,BOGOTA,Libre inversion,16600000,48,1910000,4,Profesional,soltero,1,No,Rechazado
SOL-02758,2024-06-05,Cali,Vivienda,175600000,120,2580000,0,tecnico,Union libre,0,Si,aprobado
SOL-00964,06/08/2024,Barranquilla,Educacion,12900000,24,4470000,8,Profesional,Soltero,2,Si,APROBADO
SOL-02531,2025-06-04,Bogota,Libre inversion,19800000,24,2500000,2,Posgrado,Soltero,0,No,aprobado
SOL-02875,2025-02-27,Bogota,Vehiculo,20400000,48,1800000,0,Profesional,Divorciado,2,No,APROBADO
SOL-02994,2024-01-20,CALI,Vivienda,210200000,120,2690000,4,bachiller,UNION LIBRE,0,Si,Aprobado
SOL-02865,31/07/2024,cartagena,Vehiculo,32700000,60,4430000,1,Profesional,Casado,3,Si,Rechazado
SOL-02960,2024-02-06,Bogotá D.C.,Libre inversion,10700000,48,2660000,12,Bachiller,Soltero,2,Si,Aprobado
SOL-01453,2024-05-27,BUCARAMANGA,Educacion,7500000,24,1800000,1,tecnico,casado,1,no,Aprobado
SOL-00150,30/04/2025,pereira,Vivienda,174500000,180,4450000,2,Bachiller,Union libre,2,Si,Aprobado
SOL-01758,2024-04-30,Cali,Educacion,11800000,36,3290000,7,Tecnico,Casado,2,no,RECHAZADO
SOL-00219,2025-05-31,Bogota,Vivienda,102900000,180,1900000,9,Tecnico,SOLTERO,1,No,Rechazado
SOL-00240,2024-10-09,Medellin,Vivienda,80600000,60,2130000,6,Bachiller,casado,N/A,No,aprobado
SOL-01132,2024-09-21,Pereira,Vehiculo,35300000,48,2390000,1,Posgrado,Soltero,4,No,aprobado
SOL-02723,2024-06-29,cartagena,Educacion,3000000,36,5550000,3,Posgrado,Soltero,N/A,Si,En estudio
SOL-02240,14/01/2025,Bucaramanga,Vehiculo,41900000,24,$ 2620000,3,Bachiller,SOLTERO,0,no,En estudio
SOL-02382,2024-07-21,Bogotá,Vehiculo,33100000,48,1800000,12,Profesional,Casado,0,No,Aprobado
SOL-01254,2024-06-06,Bogota,Libre inversion,19000000,36,3800000,0,POSGRADO,Union libre,1,Si,Aprobado
SOL-01054,31/05/2025,Bogotá D.C.,Libre inversion,15400000,12,3580000,1,profesional,Casado,2,No,APROBADO
SOL-01669,2024-08-06,cali,Libre inversion,21800000,36,2710000,2,bachiller,Divorciado,0,Si,En estudio
SOL-02562,2025-06-02,Bucaramanga,Libre inversion,13700000,48,7820000,1,Prof.,Casado,2,No,Aprobado
SOL-02999,2024-02-12,Cali,Vehiculo,59700000,36,11260000,5,bachiller,Divorciado,0,No,rechazado
SOL-01358,14/02/2024,Pereira,Libre inversion,24300000,48,2710000,2,Tecnico,Casado,1,NO,Aprobado
SOL-00776,2025-05-23,cali,Libre inversion,11700000,48,7660000,1,Postgrado,Divorciado,2,Sí,aprobado
SOL-02640,2025-05-19,Cali,Libre inversion,13300000,24,3160000,7,Posgrado,Divorciado,0,No,Rechazado
SOL-00840,2024-11-08,Bogota,Libre inversion,8700000,24,1800000,3,Tecnico,Casado,,No,Aprobado
SOL-00628,29/04/2025,Barranquilla,Libre inversion,10600000,12,$5.070.000,3,Técnico,Casado,0,no,Rechazado
SOL-00324,2024-08-27,Medellin,Vivienda,176400000,240,6740000,0,PROFESIONAL,Soltero,0,Si,Aprobado
SOL-02735,26/03/2025,Medellin,Vivienda,230100000,120,2040000,7,Tec.,Soltero,4,SI,Rechazado
SOL-02965,2025-05-13,Cali,Educacion,9000000,36,$3.710.000,7,bachiller,Soltero,1,Si,Aprobado
SOL-01868,2025-05-12,CARTAGENA,Vehiculo,24000000,60,12170000,1,Bachiller,Divorciado,1,No,Aprobado
SOL-01161,2024-05-27,BARRANQUILLA,Vehiculo,31500000,36,3400000,1,BACHILLER,Soltero,,No,Aprobado
SOL-01077,2024-01-22,Bogota,Vivienda,96100000,60,2640000,3,Prof.,Union libre,0,Si,Aprobado
SOL-00438,2024-11-17,Medellin,Vivienda,213200000,180,2.180.000,2,Profesional,Casado,0,Si,Rechazado
SOL-00120,2025-03-10,Barranquilla,Vehiculo,31300000,24,2950000,6,Tecnico,Casado,1,NO,Aprobado
SOL-02664,28/03/2025,Medellin,Libre inversion,13100000,36,2920000,7,Bachiller,union libre,0,NO,Aprobado
SOL-02493,2025-04-18,Medellin,Libre inversion,22100000,24,6010000,1,posgrado,Casado,0,No,Aprobado
SOL-02669,2025-01-31,Cartagena,Libre inversion,24300000,24,1800000,3,profesional,Casado,1,Si,Rechazado
SOL-01815,29/05/2024,Bogotá D.C.,Vehiculo,37300000,60,2.900.000,5,Profesional,Soltero,3,0,Aprobado
SOL-01840,2025-03-06,Barranquilla,Vehiculo,46600000,24,5230000,6,POSGRADO,Soltero,1,0,Rechazado
SOL-01027,09/06/2024,barranquilla,Libre inversion,9300000,12,$ 4750000,4,Bachiller,Union libre,2,No,En estudio
SOL-00077,17/08/2024,Cali,Libre inversion,14500000,24,5170000,8,Profesional,Casado,1,no,Rechazado
SOL-00901,09/07/2024,Cali,Libre inversion,13900000,12,3270000,8,PROFESIONAL,Soltero,4,Si,APROBADO
SOL-00372,09/12/2024,Bucaramanga,Libre inversion,19100000,48,3800000,5,Profesional,CASADO,,Si,Aprobado
SOL-01205,2024-10-08,Bogotá D.C.,Vehiculo,48500000,36,1800000,5,Posgrado,Casado,2,Si,En estudio
SOL-02828,2024-09-10,Bogota,Libre inversion,19200000,12,4080000,1,bachiller,Casado,4,Si,Aprobado
SOL-00942,2024-08-08,BARRANQUILLA,Vivienda,179200000,60,2280000,5,Posgrado,Casado,4,No,En estudio
SOL-00553,16/03/2024,Barranquilla,Educacion,7600000,12,$6.920.000,0,Profesional,Union libre,1,1,RECHAZADO
SOL-00407,2025-04-22,Medellin,Vehiculo,41500000,36,5240000,1,Bachiller,Casado,0,No,aprobado
SOL-02118,21/03/2024,Pereira,Libre inversion,18800000,36,5820000,2,Tecnico,SOLTERO,1,0,Aprobado
SOL-01614,09/02/2025,barranquilla,Vehiculo,39300000,24,$4.870.000,3,Técnico,Union libre,0,0,Aprobado
SOL-00969,2025-03-22,Bogota,Libre inversion,22500000,12,2980000,7,Profesional,Casado,0,Si,Aprobado
SOL-02350,2024-12-29,Bogota,Vivienda,136600000,120,2080000,2,Profesional,SOLTERO,2,No,APROBADO
SOL-01747,2025-02-21,Barranquilla,Vehiculo,36600000,48,$ 5350000,14,Posgrado,Soltero,2,No,RECHAZADO
SOL-00690,2025-02-09,barranquilla,Vehiculo,20300000,48,4960000,7,Profesional,Union libre,4,No,Aprobado
SOL-01739,24/05/2025,BUCARAMANGA,Vehiculo,52500000,48,7430000,26,Tecnico,Casado,1,Si,Aprobado
SOL-00237,2024-08-18,Medellin,Libre inversion,17100000,48,2740000,4,Tecnico,Union libre,4,No,Rechazado
SOL-02893,12/03/2024,medellin,Libre inversion,18200000,12,3560000,2,Tecnico,Casado,1,no,RECHAZADO
SOL-01987,2024-07-12,Barranquilla,Vivienda,121200000,60,2310000,1,Profesional,Union libre,2,No,En estudio
SOL-01984,2025-05-20,Pereira,Vivienda,227700000,240,2.650.000,10,TECNICO,Union libre,0,Sí,Rechazado
SOL-00500,2024-05-08,Bucaramanga,Educacion,15100000,36,7850000,2,Posgrado,Union libre,0,No,Rechazado
SOL-00823,2024-08-04,bogota,Vivienda,208300000,240,2780000,11,Bachiller,soltero,0,Si,Aprobado
SOL-00795,2024-07-31,medellin,Vivienda,94500000,180,2000000,2,Tec.,Casado,1,Si,Aprobado
SOL-00991,15/02/2024,PEREIRA,Libre inversion,8800000,48,$ 2810000,1,TECNICO,Casado,4,NO,Aprobado
SOL-00568,2025-01-16,Barranquilla,Educacion,9300000,12,3180000,1,Profesional,casado,2,Si,Aprobado
SOL-02436,2024-06-06,Medellin,Libre inversion,21400000,12,1800000,5,profesional,Soltero,1,No,APROBADO
SOL-00391,2024-01-14,barranquilla,Libre inversion,16000000,48,1800000,11,Profesional,Divorciado,1,NO,En estudio
SOL-00744,2024-02-21,Pereira,Educacion,7400000,36,2040000,2,Prof.,Soltero,3,Si,Aprobado
SOL-02401,2025-05-29,Bogota,Vehiculo,27800000,36,$5.800.000,2,Tecnico,Casado,2,1,Aprobado
SOL-01218,23/11/2024,BOGOTA,Vivienda,154500000,180,5750000,3,BACHILLER,Union libre,2,Si,Rechazado
SOL-00236,2024-10-30,Barranquilla,Vehiculo,24300000,24,3940000,1,Posgrado,UNION LIBRE,1,No,Aprobado
SOL-02975,2024-11-29,CARTAGENA,Libre inversion,18100000,36,3330000,4,Bach.,Union libre,1,Si,Aprobado
SOL-00481,25/11/2024,Pereira,Educacion,16900000,12,3090000,13,Tecnico,SOLTERO,1,No,Aprobado
SOL-02043,2024-04-12,Pereira,Libre inversion,23700000,12,3480000,1,profesional,CASADO,0,No,Rechazado
SOL-01678,2024-12-20,Bogota,Vehiculo,47700000,36,9700000,4,Tecnico,casado,0,Si,En estudio
SOL-02770,2024-09-08,Bogota,Libre inversion,12500000,48,3410000,2,Bachiller,Soltero,3,No,APROBADO
SOL-02923,24/03/2025,Barranquilla,Libre inversion,10300000,36,$2.160.000,3,Bach.,Divorciado,0,Si,En estudio
SOL-02613,2024-10-09,medellin,Libre inversion,21400000,12,3650000,1,Bachiller,SOLTERO,0,No,Rechazado
SOL-02673,09/03/2025,BUCARAMANGA,Vehiculo,36500000,60,5060000,0,Bachiller,SOLTERO,0,No,Rechazado
SOL-00121,22/04/2025,Medellin,Vivienda,164500000,180,2700000,5,Tecnico,Casado,1,No,aprobado
SOL-01273,2024-10-06,Bogota,Libre inversion,21400000,24,4610000,4,Bachiller,SOLTERO,2,si,Rechazado
SOL-00927,19/01/2024,barranquilla,Vehiculo,24300000,36,8650000,1,Profesional,Soltero,1,No,EN ESTUDIO
SOL-01595,2024-10-31,Cali,Vivienda,192700000,120,4180000,7,Profesional,Soltero,2,Si,Aprobado
SOL-00224,2024-07-03,Medellín,Vivienda,132400000,180,10.710.000,0,Bachiller,soltero,0,No,Aprobado
SOL-00767,11/03/2024,CARTAGENA,Libre inversion,10600000,24,3.230.000,2,Postgrado,Unión libre,1,Si,Aprobado
SOL-00614,05/11/2024,Bogota,Libre inversion,20900000,36,2970000,3,profesional,Union libre,2,SI,Aprobado
SOL-01246,2025-03-29,Bogota,Libre inversion,20500000,12,2050000,14,Bachiller,Union libre,2,Si,aprobado
SOL-01541,2024-03-18,Barranquilla,Educacion,14500000,12,6520000,11,Tecnico,Soltero,1,Si,Rechazado
SOL-00053,2024-03-31,Bogota,Vehiculo,24200000,24,1870000,3,Bachiller,Soltero,0,No,En estudio
SOL-00530,2024-12-18,Bogotá D.C.,Vivienda,174100000,120,3480000,3,Posgrado,SOLTERO,1,No,en estudio
SOL-01900,25/05/2024,Bucaramanga,Libre inversion,22500000,48,2840000,3,posgrado,Union libre,1,si,Aprobado
SOL-02967,13/08/2024,Medellin,Libre inversion,23300000,48,3070000,3,Profesional,SOLTERO,2,no,EN ESTUDIO
SOL-00819,2024-07-04,Bogota,Vehiculo,58400000,60,1800000,2,Profesional,casado,2,Sí,En estudio
SOL-00156,2025-06-02,Bogota,Educacion,7000000,36,$ 3060000,7,PROFESIONAL,SOLTERO,1,Si,Rechazado
SOL-02912,2025-05-20,Bucaramanga,Vivienda,168500000,120,2130000,3,Bachiller,Union libre,2,No,Rechazado
SOL-00249,2025-04-15,Cartagena,Vehiculo,41700000,48,2.240.000,4,Prof.,soltero,2,NO,aprobado
SOL-00762,2024-01-17,Bogotá D.C.,Libre inversion,22200000,12,4390000, ,Profesional,Soltero,3,Si,Rechazado
SOL-01895,2025-02-18,Bucaramanga,Libre inversion,20100000,12,6930000,1,Bachiller,Union libre,2,No,rechazado
SOL-02030,03/08/2024,Cali,Vehiculo,37200000,60,$ 2990000,3,Posgrado,Union libre,3,Sí,Rechazado
SOL-01131,26/01/2025,Barranquilla,Libre inversion,16700000,24,4730000,2,Profesional,Soltero,,SI,Aprobado
SOL-00543,01/02/2024,Medellin,Vivienda,100400000,180,1800000,4,Posgrado,union libre,1,No,En estudio
SOL-00794,04/06/2024,Bogota,Educacion,5800000,12,3610000,3,Tecnico,Soltero,0,1,aprobado
SOL-01726,2024-03-03,Bogota,Educacion,7400000,24,9850000,10,Posgrado,Soltero,0,NO,En estudio
SOL-00629,2024-12-13,Bogota,Libre inversion,24700000,48,2930000,7,Tecnico,Union libre,2,No,Aprobado
SOL-02199,2024-12-21,pereira,Vivienda,111500000,60,1800000,8,Profesional,UNION LIBRE,4,No,APROBADO
SOL-02734,2024-04-09,Barranquilla,Vehiculo,58000000,60,2410000,1,Bach.,Soltero,0,No,En estudio
SOL-02340,2024-11-26,bogota,Educacion,15300000,24,2500000,,bachiller,UNION LIBRE,1,No,Aprobado
SOL-02430,2024-02-03,Medellin,Libre inversion,16600000,48,2830000,5,Posgrado,Soltero,1,Si,Rechazado
SOL-02881,19/07/2024,Bogota,Libre inversion,23700000,12,3490000,1,Tecnico,Divorciado,1,Si,en estudio
SOL-01368,18/11/2024,Bogota,Libre inversion,16000000,12,4940000,0,Posgrado,CASADO,2,no,Aprobado
SOL-01621,25/07/2024,Medellin,Educacion,9300000,12,N/A,3,Tecnico,Casado,3,no,RECHAZADO
SOL-02818,13/09/2024,Bogotá,Educacion,4800000,12,2000000,2,Profesional,SOLTERO,1,No,Rechazado
SOL-01072,2024-04-01,Cali,Vivienda,214100000,240,2010000,0,Profesional,soltero,0,No,En estudio
SOL-00555,01/12/2024,Bogota,Libre inversion,14600000,48,$ 3820000,0,Profesional,Soltero,3,0,en estudio
SOL-01829,2024-11-30,bogota,Vivienda,91400000,120,2690000,1,Tecnico,Unión libre,2,1,aprobado
SOL-00827,24/07/2024,Bogotá D.C.,Vivienda,185300000,240,6480000,5,Prof.,Casado,0,No,Rechazado
SOL-02897,2024-03-28,Cartagena,Vivienda,107400000,180,4900000,2,Prof.,Union libre,4,Si,En estudio
SOL-01985,2025-04-07,Medellin,Educacion,7400000,12,2040000,5,Bach.,Soltero,1,No,en estudio
SOL-01838,2024-11-19,medellin,Vehiculo,52900000,60,$ 2430000,0,Profesional,Casado,0,SI,aprobado
SOL-00536,2024-01-10,Medellin,Libre inversion,10400000,24,3730000,0,bachiller,Divorciado,1,1,Rechazado
SOL-02703,2024-01-08,Bogota,Libre inversion,16300000,12,4280000,1,Tecnico,Union libre,0,NO,Rechazado
SOL-00155,2024-02-27,Bogota,Vivienda,230700000,60,3260000,N/A,bachiller,Casado,2,Sí,Aprobado
SOL-02611,16/05/2025,Medellin,Vivienda,243500000,60,1820000,10,Profesional,Union libre,N/A,No,Rechazado
SOL-02847,18/02/2024,pereira,Libre inversion,15900000,12,1800000,1,Tecnico,Soltero,1,NO,En estudio
SOL-00323,2024-05-31,Medellín,Vivienda,154500000,180,7380000,5,Profesional,Soltero,2,Si,Aprobado
SOL-01711,2025-02-05,Barranquilla,Educacion,12500000,36,9.880.000,3,Profesional,Union libre,1,0,Aprobado
SOL-00015,29/01/2025,Bogota,Libre inversion,13600000,36,$6.940.000,6,bachiller,Union libre,2,no,aprobado
SOL-01799,30/09/2024,Cali,Vivienda,106200000,180,1800000,8,Postgrado,Casado,1,SI,Rechazado
SOL-02850,2024-10-04,bogota,Libre inversion,24300000,12,5.970.000,6,PROFESIONAL,soltero,1,NO,Aprobado
SOL-00083,2024-08-13,Barranquilla,Educacion,9100000,24,2320000,1,Posgrado,Soltero,3,No,Rechazado
SOL-01944,2025-03-08,pereira,Libre inversion,24300000,48,5.020.000,4,Profesional,CASADO,0,No,EN ESTUDIO
SOL-01989,2025-06-05,Bucaramanga,Vivienda,236000000,120,3000000,7,Profesional,soltero,0,no,Aprobado
SOL-01384,2024-11-29,CALI,Libre inversion,24200000,12,$1.990.000,1,Prof.,Casado,,Si,Aprobado
SOL-01575,2025-05-17,PEREIRA,Educacion,15900000,24,1900000,5,Profesional,Union libre,N/A,No,RECHAZADO
SOL-02059,2025-02-11,Bogotá D.C.,Vehiculo,35800000,48,$ 1800000,1,Profesional,Soltero,1,No,Aprobado
SOL-02915,2024-05-14,Cartagena,Libre inversion,12300000,36,5.790.000,0,Bachiller,Soltero,0,No,Rechazado
SOL-01495,20/06/2025,Cali,Vivienda,118100000,180,$5.350.000,3,PROFESIONAL,Casado,1,no,Aprobado
SOL-00832,2024-01-15,Barranquilla,Libre inversion,18000000,24,1800000,2,Técnico,soltero,1,No,Aprobado
SOL-02081,08/05/2024,pereira,Vivienda,85700000,60,2390000,,Tecnico,Union libre,3,No,Aprobado
SOL-01175,2024-11-09,medellin,Vivienda,98500000,120,3250000,3,TECNICO,CASADO,0,Si,Aprobado
SOL-00414,2024-02-12,CARTAGENA,Vehiculo,26100000,60,1800000,1,Técnico,Divorciado,1,SI,En estudio
SOL-01818,12/07/2024,Bogota,Vehiculo,21100000,36,2.200.000,2,Posgrado,Union libre,1,No,Aprobado
SOL-00166,2024-09-23,barranquilla,Libre inversion,16600000,12,$3.350.000,14,Postgrado,Soltero,2,Si,Rechazado
SOL-02609,31/12/2024,Bogotá,Libre inversion,13800000,36,$7.940.000,5,Bachiller,casado,0,Si,Aprobado
SOL-02958,24/03/2025,Bucaramanga,Vehiculo,26900000,36,8250000,8,Tecnico,Casado,2,No,Aprobado
SOL-00615,07/11/2024,Cartagena,Educacion,12700000,24,7410000,2,Tecnico,Union libre,3,si,Aprobado
SOL-01015,2024-02-23,Bogota,Libre inversion,8500000,24,3830000,0,Bachiller,Casado,1,No,Aprobado
SOL-02138,2024-02-22,Cali,Libre inversion,22700000,48,1800000,1,Bachiller,Union libre,3,Si,Aprobado
SOL-01016,26/02/2024,Medellin,Vehiculo,32100000,36,2880000,10,Profesional,Divorciado,1,No,Aprobado
SOL-01238,04/06/2024,BOGOTA,Vivienda,171600000,120,5190000,4,PROFESIONAL,Soltero,0,No,RECHAZADO
SOL-02182,2025-05-30,Cali,Vehiculo,35400000,60,1860000,4,BACHILLER,Soltero,2,Si,Aprobado
SOL-00556,2024-02-29,Bogota,Vivienda,144000000,240,2300000,1,Tecnico,Casado,3,No,Aprobado
SOL-02369,2024-01-02,Cartagena,Libre inversion,19500000,48,1800000,0,PROFESIONAL,Soltero,3,No,aprobado
SOL-02840,28/01/2024,bogota,Educacion,3300000,36,6890000,9,Tecnico,Soltero,0,No,Rechazado
SOL-01212,2024-10-05,Medellín,Libre inversion,13500000,36,1800000,7,Profesional,SOLTERO,1,No,Aprobado
SOL-02817,2024-03-25,Cali,Libre inversion,8400000,36,5980000,2,Profesional,Union libre,4,NO,Aprobado
SOL-00635,2025-03-07,Cartagena,Vehiculo,55600000,36,2.210.000,1,Profesional,Divorciado,2,si,EN ESTUDIO
SOL-01056,2025-06-19,Bogota,Libre inversion,8200000,36,7120000,2,Bachiller,soltero,3,No,Rechazado
SOL-02341,30/11/2024,Bogota,Vehiculo,55200000,60,1890000,9,Posgrado,Soltero,0,no,Rechazado
SOL-01709,2025-06-26,Bogotá D.C.,Libre inversion,12500000,24,1800000,3,Bachiller,Union libre,0,No,rechazado
SOL-00797,2024-10-27,Bucaramanga,Vivienda,118800000,60,$4.520.000,2,Bachiller,union libre,0,0,aprobado
SOL-02793,05/08/2024,Barranquilla,Vehiculo,55800000,36,2180000,,Bach.,DIVORCIADO,2,Si,Rechazado
SOL-00175,31/10/2024,Bucaramanga,Vehiculo,32000000,60,3620000,16,Bachiller,UNION LIBRE,0,SI,en estudio
SOL-00246,2024-07-13,Bucaramanga,Libre inversion,18500000,48,3910000,17,Profesional,Casado,0,Si,Rechazado
SOL-01081,20/08/2024,BARRANQUILLA,Vehiculo,42400000,24,1800000,0,profesional,Unión libre,0,SI,Rechazado
SOL-01655,2024-10-30,Barranquilla,Vehiculo,46800000,36,3570000,4,Profesional,Divorciado,4,Si,Rechazado
SOL-02257,2024-12-09,CALI,Vivienda,196800000,120,1.980.000,2,Posgrado,Divorciado,3,Si,En estudio
SOL-00145,2024-04-14,Bogota,Vivienda,171700000,120,4480000,4,Tecnico,Divorciado,3,No,En estudio
SOL-00146,2025-02-27,bucaramanga,Vivienda,113700000,240,1800000,1,Profesional,Casado,,No,aprobado
SOL-00091,22/10/2024,CALI,Educacion,14600000,36,5850000,,Bachiller,Casado,0,Si,RECHAZADO
SOL-00683,2024-08-26,BOGOTA,Educacion,13100000,36,11430000,N/A,Bachiller,CASADO,0,no,Rechazado
SOL-00311,20/03/2024,Pereira,Educacion,16000000,36,2930000,1,Tecnico,Union libre,1,Si,Rechazado
SOL-00094,2024-11-13,Barranquilla,Vehiculo,52400000,60,12110000,9,Profesional,Union libre,4,NO,Aprobado
SOL-02676,2024-10-04,BOGOTA,Vehiculo,59800000,60,4150000,1,Profesional,Soltero,3,No,Rechazado
SOL-01957,2025-06-20,Bogotá,Libre inversion,23100000,48,3050000,3,Bachiller,CASADO,2,0,Rechazado
SOL-00925,19/03/2025,Bogota,Vivienda,197000000,120,5.670.000,N/A,tecnico,Soltero,0,Si,Aprobado
SOL-02864,2025-04-26,Cali,Educacion,10100000,36,3.020.000,8,Tecnico,Union libre,3,no,rechazado
SOL-01910,2024-08-16,Bogota,Libre inversion,19000000,12,1800000,5,Tecnico,soltero,1,No,Aprobado
SOL-01036,2024-11-19,cali,Vehiculo,25900000,60,1800000,1,Tecnico,Union libre,0,Si,En estudio
SOL-01401,07/06/2024,Pereira,Educacion,13100000,24,3220000,0,Tecnico,Union libre,4,Si,Rechazado
SOL-02292,17/01/2025,Bogota,Libre inversion,17400000,24,9.170.000,4,Postgrado,Casado,2,No,Aprobado
SOL-01501,11/06/2025,Bogota,Vehiculo,41900000,24,2910000,6,bachiller,Soltero,2,No,Aprobado
SOL-02263,2024-01-14,Cartagena,Vehiculo,32100000,36,4270000,12,Posgrado,Casado,0,1,Rechazado
SOL-01469,2024-06-01,Barranquilla,Educacion,15000000,12,$ 4100000,2,Profesional,union libre,0,NO,Aprobado
SOL-00999,2024-07-01,Medellin,Libre inversion,14900000,12,$2.450.000,8,Profesional,Union libre,4,1,aprobado
SOL-00854,30/06/2024,Bucaramanga,Libre inversion,23700000,48,1800000,9,Tecnico,Soltero,2,No,Rechazado
SOL-02474,2024-10-07,pereira,Vehiculo,31500000,60,6970000,4,Bachiller,Union libre,2,No,Aprobado
SOL-02205,21/03/2024,barranquilla,Educacion,7300000,12,3660000,1,Profesional,Union libre,2,Si,Aprobado
SOL-01143,01/08/2024,cali,Libre inversion,9700000,36,$2.610.000,7,Profesional,SOLTERO,0,No,aprobado
SOL-01144,2025-06-06,Bogotá,Libre inversion,8800000,24,2380000,3,Bachiller,Union libre,,No,Rechazado
SOL-02275,13/12/2024,cali,Educacion,11400000,24,6450000,3,Tec.,soltero,0,SI,Aprobado
SOL-02049,2024-11-06,Bucaramanga,Libre inversion,23200000,24,2500000,7,Posgrado,Union libre,2,No,Aprobado
SOL-00402,27/02/2025,Barranquilla,Libre inversion,23900000,12,2660000,8,Tecnico,Casado,2,no,Aprobado
SOL-01104,2024-02-25,cartagena,Educacion,6500000,12,2360000,2,bachiller,Soltero,1,No,Aprobado
SOL-00085,12/02/2024,Pereira,Vehiculo,44900000,60,$ 4500000,2,Tecnico,Soltero,0,SI,Aprobado
SOL-02211,13/07/2024,Pereira,Educacion,6500000,12,1800000,0,Postgrado,SOLTERO,1,NO,Rechazado
SOL-02918,2024-08-25,Bogota,Libre inversion,21400000,12,3000000,3,Bachiller,Soltero,0,Sí,APROBADO
SOL-00115,2025-05-27,BUCARAMANGA,Libre inversion,19100000,24,$6.080.000,5,Posgrado,Soltero,0,No,Aprobado
SOL-02646,2024-04-10,MEDELLIN,Libre inversion,14300000,36,3070000,4,Bachiller,Soltero,1,Si,Rechazado
SOL-01586,2024-09-18,MEDELLIN,Libre inversion,11700000,36,$ 2630000,11,Bachiller,Soltero,2,No,aprobado
SOL-01568,2024-10-29,MEDELLIN,Educacion,4600000,24,2770000,2,Bach.,soltero,2,No,Aprobado
SOL-01502,2025-01-15,cali,Vivienda,207700000,60,2760000,13,Profesional,Casado,0,No,Rechazado
SOL-01661,06/08/2024,Medellin,Vivienda,95200000,180,2130000,4,Tecnico,Union libre,3,si,En estudio
SOL-01557,2024-09-02,BOGOTA,Educacion,5200000,36,2220000,19,Profesional,Soltero,0,si,Rechazado
SOL-02008,2024-11-11,Bogota,Libre inversion,14200000,24,2450000,3,Bachiller,Casado,1,No,aprobado
SOL-00626,2024-10-06,cartagena,Vivienda,137700000,240,2860000,13,BACHILLER,casado,2,No,Aprobado
SOL-01886,11/01/2025,Cartagena,Libre inversion,16000000,36,4340000,2,Tec.,Divorciado,1,Si,En estudio
SOL-01867,10/02/2025,Bogota,Libre inversion,23300000,48,4740000,1,BACHILLER,Union libre,3,0,Aprobado
SOL-00953,2024-03-24,Cali,Educacion,9500000,36,6880000,7,PROFESIONAL,Soltero,0,no,Aprobado
SOL-02307,16/07/2024,CARTAGENA,Libre inversion,11500000,12,2130000,5,bachiller,soltero,0,1,En estudio
SOL-00625,2025-06-11,Medellin,Vivienda,101600000,180,1980000,2,Bachiller,Union libre,1,1,Rechazado
SOL-00235,2025-05-21,Medellin,Libre inversion,17900000,36,2940000,2,Posgrado,Divorciado,2,Si,Aprobado
SOL-02184,2024-07-20,BARRANQUILLA,Libre inversion,15500000,36,4800000,23,Técnico,Union libre,0,No,Rechazado
SOL-02035,22/12/2024,CALI,Vehiculo,27100000,36,3.370.000,2,Bachiller,union libre,1,No,Rechazado
SOL-01827,2024-11-06,Bogota,Libre inversion,19400000,12,4290000,0,PROFESIONAL,soltero,2,si,RECHAZADO
SOL-02873,2024-08-28,Bogota,Vehiculo,28300000,48,3940000,3,posgrado,Union libre,0,no,aprobado
SOL-02641,2024-06-04,Medellin,Educacion,4000000,24,2600000,2,Profesional,Divorciado,2,No,Aprobado
SOL-01315,2025-06-21,MEDELLIN,Libre inversion,13500000,36,4490000,3,Posgrado,Union libre,0,No,rechazado
SOL-01526,2024-10-20,bucaramanga,Educacion,13700000,24,1800000,11,Tecnico,Casado,2,Sí,Aprobado
SOL-01563,2025-05-26,barranquilla,Libre inversion,18900000,36,8950000,6,Bachiller,Soltero,2,Si,Rechazado
SOL-01753,11/01/2024,Medellin,Vehiculo,21100000,24,4450000,2,BACHILLER,Soltero,0,No,Rechazado
SOL-01606,2025-03-05,Medellin,Vehiculo,48900000,24,5410000,1,Tecnico,Soltero,0,Si,Aprobado
SOL-00344,2024-07-02,Bogotá D.C.,Vivienda,165200000,60,3350000,,Bachiller,SOLTERO,2,No,En estudio
SOL-02518,2024-10-13,Barranquilla,Libre inversion,18200000,36,1800000,4,Bachiller,Casado,1,si,Rechazado
SOL-02342,2024-10-16,Bogota,Vivienda,171700000,240,1830000,1,Profesional,Divorciado,3,SI,Aprobado
SOL-02413,01/06/2025,Bogota,Vivienda,191800000,240,2820000,4,Profesional,Casado,0,No,Rechazado
SOL-02227,27/06/2025,medellin,Vehiculo,31500000,60,1.800.000,,Posgrado,Casado,2,NO,aprobado
SOL-00997,13/07/2024,bogota,Vehiculo,34000000,24,2.810.000,3,Profesional,Soltero,1,No,Rechazado
SOL-02063,24/12/2024,Medellin,Libre inversion,14300000,36,4470000,1,Profesional,Casado,3,No,Aprobado
SOL-01111,27/05/2025,MEDELLIN,Educacion,3400000,36,3020000,5,PROFESIONAL,Soltero,3,si,Aprobado
SOL-02214,2024-07-15,Cartagena,Libre inversion,24400000,48,2510000,18,PROFESIONAL,Soltero,0,Si,En estudio
SOL-01360,2024-02-16,Pereira,Vivienda,145900000,120,1800000,,Bachiller,UNION LIBRE,0,Si,Aprobado
SOL-02108,16/11/2024,Bogotá D.C.,Vehiculo,35900000,48,10670000,5,Bachiller,Union libre,1,No,Aprobado
SOL-00710,14/01/2024,bucaramanga,Educacion,14000000,24,5010000,1,Profesional,CASADO,4,Sí,RECHAZADO
SOL-01879,28/12/2024,CALI,Vehiculo,29200000,24,3930000,6,Posgrado,Divorciado,0,Si,aprobado
SOL-01379,2024-08-10,bogota,Vivienda,90700000,180,4570000,8,POSGRADO,CASADO,3,Si,Rechazado
SOL-00425,11/05/2024,Barranquilla,Libre inversion,18300000,48,3300000,8,Profesional,Casado,1,No,Rechazado
SOL-00293,25/01/2024,Bogota,Vivienda,89600000,180,1800000,3,Profesional,CASADO,2,No,Aprobado
SOL-01066,01/04/2024,bogota,Vivienda,229000000,180,11970000,3,Prof.,Casado,2,Si,Aprobado
SOL-02378,2024-12-20,Medellin,Vivienda,244700000,180,1.830.000,10,tecnico,Soltero,4,Si,En estudio
SOL-01639,2025-04-27,medellin,Vivienda,204700000,240,3100000,3,Bachiller,Soltero,1,No,En estudio
SOL-02478,2024-08-31,Bogotá,Libre inversion,21000000,36,4500000,6,Posgrado,CASADO,N/A,Si,Aprobado
SOL-01013,14/07/2024,Bucaramanga,Vehiculo,53100000,60,1800000,5,Tecnico,Divorciado,1,si,APROBADO
SOL-02128,2025-03-18,Medellin,Educacion,3200000,36,3880000,0,Posgrado,casado,1,Si,aprobado
SOL-01718,06/07/2024,BARRANQUILLA,Libre inversion,9000000,48,5880000,4,TECNICO,Casado,2,No,EN ESTUDIO
SOL-00938,03/01/2024,medellin,Libre inversion,17000000,36,5930000,13,Profesional,Soltero,3,No,Rechazado
SOL-00835,2025-05-20,Pereira,Libre inversion,23600000,36,4600000,1,Tecnico,Casado,2,Si,Rechazado
SOL-00255,2024-06-07,Medellin,Vehiculo,39900000,48,1800000,5,TECNICO,Soltero,1,si,aprobado
SOL-01483,18/06/2024,Bogota,Vehiculo,47200000,24,7860000,5,Posgrado,Soltero,0,0,Aprobado
SOL-01142,26/01/2025,CALI,Libre inversion,21200000,36,$1.940.000,0,Bachiller,Union libre,2,No,En estudio
SOL-01408,2024-09-12,Bogota,Libre inversion,11600000,48,4930000,5,Bachiller,Divorciado,1,0,Rechazado
SOL-02940,2024-05-30,Cali,Libre inversion,22600000,12,2020000,0,BACHILLER,union libre,4,No,En estudio
SOL-02185,23/02/2025,CARTAGENA,Vehiculo,45900000,48,$3.200.000,3,Tecnico,DIVORCIADO,0,Sí,Aprobado
SOL-00724,01/04/2024,Medellin,Vehiculo,59800000,60,8200000,0,Profesional,Union libre,0,Si,Rechazado
SOL-00970,11/02/2024,Barranquilla,Educacion,6400000,24,1870000,13,PROFESIONAL,Soltero,0,Si,Aprobado
SOL-00497,2025-04-02,Barranquilla,Vehiculo,25600000,60,3250000,5,Tecnico,Soltero,0,NO,Rechazado
SOL-00951,24/02/2025,Bucaramanga,Libre inversion,22900000,48,2870000,4,profesional,Soltero,2,No,Rechazado
SOL-00806,04/08/2024,Bogotá D.C.,Educacion,3800000,12,3930000,4,Bachiller,Casado,0,Si,Aprobado
SOL-01830,2024-08-29,BOGOTA,Vehiculo,20900000,36,2250000,2,posgrado,Soltero,0,NO,Aprobado
SOL-02178,2024-03-30,Bogota,Libre inversion,18300000,12,2980000,,Profesional,Divorciado,2,Si,Aprobado
SOL-01740,31/10/2024,CALI,Educacion,7800000,24,7100000,2,Tecnico,Soltero,0,No,Aprobado
SOL-00338,2024-03-06,Medellín,Libre inversion,17200000,12,1810000,2,Tecnico,SOLTERO,4,Si,En estudio
SOL-00731,08/11/2024,CALI,Vehiculo,44000000,36,5.510.000,2,PROFESIONAL,casado,0,Si,Aprobado
SOL-00609,2024-09-26,cartagena,Vehiculo,24800000,36,2650000,2,Posgrado,Casado,0,No,Aprobado
SOL-01149,30/11/2024,Cali,Libre inversion,11000000,36,1800000,8,POSGRADO,UNION LIBRE,0,No,rechazado
SOL-02244,2024-01-31,Bogotá D.C.,Libre inversion,15000000,12,4610000,N/A,Posgrado,Union libre,0,SI,rechazado
SOL-01714,2025-04-27,BOGOTA,Educacion,8700000,12,4290000,2,profesional,Union libre,1,SI,Aprobado
SOL-02411,12/01/2024,bogota,Vivienda,176800000,240,3220000,2,Tecnico,Soltero,1,SI,rechazado
SOL-00910,2024-06-30,Medellin,Vivienda,174600000,60,4950000,N/A,Tecnico,Union libre,1,NO,Aprobado
SOL-02633,19/08/2024,Bucaramanga,Vehiculo,58200000,24,5920000,0,Profesional,Soltero,0,Si,Rechazado
SOL-02152,2024-02-28,barranquilla,Vehiculo,42100000,60,2170000,1,Bachiller,Divorciado,4,si,aprobado
SOL-02011,2024-02-13,Cali,Vivienda,191800000,180,$ 6220000,2,POSGRADO,Casado,0,NO,APROBADO
SOL-02492,2025-05-05,Bogota,Educacion,8500000,36,4740000,3,Tecnico,Unión libre,3,No,Aprobado
SOL-01811,2024-02-21,Bogota,Vivienda,91700000,240,$1.800.000,4,Tecnico,Casado,2,No,aprobado
SOL-01995,2024-11-25,Cali,Libre inversion,17100000,48,3610000,3,bachiller,Casado,4,Si,Aprobado
SOL-00720,2024-10-09,BOGOTA,Vehiculo,45600000,24,$ 1800000,5,PROFESIONAL,Soltero,1,No,Aprobado
SOL-01570,2024-06-06,Medellin,Vivienda,245700000,120,$ 2850000,6,bachiller,Casado,1,0,Rechazado
SOL-02276,2025-01-11,Barranquilla,Educacion,11400000,24,2870000,4,Bach.,DIVORCIADO,2,No,APROBADO
SOL-00435,2024-08-04,Medellin,Libre inversion,8400000,24,5010000,1,Técnico,casado,1,Si,Aprobado
SOL-01300,2024-03-11,bucaramanga,Educacion,16300000,36,3080000,2,Profesional,Soltero,2,No,Aprobado
SOL-02175,2024-10-05,Cartagena,Vivienda,229100000,60,1800000,10,Bachiller,DIVORCIADO,4,Si,Rechazado
SOL-00406,22/04/2024,Barranquilla,Vivienda,137100000,120,3100000,5,Postgrado,Union libre,2,No,Aprobado
SOL-00822,2024-04-27,Bogota,Vivienda,219800000,120,8630000,1,Profesional,Soltero,1,Si,aprobado
SOL-01790,2025-02-12,Bogotá D.C.,Libre inversion,18800000,36,2600000,1,,casado,1,0,Aprobado
SOL-02942,2024-11-18,Bogota,Libre inversion,8000000,12,5430000,4,Postgrado,Union libre,1,Si,Aprobado
SOL-02352,2024-04-25,Bogota,Vivienda,231300000,240,3050000,1,Bach.,Soltero,4,Si,Aprobado
SOL-02316,2024-11-18,Cartagena,Libre inversion,24300000,36,2700000,1,Bach.,Unión libre,2,No,Rechazado
SOL-01859,2024-02-25,Bogota,Libre inversion,23100000,36,2940000,3,Técnico,Union libre,0,No,Aprobado
SOL-01558,2025-02-23,BARRANQUILLA,Libre inversion,24500000,48,1800000,0,Tec.,Soltero,1,No,Aprobado
SOL-00546,30/06/2025,cali,Educacion,12900000,24,3760000,3,Posgrado,Casado,2,SI,Aprobado
SOL-00213,2024-06-04,cali,Libre inversion,24400000,24,2380000,1,Tecnico,soltero,0,No,Rechazado
SOL-00897,2025-06-27,Bogota,Vivienda,179200000,180,6640000,3,Tecnico,Unión libre,0,SI,Rechazado
SOL-01942,2024-06-28,Medellin,Vivienda,131000000,60,3240000,0,Bach.,Casado,2,No,Rechazado
SOL-01892,26/04/2024,Bogota,Vivienda,211900000,240,4630000,7,Tecnico,Soltero,0,No,Aprobado
SOL-00917,20/11/2024,MEDELLIN,Libre inversion,17900000,24,4910000,2,profesional,Union libre,1,no,En estudio
SOL-02724,2024-11-13,Medellin,Libre inversion,20900000,12,5780000,6,TECNICO,Union libre,3,si,aprobado
SOL-01290,2024-05-02,MEDELLIN,Vivienda,127000000,240,3320000,1,Tecnico,Casado,N/A,SI,Rechazado
SOL-00815,2025-01-04,Pereira,Vehiculo,36300000,24,4340000,2,PROFESIONAL,Union libre,2,Si,Rechazado
SOL-01266,2025-04-25,Pereira,Libre inversion,21400000,36,1800000,6,Bachiller,soltero,1,Sí,Aprobado
SOL-00343,06/04/2024,Cali,Educacion,12800000,36,2630000,0,Bachiller,Unión libre,4,no,Aprobado
SOL-02598,2024-12-29,Barranquilla,Vehiculo,48000000,24,7890000,4,Posgrado,Casado,2,No,aprobado
SOL-01411,2024-04-08,bogota,Libre inversion,17800000,24,3400000,3,Bachiller,Casado,0,No,aprobado
SOL-01215,2024-01-12,Bucaramanga,Vivienda,84500000,240,2430000,0,Posgrado,Unión libre,0,no,En estudio
SOL-00967,23/06/2025,Medellin,Libre inversion,13300000,48,$ 8580000,4,Prof.,Casado,2,0,Aprobado
SOL-01231,2024-11-14,Bogota,Vehiculo,59900000,24,$1.890.000,8,Profesional,Casado,2,Si,Aprobado
SOL-02344,13/12/2024,Medellin,Educacion,14300000,12,4.020.000,6,Profesional,Casado,3,no,Rechazado
SOL-00696,20/04/2024,BUCARAMANGA,Vivienda,134300000,180,2950000,5,Profesional,Casado,1,Si,EN ESTUDIO
SOL-02122,2025-04-01,bucaramanga,Libre inversion,11100000,12,4390000,15,Profesional,Union libre,0,no,Rechazado
SOL-00606,06/01/2024,Cali,Educacion,12100000,36,3860000,6,Profesional,Casado,1,Si,En estudio
SOL-00105,2024-07-15,Bogota,Educacion,8400000,24,4800000,0,Postgrado,Casado,2,no,Aprobado
SOL-00646,2024-07-28,cartagena,Vivienda,124700000,240,2290000,9,Profesional,Soltero,1,No,aprobado
SOL-01405,2025-05-15,cartagena,Vivienda,117800000,180,$2.480.000,6,Posgrado,Casado,3,No,En estudio
SOL-00495,2024-06-21,Medellin,Vehiculo,27600000,24,2920000,24,BACHILLER,Casado,2,No,Aprobado
SOL-02488,2024-09-22,Bucaramanga,Educacion,9600000,12,7020000,5,PROFESIONAL,UNION LIBRE,4,si,En estudio
SOL-01020,12/03/2025,Barranquilla,Educacion,11900000,24,1800000,2,bachiller,soltero,1,no,aprobado
SOL-00092,2024-09-26,Medellín,Vivienda,230600000,120,1800000,1,posgrado,Union libre,1,Si,Rechazado
SOL-01113,2024-06-03,Pereira,Vehiculo,55300000,60,5130000,15,Bachiller,Casado,1,Si,En estudio
SOL-00909,2024-06-28,Pereira,Educacion,17400000,36,2290000,7,bachiller,Divorciado,2,NO,rechazado
SOL-01475,2025-06-06,Cali,Vehiculo,26300000,60,1940000,0,Bachiller,SOLTERO,1,Si,Rechazado
SOL-01742,2025-03-03,Bogota,Vehiculo,59300000,48,3510000,1,Profesional,union libre,1,No,aprobado
SOL-02151,2025-03-17,Medellin,Libre inversion,9000000,36,3230000,9,Tecnico,Casado,0,SI,Rechazado
SOL-00239,2025-05-28,Bogota,Libre inversion,15300000,12,,4,Posgrado,Casado,0,No,Rechazado
SOL-00943,2024-08-20,Bucaramanga,Vehiculo,48500000,48,4110000,2,Técnico,soltero,2,No,Aprobado
SOL-01271,13/08/2024,PEREIRA,Libre inversion,12900000,36,2880000,2,Bachiller,Divorciado,1,Si,Aprobado
SOL-00939,2024-03-26,Bogotá D.C.,Libre inversion,8400000,48,,2,Bachiller,soltero,1,No,En estudio
SOL-01425,25/02/2024,Bogota,Libre inversion,14600000,12,4580000,2,Técnico,CASADO,2,No,Rechazado
SOL-01863,2024-12-31,Bucaramanga,Libre inversion,12700000,12,4320000,16,BACHILLER,Union libre,0,Si,rechazado
SOL-01670,31/01/2024,BARRANQUILLA,Libre inversion,9200000,48,1800000,1,Profesional,Soltero,2,SI,Aprobado
SOL-00006,2024-09-12,Bogota,Libre inversion,17600000,36,1820000,1,profesional,Union libre,3,SI,Rechazado
SOL-00248,2024-06-23,barranquilla,Libre inversion,18700000,48,$ 3270000,0,TECNICO,CASADO,4,Si,Aprobado
SOL-00019,2024-02-23,Bogota,Educacion,6700000,24,4400000,7,Tecnico,Soltero,0,Si,Aprobado
SOL-02170,2024-02-02,MEDELLIN,Vehiculo,40300000,60,1800000,3,Profesional,Casado,3,1,Aprobado
SOL-01971,2025-05-13,CARTAGENA,Educacion,16000000,36,$2.130.000,,Bachiller,Casado,0,Si,Rechazado
SOL-02710,19/05/2024,cartagena,Educacion,7700000,12,3290000,6,Tecnico,Union libre,0,Si,Aprobado
SOL-02233,2024-01-07,Cali,Educacion,11300000,24,1800000,1,Profesional,Union libre,2,No,aprobado
SOL-02323,2025-01-07,cali,Vivienda,234100000,60,2730000,4,Tecnico,Soltero,1,0,Rechazado
SOL-02482,2025-02-25,Barranquilla,Vehiculo,32800000,24,2180000,5,Profesional,Divorciado,1,Si,Aprobado
SOL-00812,2024-12-28,Cali,Vehiculo,52400000,24,2690000,4,Profesional,casado,0,No,APROBADO
SOL-01301,12/02/2024,Barranquilla,Vivienda,160000000,120,$4.850.000,4,Tec.,Soltero,4,No,Aprobado
SOL-01336,2025-05-22,Medellin,Libre inversion,8100000,12,$ 8250000,2,PROFESIONAL,Casado,0,Si,Aprobado
SOL-02928,2024-08-02,Bucaramanga,Libre inversion,22500000,36,2660000,4,Profesional,Soltero,2,Si,En estudio
SOL-00261,2024-04-13,Bogotá D.C.,Libre inversion,8100000,48,5.840.000,3,Postgrado,Union libre,0,Si,Rechazado
SOL-01805,26/06/2025,Cali,Vehiculo,46000000,60,4340000,,POSGRADO,Union libre,1,Si,En estudio
SOL-01571,2024-09-22,Bogota,Vivienda,162200000,180,6770000,2,Profesional,Casado,N/A,Si,Aprobado
SOL-02230,01/02/2025,Bogota,Vehiculo,59600000,24,$ 7630000,0,Profesional,Soltero,2,1,RECHAZADO
SOL-00185,2024-05-19,Bogotá D.C.,Libre inversion,24900000,24,3950000,4,Posgrado,Union libre,1,si,en estudio
SOL-02455,2024-03-23,Barranquilla,Libre inversion,23800000,24,2280000,13,PROFESIONAL,Casado,2,No,Aprobado
SOL-01744,2024-12-03,BOGOTA,Libre inversion,24800000,48,$ 3280000,0,Bachiller,soltero,2,Si,RECHAZADO
SOL-01631,2024-08-04,Barranquilla,Libre inversion,23000000,36,1.800.000,35,BACHILLER,Union libre,0,No,En estudio
SOL-01717,2024-08-16,Bogota,Libre inversion,17400000,48,4770000,N/A,Bachiller,Union libre,0,no,Aprobado
SOL-00521,2024-02-04,Cartagena,Vehiculo,31900000,48,4440000,1,Profesional,Divorciado,3,No,Rechazado
SOL-02429,2024-05-21,Medellin,Vehiculo,37600000,60,7310000,3,Profesional,Casado,4,No,Aprobado
SOL-02017,2024-01-03,Bucaramanga,Educacion,7600000,24,1800000,1,Profesional,Unión libre,0,Si,Aprobado
SOL-01659,2025-01-08,Medellin,Educacion,9700000,12,3330000,5,Bachiller,Divorciado,3,No,Aprobado
SOL-01613,15/03/2025,Pereira,Vivienda,161300000,60,2080000,9,BACHILLER,Union libre,0,No,aprobado
SOL-02476,2024-04-14,Medellín,Vehiculo,35000000,24,1800000,4,Posgrado,Soltero,3,Si,Aprobado
SOL-02127,07/01/2025,Bogota,Libre inversion,10000000,24,5260000,17,Profesional,casado,2,No,Aprobado
SOL-00320,2025-02-18,Medellin,Libre inversion,9200000,24,1990000,0,Tecnico,Divorciado,0,no,aprobado
SOL-00608,18/10/2024,Medellin,Educacion,15600000,36,1800000,0,Tecnico,Casado,4,no,Aprobado
SOL-00231,01/07/2024,bogota,Vehiculo,48500000,36,6.440.000,2,Profesional,casado,2,0,Rechazado
SOL-00332,2024-01-24,Barranquilla,Vehiculo,45100000,48,6050000,1,Postgrado,UNION LIBRE,1,Si,aprobado
SOL-01441,04/02/2025,Cali,Vivienda,131700000,240,4630000,16,Tec.,Casado,0,Sí,Aprobado
SOL-01928,27/01/2024,Barranquilla,Libre inversion,12100000,12,2220000,7,Bachiller,Union libre,1,no,EN ESTUDIO
SOL-01092,23/10/2024,Bogotá D.C.,Vivienda,90500000,180,1800000,0,Bachiller,Union libre,0,Si,Aprobado
SOL-01102,27/04/2025,Barranquilla,Libre inversion,9400000,12,1870000,3,posgrado,Casado,0,Si,Aprobado
SOL-01130,2024-08-17,medellin,Educacion,7600000,24,1800000,10,Profesional,Soltero,2,No,Aprobado
SOL-00462,09/01/2024,Barranquilla,Educacion,13300000,36,1800000,1,Profesional,casado,1,No,Aprobado
SOL-00959,29/09/2024,MEDELLIN,Educacion,16100000,12,3240000,1,POSGRADO,Divorciado,1,No,Aprobado
SOL-01663,2024-06-29,cali,Libre inversion,17600000,36,6730000,5,POSGRADO,Divorciado,4,Si,Aprobado
SOL-00560,2024-08-12,Pereira,Libre inversion,21000000,12,3770000,5,Tecnico,Divorciado,3,NO,Aprobado
SOL-02739,2024-02-13,Medellin,Vehiculo,38500000,48,5600000, ,Bachiller,CASADO,0,No,Aprobado
SOL-02837,2025-05-09,Bogota,Libre inversion,22000000,12,9080000,10,Profesional,Divorciado,1,no,EN ESTUDIO
SOL-01520,2025-02-16,Cali,Vivienda,105800000,240,1900000,2,Profesional,Union libre,2,No,Aprobado
SOL-02141,2025-05-17,Bogota,Libre inversion,21700000,48,$ 3340000,3,Postgrado,Union libre,1,Si,Aprobado
SOL-02927,2025-02-01,Medellín,Libre inversion,24300000,36,15720000,0,tecnico,Divorciado,0,no,Rechazado
SOL-02033,2024-08-04,Barranquilla,Libre inversion,15800000,24,2140000,1,posgrado,Divorciado,2,SI,En estudio
SOL-02485,12/05/2025,Medellín,Educacion,10600000,12,3840000,9,Técnico,Soltero,2,Si,Aprobado
SOL-02539,2024-07-03,Cali,Educacion,16900000,36,1800000,1,Técnico,SOLTERO,1,NO,Aprobado
SOL-01419,30/08/2024,Medellin,Libre inversion,20500000,36,4860000,,Tecnico,Union libre,2,no,Rechazado
SOL-02098,2025-05-20,Pereira,Vivienda,243900000,240,3430000,0,Tecnico,Soltero,3,No,aprobado
SOL-02868,19/03/2024,Bucaramanga,Educacion,13000000,12,7710000,7,Posgrado,Soltero,0,NO,En estudio
SOL-00070,2024-07-07,Bogota,Libre inversion,14500000,24,6750000,7,Profesional,Soltero,1,no,En estudio
SOL-01573,2024-04-13,BOGOTA,Libre inversion,9400000,12,3640000,1,Tec.,Union libre,2,NO,APROBADO
SOL-00809,2024-10-27,Bogota,Vehiculo,52600000,60,4360000,3,Profesional,Soltero,0,0,Aprobado
SOL-00012,2025-03-08,PEREIRA,Libre inversion,14400000,24,3860000,3,PROFESIONAL,SOLTERO,3,No,En estudio
SOL-02026,2024-07-26,Barranquilla,Vehiculo,57500000,60,2440000,0,Tecnico,CASADO,1,SI,En estudio
SOL-02193,06/08/2024,Bogota,Vivienda,213900000,120,3640000,1,profesional,Union libre,2,No,En estudio
SOL-00918,2024-05-01,Medellin,Educacion,11500000,12,1800000,1,tecnico,Soltero,2,No,Aprobado
SOL-01452,16/03/2025,Bogota,Libre inversion,23000000,12,3380000,1,BACHILLER,Soltero,2,Si,Aprobado
SOL-02688,02/09/2024,Barranquilla,Libre inversion,22700000,36,4600000,12,PROFESIONAL,Casado,0,NO,RECHAZADO
SOL-00177,2024-09-11,BOGOTA,Libre inversion,18500000,48,7740000,7,Prof.,Union libre,1,No,RECHAZADO
SOL-00995,2024-04-19,Medellin,Libre inversion,21500000,48,$5.280.000,5,Tecnico,Union libre,,NO,Aprobado
SOL-02489,10/07/2024,Cali,Libre inversion,18700000,12,5560000,0,Bachiller,Casado,0,No,EN ESTUDIO
SOL-02570,02/03/2025,Medellin,Educacion,6600000,12,1800000,2,Bachiller,Casado,1,Si,Aprobado
SOL-01256,2025-02-22,bogota,Vehiculo,38500000,36,4020000,2,Tec.,Soltero,N/A,Si,aprobado
SOL-01665,2025-06-25,Bogotá,Vivienda,212700000,240,$ 2630000,6,profesional,Soltero,2,No,Aprobado
SOL-02192,21/06/2024,bogota,Educacion,14000000,12,4330000,5,tecnico,Soltero,0,0,En estudio
SOL-02802,02/01/2025,Bogota,Educacion,3500000,24,$ 4640000,0,Profesional,Casado,2,Si,Aprobado
SOL-02568,2024-07-26,Barranquilla,Vehiculo,40800000,48,1800000,1,Profesional,Unión libre,0,0,EN ESTUDIO
SOL-01123,22/11/2024,MEDELLIN,Libre inversion,16000000,12,4320000,2,Bachiller,Union libre,4,Si,EN ESTUDIO
SOL-01791,07/04/2024,Bogota,Vivienda,162200000,120,2110000,1,Posgrado,Soltero,0,SI,Rechazado
SOL-02477,16/03/2025,Bogotá D.C.,Educacion,5900000,36,7510000,4,Bachiller,Casado,0,Si,EN ESTUDIO
SOL-02661,2024-01-08,Cali,Vehiculo,24100000,36,11100000,0,Profesional,Casado,0,No,Rechazado
SOL-00157,2024-05-27,Bogotá D.C.,Libre inversion,16100000,36,9810000,3,Profesional,Union libre,2,No,Aprobado
SOL-02588,2024-04-27,Medellin,Libre inversion,20600000,36,2860000,5,Tecnico,Soltero,0,SI,Aprobado
SOL-01461,2025-02-07,Cartagena,Libre inversion,13200000,48,3990000,4,Prof.,soltero,0,No,Rechazado
SOL-02047,2024-09-17,Cali,Libre inversion,23200000,12,7910000,7,Bachiller,soltero,1,No,Aprobado
SOL-01851,14/03/2024,Bucaramanga,Educacion,7500000,24,1840000,2,Tecnico,casado,0,0,Aprobado
SOL-02510,2024-03-11,Bogotá,Vehiculo,58300000,48,3490000,0,Bachiller,Soltero,0,No,En estudio
SOL-02625,2024-04-06,BOGOTA,Libre inversion,12600000,48,1800000,10,Profesional,Soltero,0,Si,rechazado
SOL-02304,2025-01-05,Cali,Vivienda,130300000,180,5170000, ,profesional,Union libre,2,no,Rechazado
SOL-02006,2025-01-19,BOGOTA,Vivienda,246000000,60,3620000,1,Bachiller,Soltero,0,Si,Aprobado
SOL-01186,2025-06-20,Bucaramanga,Educacion,16900000,12,1830000,1,Bach.,Soltero,3,No,Aprobado
SOL-01007,03/06/2025,BARRANQUILLA,Libre inversion,17000000,36,9400000,3,Profesional,Soltero,2,NO,en estudio
SOL-00561,2024-08-19,barranquilla,Vivienda,119800000,180,3910000, ,profesional,Casado,4,No,Aprobado
SOL-02257,2024-12-09,CALI,Vivienda,196800000,120,1.980.000,2,Posgrado,Divorciado,3,Si,En estudio
SOL-00911,27/09/2024,Medellin,Educacion,9700000,24,3420000,6,Tecnico,soltero,1,Si,Aprobado
SOL-01312,04/05/2024,CARTAGENA,Vehiculo,41800000,36,5590000,3,Bachiller,union libre,0,Sí,Aprobado
SOL-02050,2024-05-14,Bogotá,Vivienda,80500000,240,3470000,5,Bachiller,Soltero,2,no,Rechazado
SOL-00270,28/04/2024,Pereira,Vivienda,139600000,180,3860000,0,tecnico,Casado,1,No,Rechazado
SOL-01994,2025-03-23,Bogota,Libre inversion,14000000,12,2100000,2,Bachiller,union libre,0,Si,rechazado
SOL-00266,2025-02-11,BUCARAMANGA,Libre inversion,16200000,12,5430000,3,Bachiller,Casado,0,No,RECHAZADO
SOL-00915,2025-06-27,Cartagena,Vehiculo,50900000,36,2700000,6,Bach.,Divorciado,0,No,En estudio
SOL-02279,25/02/2024,Medellin,Vivienda,97000000,240,1800000,0,Tecnico,casado,1,Si,Aprobado
SOL-02232,2024-07-06,Bucaramanga,Vehiculo,54500000,60,$ 2490000,N/A,PROFESIONAL,Unión libre,0,no,En estudio
SOL-00334,12/06/2025,Bogota,Vehiculo,38900000,36,3660000,6,Tecnico,casado,0,No,Rechazado
SOL-00874,05/03/2025,cartagena,Vivienda,242900000,60,5000000,10,Bachiller,CASADO,0,No,Aprobado
SOL-02094,2024-11-03,Bogota,Vehiculo,42100000,48,4.990.000,1,Bachiller,union libre,2,No,Aprobado
SOL-02447,2024-11-29,cali,Educacion,5200000,24,5070000,4,Profesional,Casado,0,No,En estudio
SOL-00476,06/01/2025,cartagena,Educacion,3800000,24,3120000,3,BACHILLER,Casado,1,0,APROBADO
SOL-01653,2024-10-09,Barranquilla,Educacion,6000000,12,2210000,4,Profesional,Casado,3,Si,Rechazado
SOL-01961,04/02/2025,Bogota,Libre inversion,21600000,24,2360000,1,Bachiller,Soltero,3,0,Aprobado
SOL-00046,2024-12-28,Cali,Libre inversion,20100000,24,1800000,2,Tecnico,Casado,1,0,APROBADO
SOL-00162,03/06/2024,Cartagena,Libre inversion,24900000,24,6470000,1,Bach.,DIVORCIADO,1,1,Rechazado
SOL-02776,07/01/2025,Barranquilla,Libre inversion,19500000,12,2440000,5,Tecnico,Casado,0,No,Aprobado
SOL-02678,08/01/2024,Bogota,Libre inversion,11700000,24,2.430.000,1,Bachiller,Casado,3,Si,Aprobado
SOL-00289,22/07/2024,Medellin,Libre inversion,11400000,24,2460000,1,Posgrado,Soltero,3,NO,Rechazado
SOL-01513,2025-03-08,Bogotá,Vehiculo,22500000,24,4510000,0,Tecnico,Divorciado,0,no,Aprobado
SOL-01949,2024-04-15,Bogota,Vehiculo,58900000,60,4250000,0,Bachiller,Soltero,1,SI,APROBADO
SOL-00576,2025-06-22,Cali,Libre inversion,21800000,36,2700000,0,Bachiller,soltero,1,No,Aprobado
SOL-00851,17/05/2025,Bogota,Vehiculo,54100000,36,$ 2410000,16,Prof.,Union libre,0,Si,En estudio
SOL-00912,2024-03-11,barranquilla,Educacion,11600000,24,$4.030.000,13,PROFESIONAL,Soltero,0,Si,en estudio
SOL-01255,2025-01-01,Medellin,Libre inversion,13900000,48,4290000,3,Bachiller,Soltero,0,No,RECHAZADO
SOL-01834,2024-03-26,Bogotá D.C.,Educacion,11100000,12,1.810.000,3,Profesional,Soltero,2,Si,APROBADO
SOL-01723,2025-06-02,Bogota,Libre inversion,15900000,36,1830000,0,Técnico,Casado,0,0,Rechazado
SOL-02134,2024-07-13,CARTAGENA,Libre inversion,22000000,12,3140000,4,Bachiller,Soltero,2,no,APROBADO
SOL-01736,22/03/2024,Cartagena,Vivienda,236600000,120,2480000,9,Profesional,Soltero,0,No,Rechazado
SOL-00933,2024-07-02,Bogota,Educacion,16200000,12,2740000,6,Postgrado,casado,0,No,aprobado
SOL-01101,2024-01-21,Medellín,Libre inversion,11700000,48,3100000, ,Tecnico,Soltero,0,No,Aprobado
SOL-01208,2024-08-10,Medellin,Vivienda,163600000,180,2980000,10,Tec.,Union libre,3,Si,Rechazado
SOL-02296,2024-08-05,Barranquilla,Libre inversion,13100000,12,2360000,12,Prof.,Soltero,3,Sí,APROBADO
SOL-01844,2024-09-23,Medellin,Vivienda,82200000,60,1860000,0,Postgrado,Union libre,2,Si,Aprobado
SOL-01849,29/01/2024,cartagena,Vehiculo,25900000,24,$4.190.000,2,Bachiller,Casado,1,Si,En estudio
SOL-02525,18/08/2024,Pereira,Vehiculo,58900000,48,4710000,2,Tecnico,Soltero,1,No,Aprobado
SOL-01695,2024-08-25,pereira,Vivienda,159200000,60,3450000,2,PROFESIONAL,Divorciado,2,0,Rechazado
SOL-00086,2024-05-23,BOGOTA,Libre inversion,21400000,12,1800000,6,Bachiller,Union libre,0,Sí,Aprobado
SOL-00470,2024-09-23,Barranquilla,Libre inversion,10900000,24,3340000,7,profesional,Casado,0,No,Aprobado
SOL-02274,2024-11-16,PEREIRA,Vehiculo,28500000,48,1800000,2,Tecnico,soltero,2,No,Aprobado
SOL-02823,2024-03-26,bucaramanga,Vivienda,130800000,120,2480000,2,Tecnico,Unión libre,1,Si,Aprobado
SOL-02380,2024-03-24,Cali,Vivienda,133000000,120,2380000,0,Posgrado,Casado,2,no,Rechazado
SOL-00234,15/02/2024,Barranquilla,Libre inversion,11100000,12,3960000,1,Postgrado,Union libre,0,No,EN ESTUDIO
SOL-02637,2024-10-17,BUCARAMANGA,Libre inversion,11700000,48,9110000,5,BACHILLER,casado,0,NO,RECHAZADO
SOL-02524,2025-01-09,Cartagena,Vehiculo,20400000,24,3.300.000,2,Prof.,Soltero,1,No,Aprobado
SOL-02987,01/06/2025,Bogota,Vivienda,206100000,180,1900000,0,Profesional,Soltero,2,Si,Aprobado
SOL-02648,2025-02-01,bogota,Libre inversion,13000000,24,3290000,N/A,Técnico,DIVORCIADO,0,NO,Rechazado
SOL-02470,2024-08-02,Barranquilla,Libre inversion,24300000,24,2680000,5,posgrado,Divorciado,0,Si,Rechazado
SOL-01712,2024-11-10,Pereira,Libre inversion,21000000,48,2040000,4,Profesional,Union libre,3,0,Rechazado
SOL-00183,2024-04-04,PEREIRA,Libre inversion,16600000,36,5470000,6,Profesional,Divorciado,0,No,Aprobado
SOL-00989,22/06/2025,Bogotá D.C.,Vivienda,232500000,180,4240000,9,Profesional,casado,2,No,Aprobado
SOL-01001,2024-09-05,medellin,Vehiculo,31300000,60,1800000,10,TECNICO,Divorciado,2,Si,APROBADO
SOL-01642,2024-05-09,MEDELLIN,Vivienda,109300000,120,1800000,2,Prof.,casado,3,Si,Aprobado
SOL-01357,2025-01-25,Bogota,Libre inversion,15100000,48,2670000,9,PROFESIONAL,Soltero,2,No,Aprobado
SOL-01463,08/02/2024,Bogota,Libre inversion,20800000,48,4550000,2,Bachiller,Divorciado,0,1,Rechazado
SOL-00050,01/09/2024,Bogota,Vivienda,155500000,60,4080000,7,Posgrado,SOLTERO,1,No,Aprobado
SOL-02933,2024-07-01,Pereira,Educacion,8600000,36,2300000,14,Profesional,soltero,3,NO,Aprobado
SOL-02578,20/01/2025,Cartagena,Libre inversion,12800000,48,6940000,16,tecnico,Soltero,2,Si,Aprobado
SOL-01259,08/03/2025,BOGOTA,Vehiculo,59100000,48,2770000,2,profesional,Divorciado,0,No,Aprobado
SOL-00487,2024-05-31,Pereira,Libre inversion,9000000,12,6.050.000,14,Profesional,Soltero,3,Si,Rechazado
SOL-02215,2024-05-20,Cali,Educacion,3600000,36,4950000,0,Prof.,Union libre,0,No,Aprobado
SOL-02546,14/03/2024,Medellin,Libre inversion,10700000,24,1800000,2,Tecnico,Soltero,1,No,Aprobado
SOL-01909,2025-01-11,cali,Vehiculo,59900000,60,2640000,3,Posgrado,Union libre,0,Sí,Aprobado
SOL-00107,2025-02-10,Medellin,Vehiculo,38200000,36,$ 4240000,1,TECNICO,Divorciado,0,No,Aprobado
SOL-00444,26/09/2024,Bucaramanga,Libre inversion,16400000,12,2760000,1,PROFESIONAL,Casado,0,Si,Aprobado
SOL-01955,2025-02-09,Pereira,Educacion,3200000,24,$3.280.000,6,Profesional,Casado,0,Si,Aprobado
SOL-00647,2025-06-08,Bogotá,Libre inversion,17200000,24,3610000,0,Profesional,Soltero,2,no,Aprobado
SOL-01763,2024-03-27,Bogotá D.C.,Vivienda,131500000,60,5820000,0,Bachiller,Soltero,1,No,EN ESTUDIO
SOL-00727,02/04/2025,Cartagena,Educacion,16100000,36,3170000,0,Posgrado,Union libre,2,No,Aprobado
SOL-02239,09/05/2025,MEDELLIN,Educacion,16200000,36,,5,Profesional,casado,1,No,En estudio
SOL-01857,2025-05-23,Cartagena,Vivienda,171700000,60,2660000,6,Bachiller,Union libre,0,SI,Aprobado
SOL-02331,2025-01-07,BARRANQUILLA,Vehiculo,59000000,36,5730000,3,Bachiller,Union libre,0,0,Aprobado
SOL-00030,2024-10-08,Cartagena,Educacion,10200000,36,1800000,13,Profesional,Unión libre,2,Sí,Aprobado
SOL-00170,2024-01-08,Medellin,Libre inversion,9200000,36,3900000,7,Tecnico,Casado,2,No,APROBADO
SOL-01002,2025-04-21,Bogota,Vivienda,178200000,60,4750000,,tecnico,Union libre,2,NO,Rechazado
SOL-02149,2025-03-24,PEREIRA,Libre inversion,11000000,12,2350000,7,Bachiller,Divorciado,1,0,Aprobado
SOL-00198,2024-05-07,Cali,Vivienda,153200000,120,2030000,1,PROFESIONAL,Casado,4,0,APROBADO
SOL-00496,2024-02-11,BARRANQUILLA,Libre inversion,9200000,36,2760000,1,Tecnico,Casado,1,no,aprobado
SOL-02027,23/02/2025,medellin,Educacion,10500000,36,2350000,9,Bachiller,Soltero,0,1,Rechazado
SOL-00648,21/01/2025,pereira,Vivienda,191000000,180,5000000,6,Tecnico,Union libre,0,No,En estudio
SOL-00045,2024-05-28,Bogotá D.C.,Libre inversion,13200000,36,2960000,2,Tecnico,Soltero,1,No,Aprobado
SOL-02759,2024-09-03,BUCARAMANGA,Educacion,16900000,24,7040000,2,PROFESIONAL,Casado,2,Si,Aprobado
SOL-00374,2025-02-08,BUCARAMANGA,Vehiculo,44500000,48,$ 1800000,10,Profesional,soltero,2,No,Aprobado
SOL-00679,2025-05-29,Medellín,Libre inversion,8800000,48,2210000,3,BACHILLER,Union libre,2,Si,Aprobado
SOL-00567,2025-01-17,Pereira,Educacion,17400000,12,1890000,2,Profesional,Union libre,0,NO,Aprobado
SOL-02896,01/11/2024,cali,Libre inversion,20100000,48,$ 4720000,N/A,bachiller,Casado,4,No,APROBADO
SOL-00461,2024-12-18,Pereira,Vehiculo,20900000,36,4040000,12,tecnico,Casado,4,Si,Aprobado
SOL-01933,2025-03-02,Medellin,Libre inversion,8800000,48,1800000,3,BACHILLER,Soltero,1,Si,Aprobado
SOL-01156,2024-02-02,CALI,Educacion,4200000,36,4370000,5,Tecnico,Divorciado,2,No,Aprobado
SOL-00040,03/05/2024,Bogota,Educacion,17800000,36,1800000,2,Bachiller,Casado,3,No,Rechazado
SOL-02483,23/03/2024,medellin,Educacion,17100000,36,4690000,3,Bachiller,Casado,1,No,en estudio
SOL-00974,2024-01-08,Cartagena,Libre inversion,21200000,48,1800000,1,Profesional,union libre,3,0,En estudio
SOL-01787,2024-09-01,Barranquilla,Vehiculo,28500000,48,6660000,0,Bachiller,Casado,0,No,Aprobado
SOL-01499,2024-08-16,Cali,Libre inversion,11400000,12,10090000,14,Posgrado,Union libre,0,Si,Aprobado
SOL-02505,2024-05-14,bucaramanga,Libre inversion,9800000,24,2090000,7,Bach.,Casado,3,No,aprobado
SOL-01836,2025-04-14,Barranquilla,Educacion,8700000,12,3980000,2,Bachiller,Soltero,2,NO,aprobado
SOL-02309,2025-03-16,Medellin,Libre inversion,24700000,48,1900000,7,Tecnico,Soltero,1,No,Aprobado
SOL-01841,14/02/2024,BOGOTA,Vehiculo,58000000,60,3710000,8,bachiller,casado,0,No,Aprobado
SOL-02084,2024-11-08,BARRANQUILLA,Vehiculo,56800000,24,5890000,3,Tecnico,Soltero,4,Si,En estudio
SOL-00828,2025-01-12,Pereira,Vehiculo,27200000,24,3160000,4,Tecnico,Casado,1,No,Aprobado
SOL-01936,2024-03-27,Bogota,Libre inversion,18400000,48,2580000,3,Bachiller,casado,2,Si,Aprobado
SOL-02045,2024-03-05,cartagena,Vehiculo,50100000,48,3260000,5,Bachiller,Casado,3,Sí,Rechazado
SOL-00310,31/12/2024,Bogota,Libre inversion,13800000,48,$ 2410000,7,Bach.,Union libre,1,No,APROBADO
SOL-00277,15/05/2025,cali,Vehiculo,24800000,36,3.160.000,8,Tecnico,UNION LIBRE,2,No,Aprobado
SOL-00637,26/10/2024,Cali,Libre inversion,13500000,36,8330000,27,TECNICO,Union libre,0,No,Aprobado
SOL-00655,2025-01-30,Cali,Libre inversion,16100000,36,5120000,14,Bachiller,Casado,0,si,Aprobado
SOL-00623,16/04/2025,BUCARAMANGA,Libre inversion,9500000,12,5.750.000,9,Posgrado,Soltero,0,no,En estudio
SOL-01860,2024-08-29,cali,Libre inversion,14400000,36,2150000,2,Profesional,Soltero,1,Si,rechazado
SOL-00845,28/03/2025,PEREIRA,Vivienda,109000000,180,2130000,8,Bach.,CASADO,0,No,en estudio
SOL-00394,2025-05-10,medellin,Libre inversion,22700000,24,$ 3050000,3,Posgrado,Union libre,2,Si,RECHAZADO
SOL-02156,2024-01-05,Barranquilla,Vehiculo,59600000,60,6270000,1,profesional,Casado,2,no,Rechazado
SOL-00350,2025-05-27,barranquilla,Libre inversion,21700000,36,1800000,8,bachiller,casado,0,Si,En estudio
SOL-02573,25/07/2024,cali,Libre inversion,11900000,12,1800000,1,Bachiller,soltero,3,Si,Rechazado
SOL-00785,2024-06-01,barranquilla,Libre inversion,17100000,12,3490000,5,Postgrado,Casado,2,no,En estudio
SOL-00048,08/01/2024,Cartagena,Vehiculo,43800000,48,$ 1890000,5,Tecnico,Divorciado,0,Si,Aprobado
SOL-01979,2024-05-16,Bucaramanga,Vehiculo,36500000,60,1800000,2,Posgrado,divorciado,3,No,Aprobado
SOL-02252,18/02/2024,CARTAGENA,Vivienda,141400000,180,4060000,2,Tecnico,Divorciado,1,Si,Aprobado
SOL-01656,26/12/2024,Pereira,Vivienda,217600000,240,8900000,,Bachiller,casado,4,Si,APROBADO
SOL-02070,2025-04-06,barranquilla,Libre inversion,12700000,12,2110000,4,Bachiller,UNION LIBRE,3,Si,Rechazado
SOL-00403,2025-01-30,PEREIRA,Libre inversion,20200000,24,10170000,5,Posgrado,Union libre,1,Si,Aprobado
SOL-01108,2025-04-06,Cali,Libre inversion,15000000,36,1800000,5,Bach.,SOLTERO,2,No,RECHAZADO
SOL-01155,12/12/2024,Medellin,Libre inversion,14500000,36,2010000,N/A,Profesional,Casado,1,Si,Aprobado
SOL-01440,23/02/2024,Barranquilla,Vehiculo,32200000,60,2470000,4,Prof.,Soltero,3,Si,Rechazado
SOL-02389,2024-12-05,PEREIRA,Vehiculo,33000000,24,5.400.000,6,Tecnico,soltero,0,Si,Rechazado
SOL-02002,2025-03-15,Pereira,Libre inversion,16700000,48,1890000,1,Tecnico,Soltero,1,No,En estudio
SOL-00990,27/03/2025,Bogota,Vivienda,182400000,60,3.000.000,3,Tec.,Soltero,1,0,Aprobado
SOL-01866,08/05/2024,Medellin,Libre inversion,11600000,48,$ 3360000,3,posgrado,union libre,3,No,En estudio
SOL-02790,28/04/2025,MEDELLIN,Vivienda,191100000,240,$ 3350000,5,posgrado,Union libre,2,No,Aprobado
SOL-01311,2024-05-10,Bogota,Libre inversion,17400000,36,3910000,2,Bachiller,Casado,2,0,Aprobado
SOL-00034,02/09/2024,BOGOTA,Libre inversion,13800000,48,1.800.000,5,Profesional,Casado,2,No,APROBADO
SOL-00788,2024-07-26,Bogota,Vehiculo,21000000,48,2810000,1,Bachiller,soltero,0,No,APROBADO
SOL-02972,09/05/2024,Pereira,Libre inversion,21000000,36,2190000,1,tecnico,Soltero,3,0,En estudio
SOL-01044,13/05/2025,bucaramanga,Libre inversion,10400000,48,5130000,6,BACHILLER,Soltero,3,No,Rechazado
SOL-00482,28/02/2025,Bogota,Educacion,7100000,24,3280000,4,POSGRADO,Divorciado,1,Si,aprobado
SOL-01244,2025-03-20,MEDELLIN,Educacion,13000000,12,5750000,2,Profesional,Casado,2,0,APROBADO
SOL-02628,2024-06-05,BOGOTA,Vivienda,138000000,60,1800000,6,Profesional,soltero,4,1,APROBADO
SOL-02530,2024-03-02,Bogotá D.C.,Libre inversion,12700000,12,3730000,3,Profesional,Union libre,2,No,Rechazado
SOL-00932,2024-03-14,Bogota,Libre inversion,19400000,24,$ 2850000,3,BACHILLER,DIVORCIADO,2,si,Aprobado
SOL-02405,07/12/2024,Bogota,Libre inversion,17400000,48,2130000, ,bachiller,UNION LIBRE,0,Si,Rechazado
SOL-01686,04/02/2024,Bucaramanga,Educacion,14000000,36,3510000,0,Profesional,Soltero,3,Si,Aprobado
SOL-01249,2024-11-28,cali,Libre inversion,24300000,24,1800000,3,Profesional,Union libre,3,Si,En estudio
SOL-00760,2024-12-25,Bogota,Vehiculo,43000000,36,4030000,4,Profesional,Union libre,0,Si,APROBADO
SOL-00093,2024-09-15,Bogota,Libre inversion,12900000,12,4180000,7,profesional,union libre,2,Si,Aprobado
SOL-01176,2025-04-16,pereira,Vehiculo,24700000,48,2650000,3,bachiller,casado,1,1,rechazado
SOL-01416,12/11/2024,MEDELLIN,Libre inversion,10600000,48,2380000,8,Tecnico,Union libre,1,no,Aprobado
SOL-01342,2025-06-30,Medellin,Libre inversion,21400000,48,7470000,2,bachiller,Soltero,1,NO,RECHAZADO
SOL-01473,24/02/2024,Medellin,Vivienda,107300000,240,$3.660.000,7,posgrado,Union libre,1,Si,En estudio
SOL-02852,11/06/2025,Medellin,Vehiculo,23000000,48,10650000,5,Profesional,casado,3,No,Rechazado
SOL-02794,27/04/2024,Cartagena,Libre inversion,12400000,12,3790000,2,Tecnico,Union libre,2,No,Rechazado
SOL-02328,2024-01-10,Barranquilla,Libre inversion,10500000,24,4.970.000,0,Prof.,UNION LIBRE,3,No,Rechazado
SOL-01608,31/07/2024,medellin,Vehiculo,57600000,36,5650000,10,Postgrado,Soltero,1,Si,En estudio
SOL-00765,2025-06-09,bogota,Vivienda,199500000,240,5920000,1,Tecnico,casado,1,no,Aprobado
SOL-02653,18/01/2024,Bogota,Vehiculo,46800000,60,4070000,3,Tecnico,Casado,0,Si,Aprobado
SOL-00428,2024-08-15,Bogotá D.C.,Educacion,12400000,24,2630000,2,Profesional,Union libre,0,No,Aprobado
SOL-01374,08/04/2025,CALI,Libre inversion,21400000,48,3500000,2,Postgrado,soltero,0,Si,Rechazado
SOL-01952,2024-07-11,Bucaramanga,Vehiculo,41800000,48,$8.790.000,0,Postgrado,Soltero,2,No,Aprobado
SOL-02449,2024-05-12,medellin,Libre inversion,17100000,12,5310000,5,BACHILLER,Union libre,3,Si,Aprobado
SOL-01729,2024-05-27,Bogotá,Vehiculo,52600000,36,2720000,4,Profesional,Casado,1,No,EN ESTUDIO
SOL-00258,15/09/2024,Medellin,Vehiculo,52900000,48,3970000, ,Profesional,Soltero,2,Si,Aprobado
SOL-00945,2025-03-07,Bogota,Educacion,4100000,24,3680000,4,tecnico,CASADO,1,Si,En estudio
SOL-01220,2024-12-13,Bogotá,Vivienda,149000000,60,4310000,2,tecnico,Divorciado,2,No,rechazado
SOL-01162,06/01/2025,Bogotá D.C.,Vehiculo,56000000,48,3650000,,PROFESIONAL,Casado,0,No,APROBADO
SOL-02543,2024-01-07,Barranquilla,Libre inversion,14200000,48,1.800.000,2,profesional,union libre,3,Sí,Rechazado
SOL-00773,2024-12-05,Bogota,Libre inversion,22000000,48,4140000,12,posgrado,SOLTERO,3,No,En estudio
SOL-02599,18/03/2025,BUCARAMANGA,Libre inversion,10000000,36,4410000,3,TECNICO,Casado,3,Si,Aprobado
SOL-01487,2024-03-20,Medellín,Libre inversion,12600000,24,3110000, ,Bachiller,Union libre,N/A,No,Aprobado
SOL-02250,2024-05-07,Bogota,Vehiculo,21800000,48,$8.090.000,7,Tecnico,casado,3,No,En estudio
SOL-00313,2024-05-12,pereira,Vehiculo,55500000,48,6460000,5,Profesional,Casado,2,No,Rechazado
SOL-00291,12/05/2024,cali,Vehiculo,57500000,36,3290000,,Profesional,casado,1,1,Aprobado
SOL-00764,2024-10-14,Cartagena,Educacion,15700000,12,$1.800.000,0,Tecnico,Soltero,0,No,Aprobado
SOL-02998,21/07/2024,Cartagena,Educacion,10100000,36,$ 1800000,2,Bachiller,Union libre,0,Sí,RECHAZADO
SOL-00184,2024-04-12,Bogota,Vivienda,107000000,60,2400000,3,PROFESIONAL,Union libre,3,No,En estudio
SOL-01177,2024-04-27,medellin,Libre inversion,10600000,24,6570000,3,Profesional,Soltero,0,No,Aprobado
SOL-01350,2024-08-03,bogota,Vehiculo,31800000,60,1900000,N/A,Profesional,SOLTERO,1,1,Rechazado
SOL-02299,2024-11-12,Bucaramanga,Libre inversion,15000000,48,4840000,4,Profesional,Union libre,0,0,RECHAZADO
SOL-02872,05/03/2024,Bogota,Vivienda,174700000,180,1970000,1,POSGRADO,Casado,1,No,En estudio
SOL-01100,2025-04-14,Bogota,Vivienda,92000000,120,7730000,0,Tec.,Soltero,0,Si,Aprobado
SOL-02989,16/06/2024,cali,Educacion,14700000,12,4940000,0,Bachiller,Soltero,1,Si,Aprobado
SOL-00392,2024-09-29,Bogota,Libre inversion,8700000,12,3340000,2,PROFESIONAL,Soltero,0,Sí,Rechazado
SOL-01920,01/05/2024,barranquilla,Vehiculo,40800000,36,5200000,6,Tecnico,Union libre,1,si,Aprobado
SOL-01457,14/02/2024,cali,Vivienda,172200000,60,2210000,9,Profesional,Union libre,0,0,Aprobado
SOL-01093,2024-03-26,Bucaramanga,Vivienda,141300000,180,5230000,2,Postgrado,Soltero,1,0,Rechazado
SOL-02023,2024-08-11,Bucaramanga,Vivienda,165400000,240,1800000,16,tecnico,Casado,1,No,Aprobado
SOL-00905,24/04/2025,Bucaramanga,Educacion,13400000,24,$2.950.000,17,Bachiller,Casado,2,1,rechazado
SOL-02779,26/03/2024,CARTAGENA,Libre inversion,23700000,48,1800000,4,Profesional,Divorciado,1,No,aprobado
SOL-02603,2024-11-12,Bucaramanga,Libre inversion,18800000,12,1840000,8,Bachiller,Divorciado,1,No,Aprobado
SOL-00367,13/03/2024,cartagena,Vivienda,86200000,120,3190000,3,Profesional,Union libre,2,si,en estudio
SOL-00346,06/11/2024,Bucaramanga,Vehiculo,34600000,24,8190000,4,bachiller,Union libre,0,Si,Rechazado
SOL-02584,04/06/2024,CALI,Vivienda,146700000,240,$2.430.000,1,Profesional,Soltero,2,No,Aprobado
SOL-01373,06/09/2024,Medellin,Vehiculo,23100000,24,6080000,9,Posgrado,Soltero,0,Si,Aprobado
SOL-01640,2025-05-29,Cali,Libre inversion,14000000,36,4170000,5,Tecnico,Soltero,1,No,Rechazado
SOL-00920,2024-02-22,medellin,Educacion,4800000,24,6200000,11,Posgrado,Soltero,2,No,Aprobado
SOL-00212,2024-02-07,Medellin,Vehiculo,38800000,36,2410000,12,Profesional,Soltero,1,SI,Aprobado
SOL-01604,2025-01-15,Medellin,Vehiculo,35200000,24,4790000,4,Profesional,CASADO,0,no,Aprobado
SOL-02551,2024-11-04,medellin,Libre inversion,20900000,48,1.950.000,0,BACHILLER,Casado,3,NO,Aprobado
SOL-00538,2025-04-23,Barranquilla,Educacion,16300000,24,3040000,8,Profesional,Casado,0,Si,Rechazado
SOL-01221,2024-04-06,CALI,Vivienda,216600000,180,4770000,4,Profesional,Soltero,2,No,aprobado
SOL-00176,2024-11-24,Medellin,Vivienda,168900000,240,$8.030.000,4,Posgrado,Soltero,3,1,Rechazado
